Incident_ID,Fraud_Type_Code,Victim_District_Code,Time_of_Day_Code,Amount_Bracket_Code,Target_ATM_Zone_Code
INC-10001,0,4,1,0,0
INC-10002,0,0,1,0,0
INC-10003,6,3,1,1,7
INC-10004,0,0,2,0,0
INC-10005,2,10,2,1,7
INC-10006,6,4,1,3,5
INC-10007,1,1,2,0,7
INC-10008,1,2,1,1,2
INC-10009,2,0,0,1,7
INC-10010,7,2,1,1,2
INC-10011,2,9,3,1,4
INC-10012,6,4,0,3,5
INC-10013,5,10,2,2,6
INC-10014,7,2,1,2,9
INC-10015,4,4,1,1,8
INC-10016,0,2,3,1,2
INC-10017,3,0,3,1,1
INC-10018,7,0,1,1,2
INC-10019,5,10,1,3,6
INC-10020,5,0,3,1,6
INC-10021,4,2,1,3,7
INC-10022,5,0,2,2,5
INC-10023,6,5,0,2,5
INC-10024,7,0,2,1,3
INC-10025,1,6,1,0,2
INC-10026,1,10,1,1,2
INC-10027,7,0,1,1,3
INC-10028,0,8,0,1,0
INC-10029,4,10,0,2,2
INC-10030,2,4,0,1,7
INC-10031,4,4,1,1,8
INC-10032,1,0,1,0,2
INC-10033,0,9,1,1,2
INC-10034,5,4,1,2,6
INC-10035,1,1,2,0,7
INC-10036,0,0,2,1,0
INC-10037,2,0,2,2,0
INC-10038,4,1,2,3,7
INC-10039,7,7,1,0,5
INC-10040,0,6,2,1,0
INC-10041,7,7,1,1,7
INC-10042,2,4,1,2,7
INC-10043,1,10,1,0,2
INC-10044,1,3,0,1,7
INC-10045,5,0,2,2,6
INC-10046,1,1,1,0,7
INC-10047,0,3,1,0,0
INC-10048,3,5,3,2,1
INC-10049,2,4,1,1,7
INC-10050,7,0,1,1,2
INC-10051,0,1,2,1,7
INC-10052,5,7,2,3,6
INC-10053,7,3,1,2,9
INC-10054,3,8,3,2,1
INC-10055,5,1,2,2,6
INC-10056,2,0,1,1,0
INC-10057,7,0,1,1,8
INC-10058,4,6,0,2,5
INC-10059,6,4,1,3,9
INC-10060,0,3,0,1,0
INC-10061,2,2,1,2,7
INC-10062,0,6,1,1,0
INC-10063,0,0,0,0,0
INC-10064,2,0,2,1,3
INC-10065,7,3,2,1,7
INC-10066,4,5,1,1,8
INC-10067,4,0,0,2,6
INC-10068,5,10,2,3,6
INC-10069,6,9,1,3,5
INC-10070,1,8,1,0,5
INC-10071,1,1,1,0,7
INC-10072,3,5,3,2,1
INC-10073,5,0,2,2,6
INC-10074,1,2,1,0,2
INC-10075,1,6,2,1,2
INC-10076,1,1,0,1,2
INC-10077,3,8,3,3,1
INC-10078,3,10,3,2,1
INC-10079,7,7,1,0,7
INC-10080,1,9,1,1,2
INC-10081,5,0,1,2,0
INC-10082,5,0,2,3,6
INC-10083,5,3,1,3,6
INC-10084,1,2,1,0,2
INC-10085,1,0,2,0,2
INC-10086,6,0,1,3,5
INC-10087,2,2,0,1,7
INC-10088,6,10,1,3,5
INC-10089,5,10,1,3,6
INC-10090,0,0,2,0,9
INC-10091,4,3,2,1,8
INC-10092,1,9,1,1,2
INC-10093,7,1,2,1,7
INC-10094,1,6,1,0,2
INC-10095,2,3,1,1,7
INC-10096,6,1,1,3,5
INC-10097,5,7,1,2,7
INC-10098,3,3,3,2,1
INC-10099,2,4,1,0,4
INC-10100,4,3,1,1,7
INC-10101,5,6,1,1,4
INC-10102,0,1,1,1,0
INC-10103,5,1,1,3,7
INC-10104,4,0,2,1,8
INC-10105,0,8,1,1,0
INC-10106,6,0,0,3,5
INC-10107,7,2,2,1,9
INC-10108,6,6,0,3,5
INC-10109,4,1,0,3,7
INC-10110,7,6,1,1,9
INC-10111,6,8,0,3,5
INC-10112,2,0,0,1,3
INC-10113,7,7,1,0,0
INC-10114,5,4,2,3,6
INC-10115,1,0,1,1,2
INC-10116,7,5,2,1,9
INC-10117,3,1,3,3,1
INC-10118,7,0,2,2,2
INC-10119,7,0,1,2,9
INC-10120,6,6,1,3,9
INC-10121,0,4,2,0,0
INC-10122,2,0,0,0,3
INC-10123,4,0,2,3,5
INC-10124,2,8,1,0,4
INC-10125,1,0,1,1,2
INC-10126,0,4,2,1,0
INC-10127,2,8,1,1,7
INC-10128,5,10,3,3,1
INC-10129,7,0,1,1,2
INC-10130,2,4,0,1,7
INC-10131,0,3,1,0,0
INC-10132,5,4,2,1,9
INC-10133,0,4,2,1,0
INC-10134,2,0,2,1,3
INC-10135,0,6,1,0,0
INC-10136,0,6,1,1,0
INC-10137,4,1,1,0,7
INC-10138,3,0,3,2,1
INC-10139,0,8,2,0,0
INC-10140,0,1,1,0,0
INC-10141,1,8,1,1,2
INC-10142,0,6,1,1,0
INC-10143,0,4,1,0,0
INC-10144,3,4,3,2,1
INC-10145,3,1,3,2,1
INC-10146,0,2,0,1,2
INC-10147,6,3,1,3,7
INC-10148,0,0,2,0,0
INC-10149,7,5,1,1,4
INC-10150,4,0,1,3,5
INC-10151,5,5,1,3,6
INC-10152,2,5,2,1,4
INC-10153,7,5,2,2,4
INC-10154,7,0,1,1,0
INC-10155,0,8,2,1,0
INC-10156,0,3,1,0,0
INC-10157,5,1,2,3,7
INC-10158,7,6,1,1,9
INC-10159,7,3,2,2,7
INC-10160,5,9,1,3,6
INC-10161,1,10,1,0,2
INC-10162,2,10,2,0,7
INC-10163,6,0,0,3,5
INC-10164,6,0,1,3,5
INC-10165,1,0,1,1,2
INC-10166,3,0,3,1,1
INC-10167,5,0,3,3,6
INC-10168,5,2,0,3,6
INC-10169,0,6,1,1,0
INC-10170,6,4,1,2,5
INC-10171,7,0,2,1,3
INC-10172,0,8,1,1,0
INC-10173,2,9,1,2,4
INC-10174,2,1,0,2,7
INC-10175,5,1,2,2,7
INC-10176,7,10,1,0,9
INC-10177,5,8,1,3,6
INC-10178,7,5,1,1,7
INC-10179,7,0,1,0,2
INC-10180,3,0,3,3,1
INC-10181,0,0,3,1,0
INC-10182,4,5,1,2,5
INC-10183,7,0,1,2,5
INC-10184,0,10,0,1,0
INC-10185,6,6,2,2,5
INC-10186,4,7,1,2,7
INC-10187,0,0,1,0,0
INC-10188,7,0,1,1,2
INC-10189,5,0,2,3,6
INC-10190,6,10,0,3,5
INC-10191,1,4,1,1,2
INC-10192,0,5,1,1,0
INC-10193,2,0,1,1,0
INC-10194,0,0,1,0,0
INC-10195,2,3,1,1,7
INC-10196,2,0,1,1,3
INC-10197,5,8,2,3,6
INC-10198,0,0,1,1,0
INC-10199,4,7,0,2,5
INC-10200,0,6,1,1,0
INC-10201,4,2,1,2,7
INC-10202,4,7,1,3,7
INC-10203,7,0,1,2,8
INC-10204,3,2,3,2,1
INC-10205,0,10,1,0,0
INC-10206,3,4,3,2,1
INC-10207,7,1,1,1,7
INC-10208,1,10,2,0,7
INC-10209,4,2,1,3,1
INC-10210,6,0,0,2,5
INC-10211,1,2,2,1,2
INC-10212,4,4,0,2,5
INC-10213,7,10,1,1,9
INC-10214,0,0,1,1,0
INC-10215,0,8,3,1,0
INC-10216,4,0,1,3,8
INC-10217,1,2,1,1,2
INC-10218,1,0,0,1,2
INC-10219,2,0,3,0,4
INC-10220,6,0,1,3,5
INC-10221,1,0,1,0,2
INC-10222,1,9,1,1,2
INC-10223,3,3,3,2,1
INC-10224,2,3,0,2,7
INC-10225,3,0,3,1,1
INC-10226,2,0,1,1,3
INC-10227,6,7,0,3,5
INC-10228,1,2,0,0,2
INC-10229,6,1,1,3,7
INC-10230,4,0,1,2,0
INC-10231,2,5,1,1,4
INC-10232,2,7,2,1,4
INC-10233,5,1,1,3,6
INC-10234,1,10,1,1,2
INC-10235,7,8,1,1,9
INC-10236,7,2,1,2,9
INC-10237,0,0,1,1,0
INC-10238,2,0,1,1,3
INC-10239,2,1,2,1,4
INC-10240,4,7,0,2,7
INC-10241,7,9,2,0,7
INC-10242,2,0,1,1,3
INC-10243,0,2,1,2,2
INC-10244,6,0,0,3,5
INC-10245,1,0,1,1,2
INC-10246,7,7,1,1,5
INC-10247,0,3,3,1,7
INC-10248,0,0,0,1,0
INC-10249,5,4,2,3,1
INC-10250,4,5,1,2,8
INC-10251,0,0,1,0,0
INC-10252,3,10,3,1,1
INC-10253,2,1,1,1,7
INC-10254,7,10,2,2,9
INC-10255,5,9,2,2,6
INC-10256,6,0,2,3,5
INC-10257,6,1,1,3,5
INC-10258,6,1,1,3,7
INC-10259,7,0,1,1,8
INC-10260,6,4,0,3,5
INC-10261,0,1,1,1,0
INC-10262,4,1,0,2,7
INC-10263,2,0,2,0,7
INC-10264,1,0,0,0,2
INC-10265,1,0,1,1,2
INC-10266,4,0,1,3,5
INC-10267,5,4,1,3,6
INC-10268,2,0,1,1,0
INC-10269,7,3,1,1,7
INC-10270,5,2,2,2,6
INC-10271,7,3,1,2,5
INC-10272,5,0,2,2,6
INC-10273,1,0,1,0,2
INC-10274,5,2,3,3,6
INC-10275,0,10,1,0,0
INC-10276,3,5,2,1,5
INC-10277,1,10,0,0,2
INC-10278,5,0,3,3,6
INC-10279,1,5,2,1,2
INC-10280,0,0,1,1,2
INC-10281,2,3,1,2,7
INC-10282,0,0,0,0,0
INC-10283,2,3,1,1,7
INC-10284,0,0,1,1,0
INC-10285,7,7,1,1,7
INC-10286,0,0,1,1,0
INC-10287,6,6,0,3,5
INC-10288,6,6,0,3,5
INC-10289,3,10,3,1,1
INC-10290,5,6,2,3,9
INC-10291,1,1,1,1,2
INC-10292,0,5,2,1,7
INC-10293,2,0,2,1,3
INC-10294,5,2,3,3,6
INC-10295,0,0,1,1,0
INC-10296,1,3,0,0,2
INC-10297,6,0,1,3,5
INC-10298,0,9,3,1,0
INC-10299,7,0,1,1,0
INC-10300,6,4,1,3,5
INC-10301,1,0,0,1,2
INC-10302,2,0,0,1,3
INC-10303,7,7,1,1,2
INC-10304,4,5,1,1,8
INC-10305,4,6,2,2,5
INC-10306,4,3,1,2,7
INC-10307,0,4,1,1,0
INC-10308,3,0,3,2,1
INC-10309,4,8,1,2,8
INC-10310,1,0,0,0,2
INC-10311,5,1,1,3,6
INC-10312,5,1,1,3,7
INC-10313,2,0,1,1,3
INC-10314,5,5,2,2,6
INC-10315,7,6,0,2,9
INC-10316,5,0,3,3,6
INC-10317,0,0,1,1,0
INC-10318,2,0,0,2,7
INC-10319,7,0,2,1,3
INC-10320,7,7,0,2,7
INC-10321,0,3,1,0,0
INC-10322,7,10,1,2,9
INC-10323,1,1,2,0,7
INC-10324,1,6,3,0,9
INC-10325,1,0,1,1,2
INC-10326,5,2,1,2,6
INC-10327,6,0,1,3,5
INC-10328,4,6,0,1,8
INC-10329,1,0,0,0,2
INC-10330,0,8,2,1,0
INC-10331,0,10,1,1,0
INC-10332,0,7,2,0,0
INC-10333,5,4,2,3,6
INC-10334,6,9,0,3,5
INC-10335,5,0,1,2,5
INC-10336,5,4,2,3,6
INC-10337,3,8,3,2,1
INC-10338,2,6,1,1,9
INC-10339,1,7,1,1,2
INC-10340,1,0,2,1,2
INC-10341,2,10,3,2,4
INC-10342,5,3,1,2,7
INC-10343,0,2,1,0,9
INC-10344,7,5,1,2,4
INC-10345,2,3,1,0,7
INC-10346,0,0,2,1,2
INC-10347,4,8,1,2,8
INC-10348,7,5,1,2,9
INC-10349,6,0,1,3,5
INC-10350,2,0,2,1,4
INC-10351,1,0,1,0,6
INC-10352,3,8,3,1,1
INC-10353,6,0,1,3,5
INC-10354,4,6,0,3,5
INC-10355,0,10,0,1,0
INC-10356,7,3,1,1,7
INC-10357,0,0,2,0,0
INC-10358,1,0,2,0,2
INC-10359,2,4,1,1,3
INC-10360,1,0,1,0,2
INC-10361,4,10,1,2,8
INC-10362,1,0,2,0,2
INC-10363,7,1,1,1,7
INC-10364,4,10,0,3,8
INC-10365,4,3,1,3,9
INC-10366,4,0,2,2,5
INC-10367,2,3,1,1,7
INC-10368,4,1,1,3,7
INC-10369,1,2,1,0,2
INC-10370,1,0,2,1,2
INC-10371,6,0,1,3,5
INC-10372,2,5,1,1,4
INC-10373,0,0,0,1,0
INC-10374,0,0,1,1,0
INC-10375,1,7,0,1,2
INC-10376,1,0,1,1,2
INC-10377,0,0,1,1,0
INC-10378,2,1,1,1,7
INC-10379,5,2,2,3,6
INC-10380,1,0,1,0,2
INC-10381,1,2,2,0,2
INC-10382,3,0,3,1,1
INC-10383,5,5,3,3,6
INC-10384,3,0,3,2,1
INC-10385,6,1,1,3,5
INC-10386,0,0,1,1,0
INC-10387,2,8,0,1,7
INC-10388,7,10,1,2,9
INC-10389,0,4,0,1,0
INC-10390,6,0,0,3,5
INC-10391,4,0,2,3,8
INC-10392,6,0,1,2,5
INC-10393,1,7,1,0,2
INC-10394,6,2,2,2,3
INC-10395,3,0,3,1,1
INC-10396,7,0,1,1,0
INC-10397,1,0,0,1,6
INC-10398,5,4,2,2,6
INC-10399,6,4,2,3,5
INC-10400,1,2,1,1,0
INC-10401,7,2,0,2,9
INC-10402,0,0,2,1,0
INC-10403,6,0,0,3,5
INC-10404,4,1,0,3,7
INC-10405,2,0,2,2,5
INC-10406,7,5,0,2,9
INC-10407,2,1,1,0,7
INC-10408,7,2,0,1,8
INC-10409,5,3,1,1,6
INC-10410,7,7,0,1,7
INC-10411,6,0,1,3,5
INC-10412,3,0,3,2,1
INC-10413,0,4,1,1,0
INC-10414,5,0,1,3,5
INC-10415,0,2,0,1,0
INC-10416,0,1,1,1,2
INC-10417,0,4,1,1,0
INC-10418,7,1,1,2,9
INC-10419,0,3,2,1,0
INC-10420,6,0,1,2,5
INC-10421,6,9,2,3,7
INC-10422,7,4,2,1,9
INC-10423,1,4,1,0,6
INC-10424,2,5,1,0,4
INC-10425,2,8,0,0,4
INC-10426,0,6,1,0,0
INC-10427,2,3,1,1,7
INC-10428,6,2,1,3,1
INC-10429,6,0,1,2,5
INC-10430,6,3,1,2,5
INC-10431,0,6,1,0,0
INC-10432,7,2,2,0,9
INC-10433,2,3,1,1,7
INC-10434,2,3,2,1,7
INC-10435,3,4,3,2,1
INC-10436,4,9,2,2,7
INC-10437,1,3,2,1,2
INC-10438,5,0,3,2,6
INC-10439,6,5,1,3,5
INC-10440,0,5,0,1,0
INC-10441,1,3,1,0,2
INC-10442,0,0,0,1,0
INC-10443,1,2,1,1,2
INC-10444,3,4,3,2,1
INC-10445,7,5,1,2,9
INC-10446,4,0,2,2,5
INC-10447,6,9,0,2,5
INC-10448,6,7,2,3,7
INC-10449,0,0,1,1,0
INC-10450,7,4,1,1,9
INC-10451,2,0,1,0,0
INC-10452,5,1,2,2,7
INC-10453,6,4,0,3,5
INC-10454,3,0,3,1,1
INC-10455,7,3,1,1,7
INC-10456,0,2,0,1,0
INC-10457,0,1,1,1,7
INC-10458,3,0,3,1,1
INC-10459,7,9,1,0,2
INC-10460,0,3,1,1,0
INC-10461,2,0,1,1,3
INC-10462,0,0,1,0,0
INC-10463,5,7,1,2,7
INC-10464,0,0,0,1,0
INC-10465,0,0,1,1,4
INC-10466,3,4,3,2,1
INC-10467,0,2,2,1,0
INC-10468,1,0,1,1,2
INC-10469,4,9,1,3,7
INC-10470,5,9,2,3,7
INC-10471,6,3,1,3,5
INC-10472,1,8,1,1,2
INC-10473,0,0,1,1,0
INC-10474,1,3,1,1,2
INC-10475,4,3,1,1,8
INC-10476,6,0,0,2,5
INC-10477,2,1,1,1,7
INC-10478,7,0,0,1,0
INC-10479,2,9,1,1,7
INC-10480,6,0,1,3,5
INC-10481,2,5,3,1,4
INC-10482,4,1,1,2,5
INC-10483,2,3,1,1,7
INC-10484,3,0,3,2,1
INC-10485,1,7,1,0,2
INC-10486,4,2,0,1,5
INC-10487,7,0,0,1,5
INC-10488,2,6,0,1,5
INC-10489,7,5,1,1,9
INC-10490,6,7,1,3,5
INC-10491,4,6,1,1,8
INC-10492,7,10,1,1,9
INC-10493,2,0,2,2,4
INC-10494,5,0,1,2,6
INC-10495,4,2,1,2,5
INC-10496,3,1,3,2,1
INC-10497,2,1,2,0,4
INC-10498,7,0,1,1,0
INC-10499,2,3,0,1,7
INC-10500,2,0,2,1,1
INC-10501,5,3,1,3,6
INC-10502,3,4,3,3,1
INC-10503,7,1,1,0,4
INC-10504,7,1,2,2,7
INC-10505,0,0,1,1,0
INC-10506,0,1,1,1,0
INC-10507,0,4,1,1,0
INC-10508,6,0,1,1,5
INC-10509,1,3,2,0,3
INC-10510,5,3,2,2,6
INC-10511,0,0,1,1,0
INC-10512,6,2,1,3,5
INC-10513,7,0,1,1,3
INC-10514,4,0,1,2,8
INC-10515,6,6,1,3,5
INC-10516,4,0,0,1,2
INC-10517,5,0,1,3,6
INC-10518,6,2,1,3,7
INC-10519,0,2,2,1,0
INC-10520,1,10,0,1,2
INC-10521,2,5,1,1,3
INC-10522,0,4,2,1,0
INC-10523,1,0,2,0,0
INC-10524,6,0,1,3,5
INC-10525,5,4,1,3,9
INC-10526,5,0,2,2,6
INC-10527,4,2,1,2,7
INC-10528,1,0,1,0,0
INC-10529,4,8,1,2,5
INC-10530,6,5,1,2,5
INC-10531,6,0,1,2,5
INC-10532,2,4,1,1,7
INC-10533,1,9,2,0,2
INC-10534,7,6,2,2,9
INC-10535,7,0,0,2,7
INC-10536,4,4,1,3,7
INC-10537,7,4,1,1,9
INC-10538,2,1,1,2,7
INC-10539,4,0,1,2,8
INC-10540,0,0,0,0,0
INC-10541,2,0,2,1,4
INC-10542,0,2,2,0,0
INC-10543,7,1,1,2,9
INC-10544,4,6,0,1,8
INC-10545,6,8,1,2,6
INC-10546,4,0,1,1,8
INC-10547,3,3,3,1,1
INC-10548,4,6,1,1,8
INC-10549,2,0,1,1,8
INC-10550,2,6,0,2,7
INC-10551,5,0,1,3,6
INC-10552,1,9,0,1,7
INC-10553,6,9,0,3,5
INC-10554,6,0,1,2,5
INC-10555,5,3,1,1,7
INC-10556,0,10,1,1,0
INC-10557,5,8,3,2,6
INC-10558,3,2,2,3,1
INC-10559,0,6,1,1,0
INC-10560,2,0,3,2,4
INC-10561,5,9,3,1,6
INC-10562,2,3,1,1,7
INC-10563,5,0,2,3,6
INC-10564,7,3,1,0,9
INC-10565,6,0,1,3,5
INC-10566,6,0,0,3,5
INC-10567,0,0,0,1,0
INC-10568,3,1,3,1,1
INC-10569,7,6,0,2,9
INC-10570,1,2,0,0,2
INC-10571,4,9,1,2,7
INC-10572,0,7,1,2,0
INC-10573,0,4,1,0,0
INC-10574,7,0,2,1,3
INC-10575,4,0,1,3,5
INC-10576,5,3,1,2,6
INC-10577,3,0,3,1,1
INC-10578,6,1,1,3,7
INC-10579,2,5,2,1,4
INC-10580,6,0,1,1,5
INC-10581,3,3,3,1,1
INC-10582,6,3,0,2,5
INC-10583,2,4,0,0,8
INC-10584,4,5,0,3,7
INC-10585,2,0,0,1,3
INC-10586,6,0,1,3,5
INC-10587,4,5,1,3,7
INC-10588,1,8,1,1,2
INC-10589,3,4,3,1,9
INC-10590,6,2,0,3,5
INC-10591,5,3,1,1,7
INC-10592,2,5,1,1,3
INC-10593,7,5,1,2,9
INC-10594,7,7,1,0,7
INC-10595,6,5,1,3,7
INC-10596,6,4,1,3,5
INC-10597,2,0,1,1,3
INC-10598,2,0,0,0,0
INC-10599,7,0,1,2,9
INC-10600,3,5,3,2,1
INC-10601,0,8,1,1,0
INC-10602,1,0,1,0,2
INC-10603,4,10,1,1,8
INC-10604,2,0,1,2,0
INC-10605,2,0,2,1,3
INC-10606,6,0,1,3,5
INC-10607,6,0,0,3,5
INC-10608,0,10,1,1,0
INC-10609,0,2,1,0,0
INC-10610,0,0,2,1,0
INC-10611,2,1,1,1,7
INC-10612,2,5,1,2,4
INC-10613,4,9,1,2,7
INC-10614,0,10,2,0,0
INC-10615,1,0,1,0,2
INC-10616,2,3,0,1,7
INC-10617,2,10,0,0,8
INC-10618,4,1,1,1,8
INC-10619,4,1,1,2,7
INC-10620,4,0,1,3,5
INC-10621,0,0,1,1,0
INC-10622,6,7,1,3,7
INC-10623,2,7,1,1,2
INC-10624,4,1,2,2,7
INC-10625,6,0,1,3,5
INC-10626,1,4,1,1,2
INC-10627,4,9,1,0,8
INC-10628,6,10,0,3,5
INC-10629,0,2,3,0,0
INC-10630,0,0,1,1,0
INC-10631,0,0,0,1,0
INC-10632,6,2,1,3,5
INC-10633,6,10,1,3,5
INC-10634,6,0,1,2,5
INC-10635,3,5,3,1,1
INC-10636,4,0,0,3,5
INC-10637,1,4,2,0,2
INC-10638,6,5,1,3,7
INC-10639,2,0,1,1,3
INC-10640,0,0,1,1,0
INC-10641,4,0,1,2,8
INC-10642,1,0,0,1,2
INC-10643,0,0,1,1,0
INC-10644,7,0,1,1,3
INC-10645,7,4,0,2,9
INC-10646,0,9,2,1,0
INC-10647,5,0,1,3,6
INC-10648,7,0,1,2,5
INC-10649,0,0,1,2,0
INC-10650,6,2,0,3,5
INC-10651,0,1,1,1,7
INC-10652,5,0,1,3,6
INC-10653,2,0,1,1,2
INC-10654,1,6,1,0,9
INC-10655,0,4,2,1,0
INC-10656,0,7,2,1,0
INC-10657,6,7,0,3,7
INC-10658,0,0,1,0,0
INC-10659,7,1,0,0,7
INC-10660,0,2,0,0,0
INC-10661,3,7,3,1,1
INC-10662,4,5,1,3,5
INC-10663,1,0,1,0,2
INC-10664,1,4,0,0,2
INC-10665,7,0,1,0,0
INC-10666,7,6,2,1,9
INC-10667,2,3,2,1,7
INC-10668,6,6,0,3,5
INC-10669,3,9,3,1,1
INC-10670,5,0,2,1,5
INC-10671,0,0,2,1,0
INC-10672,3,8,3,3,1
INC-10673,4,0,1,3,5
INC-10674,3,0,2,2,1
INC-10675,4,0,1,0,8
INC-10676,0,10,0,1,0
INC-10677,7,6,2,1,9
INC-10678,2,9,1,0,4
INC-10679,6,8,2,2,5
INC-10680,0,2,1,1,0
INC-10681,0,0,2,1,0
INC-10682,2,0,1,1,2
INC-10683,6,2,1,3,5
INC-10684,7,7,2,2,4
INC-10685,0,1,0,1,0
INC-10686,3,8,3,2,9
INC-10687,6,1,0,1,5
INC-10688,5,0,2,2,6
INC-10689,1,9,1,1,2
INC-10690,7,0,1,1,2
INC-10691,0,0,0,0,0
INC-10692,0,10,3,1,0
INC-10693,0,2,1,1,0
INC-10694,7,0,1,2,9
INC-10695,3,0,3,1,9
INC-10696,0,0,1,1,0
INC-10697,6,0,2,3,5
INC-10698,7,4,1,2,9
INC-10699,2,0,1,1,3
INC-10700,0,1,2,1,7
INC-10701,7,0,1,1,8
INC-10702,7,1,1,1,7
INC-10703,1,7,2,0,2
INC-10704,0,2,1,0,2
INC-10705,1,4,2,0,4
INC-10706,4,6,1,2,8
INC-10707,0,6,1,0,0
INC-10708,2,0,2,1,0
INC-10709,0,6,1,0,0
INC-10710,2,5,1,1,4
INC-10711,2,2,0,2,7
INC-10712,0,2,2,1,0
INC-10713,7,1,2,1,7
INC-10714,0,8,0,0,0
INC-10715,6,6,0,2,5
INC-10716,0,9,0,0,0
INC-10717,5,0,2,1,5
INC-10718,6,2,1,3,5
INC-10719,7,5,1,1,0
INC-10720,2,5,1,1,7
INC-10721,1,0,3,0,2
INC-10722,1,1,0,1,7
INC-10723,3,10,3,2,1
INC-10724,0,1,1,1,0
INC-10725,5,1,2,3,6
INC-10726,7,3,2,0,9
INC-10727,4,2,1,2,5
INC-10728,1,2,0,1,2
INC-10729,5,1,1,2,6
INC-10730,3,0,3,2,1
INC-10731,0,8,2,1,0
INC-10732,1,8,1,1,2
INC-10733,5,5,2,3,6
INC-10734,2,3,2,1,7
INC-10735,6,1,1,3,5
INC-10736,0,1,1,0,0
INC-10737,0,0,1,0,0
INC-10738,4,5,1,3,7
INC-10739,2,5,2,1,4
INC-10740,6,2,1,3,5
INC-10741,1,1,0,1,7
INC-10742,4,3,1,2,5
INC-10743,1,3,1,0,2
INC-10744,6,5,0,3,7
INC-10745,6,4,2,3,9
INC-10746,1,2,2,1,7
INC-10747,6,1,0,3,5
INC-10748,6,0,1,3,5
INC-10749,0,0,1,1,0
INC-10750,0,6,1,1,0
INC-10751,0,4,1,1,0
INC-10752,7,7,1,2,9
INC-10753,6,7,1,3,7
INC-10754,2,10,1,1,4
INC-10755,5,1,3,3,6
INC-10756,4,10,1,3,8
INC-10757,5,1,2,3,7
INC-10758,2,9,1,2,4
INC-10759,0,8,1,1,0
INC-10760,6,0,1,3,5
INC-10761,1,0,1,0,2
INC-10762,0,0,1,1,0
INC-10763,4,0,0,1,8
INC-10764,7,1,2,1,7
INC-10765,2,0,1,1,3
INC-10766,4,3,0,1,7
INC-10767,4,4,2,1,5
INC-10768,7,6,1,2,9
INC-10769,0,2,1,1,7
INC-10770,0,1,1,0,0
INC-10771,0,4,2,1,7
INC-10772,4,1,1,1,5
INC-10773,7,9,1,1,0
INC-10774,0,5,0,1,0
INC-10775,0,2,1,1,0
INC-10776,1,10,1,0,2
INC-10777,0,1,1,1,7
INC-10778,1,0,1,0,2
INC-10779,5,1,2,3,7
INC-10780,6,0,1,3,5
INC-10781,4,3,0,2,7
INC-10782,5,5,3,2,6
INC-10783,3,5,3,2,1
INC-10784,6,0,2,3,5
INC-10785,6,7,1,3,5
INC-10786,1,0,1,0,2
INC-10787,2,2,1,1,7
INC-10788,3,0,3,1,1
INC-10789,5,0,3,1,6
INC-10790,3,4,3,1,9
INC-10791,6,9,1,3,5
INC-10792,2,2,1,1,7
INC-10793,3,6,3,2,1
INC-10794,6,5,1,3,5
INC-10795,7,0,1,1,6
INC-10796,3,4,3,1,9
INC-10797,5,5,1,2,4
INC-10798,3,0,3,1,1
INC-10799,0,6,0,1,2
INC-10800,3,0,3,1,1
INC-10801,5,4,2,3,6
INC-10802,3,1,3,2,1
INC-10803,4,0,0,2,8
INC-10804,2,9,0,1,7
INC-10805,4,2,2,3,7
INC-10806,5,0,2,3,6
INC-10807,6,0,0,3,5
INC-10808,1,0,0,0,2
INC-10809,3,8,3,2,1
INC-10810,6,10,1,3,5
INC-10811,6,10,1,3,7
INC-10812,4,0,2,3,5
INC-10813,0,6,1,1,0
INC-10814,1,6,1,1,2
INC-10815,1,4,1,1,2
INC-10816,3,1,3,2,2
INC-10817,2,0,0,2,2
INC-10818,7,10,2,2,9
INC-10819,6,0,1,3,5
INC-10820,5,6,2,3,6
INC-10821,2,3,2,1,7
INC-10822,3,3,3,2,1
INC-10823,6,6,0,3,5
INC-10824,7,6,1,1,4
INC-10825,7,5,2,1,4
INC-10826,0,6,0,1,0
INC-10827,0,7,2,0,0
INC-10828,4,1,1,3,7
INC-10829,6,10,0,2,5
INC-10830,6,2,1,3,7
INC-10831,1,1,0,0,2
INC-10832,0,7,0,1,7
INC-10833,0,6,0,1,0
INC-10834,6,9,1,3,5
INC-10835,6,1,1,3,7
INC-10836,7,3,1,2,9
INC-10837,5,4,2,1,7
INC-10838,0,9,0,1,0
INC-10839,3,8,3,2,1
INC-10840,0,0,1,1,0
INC-10841,6,0,2,2,5
INC-10842,1,5,0,0,7
INC-10843,4,0,1,1,8
INC-10844,2,2,1,1,7
INC-10845,5,6,2,2,9
INC-10846,6,10,1,3,5
INC-10847,5,4,3,2,6
INC-10848,4,4,0,2,7
INC-10849,6,5,2,3,7
INC-10850,6,0,0,3,5
INC-10851,5,0,3,3,2
INC-10852,3,5,3,1,4
INC-10853,7,0,1,1,2
INC-10854,0,1,1,0,0
INC-10855,4,7,0,3,8
INC-10856,5,9,2,2,6
INC-10857,6,0,1,3,5
INC-10858,6,9,1,3,5
INC-10859,4,0,2,2,7
INC-10860,2,8,1,0,4
INC-10861,2,0,0,1,3
INC-10862,0,1,0,0,0
INC-10863,0,1,2,1,7
INC-10864,6,7,0,3,5
INC-10865,0,1,2,2,7
INC-10866,3,9,3,1,1
INC-10867,0,1,1,1,0
INC-10868,2,2,0,1,7
INC-10869,0,0,1,0,0
INC-10870,1,4,1,0,2
INC-10871,2,0,1,2,3
INC-10872,2,0,0,1,3
INC-10873,4,7,1,1,8
INC-10874,3,0,3,2,1
INC-10875,0,1,2,1,0
INC-10876,3,5,3,1,4
INC-10877,7,0,0,1,0
INC-10878,7,4,2,1,9
INC-10879,6,0,0,3,5
INC-10880,2,5,0,1,7
INC-10881,0,1,2,1,7
INC-10882,0,8,1,0,0
INC-10883,6,9,1,3,5
INC-10884,7,7,2,2,9
INC-10885,0,4,1,1,0
INC-10886,5,0,3,3,6
INC-10887,3,9,3,1,1
INC-10888,0,3,1,0,0
INC-10889,3,0,3,2,1
INC-10890,5,0,3,2,6
INC-10891,2,0,1,1,3
INC-10892,0,4,1,1,0
INC-10893,7,0,2,2,8
INC-10894,6,0,1,3,5
INC-10895,6,0,2,3,5
INC-10896,0,3,0,1,3
INC-10897,6,1,1,3,5
INC-10898,7,10,2,1,9
INC-10899,0,10,1,1,0
INC-10900,4,0,1,1,8
INC-10901,1,0,1,0,5
INC-10902,0,10,1,1,0
INC-10903,2,0,1,1,3
INC-10904,1,5,0,0,2
INC-10905,7,9,1,1,7
INC-10906,6,8,1,3,5
INC-10907,2,1,1,1,4
INC-10908,1,8,1,1,2
INC-10909,4,10,0,3,1
INC-10910,1,0,0,0,2
INC-10911,6,6,0,3,5
INC-10912,0,2,1,1,0
INC-10913,4,7,0,1,7
INC-10914,0,1,2,1,0
INC-10915,5,3,2,3,6
INC-10916,1,0,0,1,0
INC-10917,1,4,2,1,2
INC-10918,6,2,1,3,5
INC-10919,0,0,0,0,3
INC-10920,1,4,0,1,2
INC-10921,7,3,1,2,9
INC-10922,6,0,2,3,5
INC-10923,2,3,1,1,7
INC-10924,0,6,1,0,0
INC-10925,0,0,0,0,0
INC-10926,1,0,2,1,2
INC-10927,2,8,1,1,7
INC-10928,3,8,3,1,1
INC-10929,7,10,1,0,9
INC-10930,6,0,1,3,5
INC-10931,7,3,2,1,7
INC-10932,3,0,3,2,1
INC-10933,6,1,2,3,5
INC-10934,3,2,3,1,1
INC-10935,0,9,1,1,0
INC-10936,3,1,3,2,1
INC-10937,0,3,1,1,2
INC-10938,2,0,1,1,3
INC-10939,0,4,2,1,0
INC-10940,5,6,2,3,9
INC-10941,1,7,2,0,7
INC-10942,6,8,1,2,5
INC-10943,6,0,0,3,5
INC-10944,3,5,3,2,1
INC-10945,7,0,2,1,0
INC-10946,7,10,2,1,9
INC-10947,1,1,1,0,2
INC-10948,7,0,2,1,0
INC-10949,7,3,1,1,9
INC-10950,7,9,2,2,9
INC-10951,0,0,1,1,0
INC-10952,4,0,1,3,5
INC-10953,0,4,2,1,0
INC-10954,1,5,1,0,2
INC-10955,4,1,1,3,7
INC-10956,1,7,1,1,7
INC-10957,1,4,1,0,2
INC-10958,2,9,1,1,7
INC-10959,6,3,1,2,7
INC-10960,6,9,1,3,7
INC-10961,1,0,1,0,2
INC-10962,2,0,1,1,3
INC-10963,2,0,2,1,3
INC-10964,6,0,1,3,5
INC-10965,6,0,1,3,5
INC-10966,3,5,3,2,1
INC-10967,6,5,0,3,5
INC-10968,7,1,2,1,9
INC-10969,2,2,0,1,7
INC-10970,6,0,1,3,5
INC-10971,5,0,1,2,6
INC-10972,0,8,2,1,0
INC-10973,3,1,3,3,1
INC-10974,1,5,1,0,2
INC-10975,6,5,1,3,5
INC-10976,0,0,1,0,0
INC-10977,6,6,1,2,5
INC-10978,7,0,1,2,8
INC-10979,4,7,1,3,7
INC-10980,0,3,2,1,0
INC-10981,1,0,0,1,2
INC-10982,1,0,1,1,2
INC-10983,2,2,3,2,4
INC-10984,0,0,1,1,0
INC-10985,2,5,1,1,4
INC-10986,7,5,1,1,9
INC-10987,6,4,1,3,5
INC-10988,1,10,1,0,2
INC-10989,6,9,1,2,5
INC-10990,0,6,2,1,0
INC-10991,6,5,1,3,7
INC-10992,5,7,2,3,6
INC-10993,0,2,1,0,0
INC-10994,4,0,0,3,8
INC-10995,5,3,2,3,6
INC-10996,6,0,0,3,5
INC-10997,7,5,1,1,9
INC-10998,7,4,1,2,9
INC-10999,0,1,2,1,7
INC-11000,0,1,0,1,7
INC-11001,1,0,1,0,2
INC-11002,7,9,2,2,7
INC-11003,2,0,1,1,0
INC-11004,0,2,1,0,0
INC-11005,2,1,1,2,4
INC-11006,2,1,2,1,7
INC-11007,2,1,1,0,7
INC-11008,3,2,3,2,1
INC-11009,6,9,0,3,2
INC-11010,1,6,1,1,3
INC-11011,0,0,1,1,0
INC-11012,5,0,2,3,6
INC-11013,5,3,1,2,7
INC-11014,6,0,1,3,5
INC-11015,3,2,3,2,1
INC-11016,0,0,0,0,0
INC-11017,2,4,1,1,3
INC-11018,2,8,1,1,7
INC-11019,4,0,0,1,8
INC-11020,6,8,1,2,5
INC-11021,6,2,0,3,5
INC-11022,3,9,3,2,1
INC-11023,7,0,2,1,0
INC-11024,5,1,1,3,7
INC-11025,0,0,1,0,0
INC-11026,1,5,1,1,2
INC-11027,0,0,2,0,0
INC-11028,1,10,1,0,2
INC-11029,1,8,2,0,2
INC-11030,1,6,0,0,2
INC-11031,4,0,0,2,5
INC-11032,6,7,0,2,7
INC-11033,0,0,0,1,0
INC-11034,0,0,1,1,0
INC-11035,2,4,0,1,1
INC-11036,0,0,2,1,0
INC-11037,6,3,1,1,7
INC-11038,4,2,0,2,5
INC-11039,4,0,0,1,8
INC-11040,0,9,0,1,0
INC-11041,7,5,2,1,4
INC-11042,0,4,2,1,0
INC-11043,0,0,2,1,0
INC-11044,7,0,2,1,5
INC-11045,0,9,1,1,0
INC-11046,7,3,0,1,9
INC-11047,3,2,3,3,1
INC-11048,4,3,1,2,7
INC-11049,2,0,2,0,3
INC-11050,2,9,2,2,4
INC-11051,0,7,2,0,0
INC-11052,5,1,3,3,6
INC-11053,0,0,1,1,0
INC-11054,1,5,1,0,2
INC-11055,5,0,1,3,6
INC-11056,7,7,1,1,7
INC-11057,2,6,1,0,7
INC-11058,5,0,2,3,6
INC-11059,6,1,0,3,5
INC-11060,1,6,1,1,2
INC-11061,0,2,1,0,6
INC-11062,2,0,0,1,3
INC-11063,0,6,1,1,0
INC-11064,7,2,1,0,9
INC-11065,6,2,2,3,5
INC-11066,7,4,1,0,9
INC-11067,3,4,3,2,9
INC-11068,0,2,0,0,0
INC-11069,1,6,1,0,2
INC-11070,2,2,1,1,7
INC-11071,7,8,1,1,9
INC-11072,5,7,1,3,6
INC-11073,5,8,2,2,6
INC-11074,2,10,1,1,2
INC-11075,0,6,1,1,2
INC-11076,4,0,2,2,5
INC-11077,0,0,1,1,0
INC-11078,1,1,2,1,7
INC-11079,7,0,2,1,2
INC-11080,6,3,1,3,7
INC-11081,4,5,1,1,8
INC-11082,7,9,1,1,7
INC-11083,6,10,1,3,5
INC-11084,0,3,1,1,7
INC-11085,1,1,2,0,2
INC-11086,6,1,2,3,5
INC-11087,4,0,1,2,8
INC-11088,7,4,2,2,9
INC-11089,6,2,0,3,5
INC-11090,1,1,1,0,2
INC-11091,2,9,1,1,5
INC-11092,5,0,2,2,6
INC-11093,2,0,2,1,3
INC-11094,0,10,2,1,0
INC-11095,0,10,1,1,0
INC-11096,6,4,1,3,5
INC-11097,2,0,1,1,0
INC-11098,6,0,1,3,5
INC-11099,1,3,2,1,7
INC-11100,0,0,2,2,0
INC-11101,7,0,1,0,0
INC-11102,2,7,1,1,7
INC-11103,1,0,1,1,2
INC-11104,4,2,0,2,7
INC-11105,3,0,3,1,1
INC-11106,5,0,1,2,5
INC-11107,2,7,2,2,4
INC-11108,6,3,1,3,7
INC-11109,6,6,1,3,5
INC-11110,0,0,1,1,0
INC-11111,6,0,0,3,5
INC-11112,0,6,0,0,0
INC-11113,1,0,1,0,2
INC-11114,5,4,1,3,6
INC-11115,3,0,3,2,0
INC-11116,7,0,1,0,2
INC-11117,6,0,1,3,5
INC-11118,1,0,1,1,2
INC-11119,0,0,0,0,0
INC-11120,6,0,1,3,0
INC-11121,1,0,1,0,2
INC-11122,0,2,1,1,0
INC-11123,3,4,3,1,1
INC-11124,1,0,1,0,2
INC-11125,0,10,1,0,0
INC-11126,6,7,1,3,7
INC-11127,7,0,1,1,2
INC-11128,0,0,2,0,0
INC-11129,7,0,0,1,3
INC-11130,2,3,1,1,7
INC-11131,5,0,1,3,6
INC-11132,0,0,0,0,0
INC-11133,1,3,1,1,2
INC-11134,6,0,1,3,5
INC-11135,4,9,1,3,7
INC-11136,3,0,3,3,4
INC-11137,0,6,1,1,0
INC-11138,4,7,1,3,7
INC-11139,6,0,1,3,5
INC-11140,6,2,1,3,5
INC-11141,6,5,2,1,7
INC-11142,4,0,1,3,5
INC-11143,5,8,3,3,6
INC-11144,7,3,1,1,9
INC-11145,7,2,1,2,9
INC-11146,7,0,1,1,0
INC-11147,1,0,0,1,2
INC-11148,7,0,1,2,9
INC-11149,0,10,0,1,0
INC-11150,2,5,2,1,7
INC-11151,7,1,1,2,7
INC-11152,1,0,1,1,2
INC-11153,5,3,1,3,6
INC-11154,0,9,0,1,0
INC-11155,4,1,1,3,5
INC-11156,6,0,1,3,5
INC-11157,1,0,1,0,2
INC-11158,6,0,0,3,5
INC-11159,0,10,1,1,9
INC-11160,3,0,3,2,1
INC-11161,6,7,1,3,7
INC-11162,0,4,1,1,0
INC-11163,5,0,2,3,6
INC-11164,0,7,0,0,0
INC-11165,4,9,2,1,8
INC-11166,2,10,1,2,4
INC-11167,0,0,1,1,0
INC-11168,1,6,2,0,2
INC-11169,5,0,1,3,6
INC-11170,0,7,1,0,0
INC-11171,1,0,2,1,2
INC-11172,7,10,1,0,8
INC-11173,0,4,0,0,0
INC-11174,5,2,2,2,6
INC-11175,5,4,2,2,6
INC-11176,7,5,1,2,4
INC-11177,7,1,2,2,7
INC-11178,1,6,1,0,2
INC-11179,2,7,2,1,7
INC-11180,4,4,1,3,9
INC-11181,1,1,0,1,2
INC-11182,6,2,1,3,5
INC-11183,4,3,1,1,8
INC-11184,1,2,1,0,2
INC-11185,6,0,1,3,5
INC-11186,6,0,1,3,5
INC-11187,7,4,1,1,9
INC-11188,6,1,1,3,5
INC-11189,2,0,1,1,3
INC-11190,5,1,3,3,6
INC-11191,7,5,1,2,9
INC-11192,0,3,1,1,7
INC-11193,7,0,1,1,0
INC-11194,5,5,2,3,4
INC-11195,0,10,1,1,0
INC-11196,0,0,0,1,0
INC-11197,7,4,2,2,9
INC-11198,2,7,1,1,7
INC-11199,1,9,1,1,2
INC-11200,7,2,2,1,7
INC-11201,1,6,0,1,2
INC-11202,4,0,0,2,5
INC-11203,2,0,1,1,3
INC-11204,2,4,0,0,7
INC-11205,0,4,0,1,0
INC-11206,5,0,1,1,5
INC-11207,1,0,1,0,2
INC-11208,6,1,1,3,7
INC-11209,7,10,2,1,9
INC-11210,7,9,1,0,9
INC-11211,0,7,1,1,8
INC-11212,4,2,1,2,8
INC-11213,3,4,3,1,1
INC-11214,2,6,1,1,2
INC-11215,3,1,3,3,1
INC-11216,7,7,1,2,9
INC-11217,2,0,1,0,8
INC-11218,0,2,2,1,0
INC-11219,2,0,3,1,3
INC-11220,5,0,1,2,6
INC-11221,2,6,1,1,4
INC-11222,0,0,2,1,0
INC-11223,5,1,2,2,7
INC-11224,0,2,1,1,0
INC-11225,0,0,2,0,0
INC-11226,7,0,1,1,0
INC-11227,1,8,3,1,7
INC-11228,6,0,0,3,5
INC-11229,0,7,2,0,0
INC-11230,5,9,2,3,6
INC-11231,7,4,1,2,9
INC-11232,6,2,0,3,5
INC-11233,6,9,1,3,5
INC-11234,2,0,1,2,3
INC-11235,5,0,2,1,5
INC-11236,0,0,1,1,0
INC-11237,0,4,1,0,0
INC-11238,1,3,2,0,7
INC-11239,2,0,2,0,3
INC-11240,6,8,1,3,4
INC-11241,2,3,1,1,7
INC-11242,1,2,0,1,2
INC-11243,0,6,1,2,0
INC-11244,2,6,2,1,3
INC-11245,0,0,2,1,0
INC-11246,6,0,0,3,5
INC-11247,0,7,0,0,0
INC-11248,6,0,0,3,5
INC-11249,5,2,3,3,6
INC-11250,2,4,1,1,0
INC-11251,4,10,1,2,5
INC-11252,4,9,0,1,7
INC-11253,7,0,1,1,2
INC-11254,7,7,1,0,8
INC-11255,6,1,1,3,7
INC-11256,2,0,1,0,3
INC-11257,4,0,1,2,8
INC-11258,6,3,2,3,5
INC-11259,0,2,2,0,0
INC-11260,3,7,3,2,1
INC-11261,5,9,1,3,6
INC-11262,4,1,0,2,7
INC-11263,3,5,3,1,1
INC-11264,5,0,1,3,6
INC-11265,4,0,1,3,8
INC-11266,7,6,1,1,9
INC-11267,4,0,1,1,8
INC-11268,1,9,1,0,2
INC-11269,0,2,2,0,0
INC-11270,3,0,3,1,1
INC-11271,2,7,1,0,4
INC-11272,3,1,3,2,1
INC-11273,6,8,1,3,5
INC-11274,6,0,1,1,4
INC-11275,1,1,1,1,2
INC-11276,5,10,3,2,6
INC-11277,0,2,1,1,0
INC-11278,0,9,2,1,0
INC-11279,0,4,1,0,3
INC-11280,7,5,1,2,9
INC-11281,6,1,0,3,7
INC-11282,1,1,1,0,2
INC-11283,0,3,2,1,0
INC-11284,6,0,1,2,5
INC-11285,0,1,1,1,3
INC-11286,5,0,1,2,5
INC-11287,2,0,1,0,3
INC-11288,4,10,1,1,8
INC-11289,3,5,3,2,1
INC-11290,7,0,1,1,2
INC-11291,4,1,1,1,8
INC-11292,2,2,0,2,7
INC-11293,3,7,3,2,1
INC-11294,5,0,2,2,6
INC-11295,7,6,0,1,9
INC-11296,6,4,0,2,5
INC-11297,0,0,2,0,0
INC-11298,1,0,2,1,2
INC-11299,2,3,1,1,7
INC-11300,6,0,1,2,5
INC-11301,2,3,2,1,3
INC-11302,3,1,3,0,1
INC-11303,1,0,1,0,2
INC-11304,3,5,3,1,1
INC-11305,5,0,2,1,0
INC-11306,5,0,1,3,6
INC-11307,3,7,3,1,1
INC-11308,2,0,2,1,9
INC-11309,6,7,0,3,5
INC-11310,4,0,1,2,8
INC-11311,2,0,1,0,3
INC-11312,1,6,0,0,2
INC-11313,5,10,2,2,6
INC-11314,0,0,1,1,0
INC-11315,1,4,0,0,2
INC-11316,4,7,1,3,7
INC-11317,6,2,1,3,5
INC-11318,5,9,0,2,7
INC-11319,5,7,2,1,7
INC-11320,4,3,1,2,7
INC-11321,3,8,3,2,1
INC-11322,0,10,1,1,0
INC-11323,4,0,1,1,8
INC-11324,7,6,1,1,9
INC-11325,7,0,1,1,0
INC-11326,1,1,1,1,7
INC-11327,3,8,3,2,1
INC-11328,6,0,1,3,5
INC-11329,0,0,1,0,0
INC-11330,0,4,1,1,9
INC-11331,3,9,3,2,1
INC-11332,7,0,1,1,0
INC-11333,0,2,1,1,2
INC-11334,5,6,2,2,6
INC-11335,4,5,1,3,7
INC-11336,6,1,1,3,7
INC-11337,0,0,2,0,0
INC-11338,0,4,1,0,0
INC-11339,6,5,1,3,5
INC-11340,0,0,1,0,0
INC-11341,5,0,2,3,6
INC-11342,2,0,0,1,3
INC-11343,6,5,1,3,5
INC-11344,2,8,2,1,7
INC-11345,0,9,1,1,0
INC-11346,0,5,1,0,0
INC-11347,6,7,1,3,5
INC-11348,4,0,1,2,8
INC-11349,1,3,0,1,7
INC-11350,4,0,0,2,5
INC-11351,1,0,2,0,2
INC-11352,0,4,0,0,0
INC-11353,0,0,2,1,0
INC-11354,6,4,0,3,5
INC-11355,1,2,1,1,2
INC-11356,7,10,1,1,9
INC-11357,5,6,1,1,9
INC-11358,1,0,2,0,2
INC-11359,0,0,2,1,0
INC-11360,5,10,1,3,6
INC-11361,6,0,1,3,5
INC-11362,0,9,1,1,0
INC-11363,1,5,1,1,2
INC-11364,0,3,1,0,0
INC-11365,7,5,2,1,9
INC-11366,4,0,0,2,7
INC-11367,3,0,3,3,1
INC-11368,0,0,1,0,0
INC-11369,5,7,2,2,7
INC-11370,0,8,1,1,0
INC-11371,0,6,1,0,0
INC-11372,3,9,3,0,1
INC-11373,2,0,0,0,0
INC-11374,6,7,2,2,7
INC-11375,3,0,3,3,1
INC-11376,6,6,1,3,5
INC-11377,2,0,1,1,3
INC-11378,7,7,1,2,7
INC-11379,0,0,2,1,0
INC-11380,1,0,1,0,2
INC-11381,7,0,2,1,2
INC-11382,2,1,1,1,7
INC-11383,0,6,1,1,0
INC-11384,2,7,0,1,6
INC-11385,1,1,2,0,7
INC-11386,7,2,1,1,7
INC-11387,3,0,3,1,1
INC-11388,6,4,0,3,5
INC-11389,6,9,0,1,5
INC-11390,0,0,1,0,0
INC-11391,4,1,0,2,5
INC-11392,3,0,3,3,1
INC-11393,7,2,1,0,9
INC-11394,6,6,0,2,5
INC-11395,2,0,0,2,3
INC-11396,5,10,2,3,6
INC-11397,6,0,1,3,5
INC-11398,0,0,0,1,0
INC-11399,6,4,1,3,5
INC-11400,6,0,1,3,5
INC-11401,5,4,1,2,6
INC-11402,6,10,1,2,5
INC-11403,0,10,1,1,0
INC-11404,6,5,1,2,5
INC-11405,5,3,1,3,6
INC-11406,4,10,1,3,8
INC-11407,2,3,1,1,7
INC-11408,2,3,1,2,7
INC-11409,0,2,3,2,9
INC-11410,1,3,1,0,7
INC-11411,7,6,1,1,9
INC-11412,0,0,1,1,0
INC-11413,0,4,1,1,0
INC-11414,0,9,1,1,0
INC-11415,0,3,2,1,7
INC-11416,0,0,2,1,0
INC-11417,7,7,0,0,7
INC-11418,1,1,2,1,7
INC-11419,4,4,2,3,7
INC-11420,7,5,1,1,9
INC-11421,0,8,2,1,0
INC-11422,5,0,1,2,1
INC-11423,2,5,1,2,4
INC-11424,6,3,1,3,7
INC-11425,2,0,2,1,7
INC-11426,5,5,1,2,6
INC-11427,7,7,2,2,7
INC-11428,0,3,0,1,0
INC-11429,4,5,2,2,5
INC-11430,2,10,2,1,4
INC-11431,5,0,2,2,6
INC-11432,3,8,3,2,9
INC-11433,7,3,1,1,9
INC-11434,7,1,1,1,2
INC-11435,0,3,2,2,5
INC-11436,1,7,1,0,7
INC-11437,0,3,1,1,0
INC-11438,5,1,2,3,6
INC-11439,6,10,1,3,5
INC-11440,4,2,1,2,7
INC-11441,5,3,3,2,6
INC-11442,2,0,0,0,8
INC-11443,3,4,3,1,9
INC-11444,0,5,0,1,0
INC-11445,2,0,3,1,4
INC-11446,4,0,0,3,5
INC-11447,0,1,1,1,7
INC-11448,7,3,1,0,4
INC-11449,6,8,1,3,5
INC-11450,2,0,1,0,4
INC-11451,3,0,3,2,1
INC-11452,1,1,0,1,2
INC-11453,0,8,2,1,0
INC-11454,2,0,0,1,7
INC-11455,3,2,3,1,1
INC-11456,0,7,2,0,2
INC-11457,0,0,1,1,0
INC-11458,0,3,1,1,2
INC-11459,5,0,2,3,1
INC-11460,5,9,1,3,6
INC-11461,1,0,2,1,2
INC-11462,7,4,0,1,9
INC-11463,4,4,1,2,7
INC-11464,0,0,0,1,0
INC-11465,2,9,1,1,7
INC-11466,1,8,2,0,2
INC-11467,1,0,0,1,2
INC-11468,6,1,1,3,7
INC-11469,4,0,1,3,8
INC-11470,0,9,2,1,0
INC-11471,0,5,2,1,0
INC-11472,0,10,1,1,0
INC-11473,0,0,1,1,0
INC-11474,6,8,1,2,5
INC-11475,5,1,1,2,7
INC-11476,3,9,3,3,1
INC-11477,6,0,1,3,5
INC-11478,2,8,1,2,4
INC-11479,2,1,1,1,7
INC-11480,6,5,1,3,5
INC-11481,3,1,3,2,1
INC-11482,4,0,1,1,8
INC-11483,4,0,2,1,8
INC-11484,0,7,1,0,0
INC-11485,4,9,1,3,7
INC-11486,6,9,0,3,7
INC-11487,2,8,1,2,7
INC-11488,4,0,0,3,5
INC-11489,3,3,3,3,1
INC-11490,0,6,1,1,5
INC-11491,7,0,2,2,9
INC-11492,4,0,2,2,5
INC-11493,7,5,1,0,9
INC-11494,0,8,1,0,0
INC-11495,1,0,1,0,2
INC-11496,0,3,1,2,6
INC-11497,5,1,1,2,7
INC-11498,7,0,1,2,5
INC-11499,2,4,0,1,7
INC-11500,0,0,1,1,0
INC-11501,7,0,1,0,9
INC-11502,5,0,1,2,5
INC-11503,1,5,1,1,2
INC-11504,3,5,3,2,1
INC-11505,1,10,1,1,2
INC-11506,6,8,1,2,5
INC-11507,2,0,1,1,3
INC-11508,0,0,2,1,0
INC-11509,5,6,1,1,9
INC-11510,6,0,1,3,5
INC-11511,0,10,0,1,0
INC-11512,7,7,2,1,7
INC-11513,6,8,1,3,5
INC-11514,0,3,1,0,0
INC-11515,6,0,1,3,5
INC-11516,0,10,0,2,7
INC-11517,1,0,2,1,4
INC-11518,4,0,1,2,8
INC-11519,3,3,3,0,1
INC-11520,7,9,1,2,9
INC-11521,4,6,1,3,8
INC-11522,0,2,0,1,0
INC-11523,7,2,1,2,7
INC-11524,6,0,0,2,5
INC-11525,7,6,1,1,9
INC-11526,6,6,1,2,5
INC-11527,0,0,1,0,0
INC-11528,4,4,1,2,5
INC-11529,1,4,1,1,2
INC-11530,2,1,1,1,7
INC-11531,6,4,1,3,5
INC-11532,0,0,1,0,0
INC-11533,2,0,1,0,0
INC-11534,0,3,0,0,0
INC-11535,4,4,1,1,8
INC-11536,0,10,1,0,0
INC-11537,5,4,3,3,6
INC-11538,4,5,2,2,5
INC-11539,2,0,2,1,3
INC-11540,0,0,0,0,0
INC-11541,2,0,2,0,3
INC-11542,1,3,1,0,2
INC-11543,0,0,2,1,0
INC-11544,2,2,2,1,7
INC-11545,0,0,0,0,0
INC-11546,4,1,0,1,7
INC-11547,5,0,3,2,6
INC-11548,7,4,2,2,9
INC-11549,6,0,1,3,5
INC-11550,1,5,1,0,2
INC-11551,4,10,0,1,8
INC-11552,0,7,2,0,0
INC-11553,6,8,2,3,5
INC-11554,2,0,1,1,3
INC-11555,2,4,1,1,7
INC-11556,2,3,1,1,7
INC-11557,6,6,0,2,5
INC-11558,6,3,1,2,5
INC-11559,7,7,1,2,7
INC-11560,5,0,2,2,6
INC-11561,1,7,1,0,2
INC-11562,6,5,1,3,7
INC-11563,7,0,1,1,3
INC-11564,1,0,2,0,2
INC-11565,5,10,1,1,6
INC-11566,3,0,3,1,1
INC-11567,5,0,3,3,0
INC-11568,0,0,2,0,0
INC-11569,7,0,1,0,5
INC-11570,5,0,0,3,5
INC-11571,2,5,1,2,4
INC-11572,6,2,1,2,5
INC-11573,0,2,2,1,5
INC-11574,6,0,1,3,5
INC-11575,6,0,1,3,5
INC-11576,5,3,2,3,6
INC-11577,7,0,1,1,2
INC-11578,4,0,1,2,8
INC-11579,5,10,1,3,6
INC-11580,6,0,1,2,2
INC-11581,1,2,1,1,2
INC-11582,3,0,3,3,1
INC-11583,6,6,0,3,5
INC-11584,2,0,1,0,3
INC-11585,6,4,1,3,5
INC-11586,4,0,1,2,8
INC-11587,3,1,3,2,1
INC-11588,3,10,3,1,1
INC-11589,3,0,3,1,1
INC-11590,3,0,3,1,1
INC-11591,3,7,3,1,1
INC-11592,2,5,1,1,7
INC-11593,1,5,1,0,2
INC-11594,5,1,1,3,6
INC-11595,2,3,2,0,4
INC-11596,1,1,1,1,2
INC-11597,0,0,2,1,0
INC-11598,0,3,1,0,0
INC-11599,4,0,1,1,8
INC-11600,0,8,1,1,0
INC-11601,7,4,1,0,9
INC-11602,2,0,1,1,4
INC-11603,1,0,1,1,2
INC-11604,3,5,3,2,1
INC-11605,2,5,1,2,4
INC-11606,0,0,2,0,0
INC-11607,2,0,1,1,2
INC-11608,1,9,1,1,2
INC-11609,2,0,1,1,3
INC-11610,3,10,3,1,1
INC-11611,6,1,2,2,5
INC-11612,1,3,0,0,2
INC-11613,3,0,3,1,1
INC-11614,2,2,0,0,7
INC-11615,6,0,0,2,5
INC-11616,1,9,2,0,7
INC-11617,0,0,0,0,0
INC-11618,5,2,2,3,1
INC-11619,6,2,1,3,5
INC-11620,4,6,1,3,5
INC-11621,6,2,1,2,5
INC-11622,0,0,1,1,0
INC-11623,6,3,1,2,5
INC-11624,3,2,3,2,1
INC-11625,7,9,0,1,7
INC-11626,6,0,0,3,5
INC-11627,7,0,2,1,0
INC-11628,5,2,1,2,6
INC-11629,3,0,3,1,1
INC-11630,3,6,3,3,1
INC-11631,7,0,1,0,0
INC-11632,4,0,1,2,5
INC-11633,0,10,1,0,0
INC-11634,5,0,2,3,6
INC-11635,7,3,1,2,9
INC-11636,2,7,2,1,7
INC-11637,6,0,0,2,5
INC-11638,0,0,1,1,0
INC-11639,4,0,1,3,8
INC-11640,0,7,0,1,7
INC-11641,7,10,1,1,9
INC-11642,2,0,0,1,0
INC-11643,7,1,2,2,7
INC-11644,0,0,1,2,0
INC-11645,0,0,0,0,8
INC-11646,0,7,1,0,8
INC-11647,6,3,0,3,5
INC-11648,1,0,1,0,2
INC-11649,5,0,3,3,6
INC-11650,5,2,3,1,1
INC-11651,6,0,1,3,5
INC-11652,7,3,1,1,0
INC-11653,6,0,1,3,5
INC-11654,2,0,1,2,3
INC-11655,7,6,1,1,9
INC-11656,7,4,1,2,9
INC-11657,2,4,2,0,7
INC-11658,6,4,1,3,7
INC-11659,6,10,1,3,5
INC-11660,2,0,2,1,3
INC-11661,2,0,1,1,3
INC-11662,1,9,1,0,2
INC-11663,0,0,2,0,0
INC-11664,6,8,1,3,5
INC-11665,4,3,1,3,8
INC-11666,0,4,1,1,0
INC-11667,1,6,1,1,2
INC-11668,7,0,1,1,2
INC-11669,7,9,1,0,8
INC-11670,0,2,2,1,0
INC-11671,2,6,0,1,7
INC-11672,0,0,1,1,0
INC-11673,6,8,1,3,5
INC-11674,6,4,0,3,9
INC-11675,2,0,0,2,3
INC-11676,6,0,1,1,5
INC-11677,0,3,1,0,8
INC-11678,6,7,0,3,5
INC-11679,5,9,2,3,9
INC-11680,3,1,3,2,1
INC-11681,3,0,3,2,1
INC-11682,4,0,0,2,5
INC-11683,5,3,1,2,6
INC-11684,0,8,1,0,0
INC-11685,3,2,3,1,1
INC-11686,5,0,2,3,1
INC-11687,6,10,2,3,1
INC-11688,6,5,0,3,5
INC-11689,2,3,1,1,7
INC-11690,5,1,1,3,6
INC-11691,4,7,0,3,7
INC-11692,2,0,1,2,3
INC-11693,1,0,1,0,2
INC-11694,5,4,2,3,6
INC-11695,2,10,1,1,3
INC-11696,2,0,0,2,3
INC-11697,0,6,1,1,0
INC-11698,3,0,3,2,1
INC-11699,7,2,1,0,9
INC-11700,0,1,0,1,7
INC-11701,3,2,2,1,1
INC-11702,0,0,1,0,0
INC-11703,5,4,1,3,6
INC-11704,2,8,1,1,4
INC-11705,0,3,0,1,0
INC-11706,4,10,0,3,5
INC-11707,2,9,1,2,7
INC-11708,0,0,2,1,0
INC-11709,4,5,1,2,0
INC-11710,0,0,2,1,0
INC-11711,5,2,3,1,1
INC-11712,6,6,0,2,5
INC-11713,0,0,0,1,0
INC-11714,0,0,1,1,0
INC-11715,0,9,0,1,0
INC-11716,5,0,2,3,6
INC-11717,4,7,0,2,7
INC-11718,1,0,2,1,2
INC-11719,7,9,1,0,9
INC-11720,4,9,0,3,7
INC-11721,3,9,3,2,1
INC-11722,1,0,2,1,2
INC-11723,5,7,2,1,7
INC-11724,1,0,0,1,2
INC-11725,6,0,1,3,5
INC-11726,5,9,3,1,1
INC-11727,6,5,1,3,5
INC-11728,3,3,3,2,1
INC-11729,2,6,1,1,4
INC-11730,1,0,1,0,2
INC-11731,1,3,1,0,2
INC-11732,6,7,0,3,7
INC-11733,4,0,1,2,5
INC-11734,6,0,1,3,5
INC-11735,7,6,1,1,9
INC-11736,0,5,1,1,0
INC-11737,1,4,1,0,2
INC-11738,7,0,1,2,9
INC-11739,6,0,1,2,5
INC-11740,2,10,2,1,3
INC-11741,1,5,2,1,2
INC-11742,6,7,2,3,7
INC-11743,1,0,1,1,2
INC-11744,0,7,0,1,7
INC-11745,1,9,1,1,2
INC-11746,6,5,0,3,5
INC-11747,7,0,0,1,3
INC-11748,1,0,2,1,2
INC-11749,7,0,2,2,9
INC-11750,6,0,0,3,5
INC-11751,3,7,3,0,1
INC-11752,7,0,1,0,9
INC-11753,2,4,0,2,7
INC-11754,1,0,1,1,2
INC-11755,0,7,1,0,0
INC-11756,0,1,1,1,7
INC-11757,0,1,1,1,7
INC-11758,2,6,2,2,9
INC-11759,7,1,2,0,2
INC-11760,1,10,2,1,2
INC-11761,2,3,1,0,4
INC-11762,6,10,2,3,5
INC-11763,2,6,2,1,7
INC-11764,5,0,1,3,6
INC-11765,2,0,1,1,3
INC-11766,7,10,1,1,9
INC-11767,1,6,1,1,2
INC-11768,0,3,1,1,0
INC-11769,0,0,1,1,0
INC-11770,0,0,2,1,0
INC-11771,7,3,1,1,9
INC-11772,7,6,1,0,9
INC-11773,4,5,0,2,8
INC-11774,2,0,1,1,7
INC-11775,6,3,1,2,5
INC-11776,2,6,1,1,2
INC-11777,0,7,2,1,7
INC-11778,1,6,1,0,2
INC-11779,0,4,2,0,0
INC-11780,4,2,1,3,8
INC-11781,5,0,3,3,6
INC-11782,5,0,1,1,6
INC-11783,0,4,1,1,0
INC-11784,0,0,1,1,0
INC-11785,6,1,1,3,5
INC-11786,3,4,2,1,1
INC-11787,3,1,3,2,1
INC-11788,7,0,2,1,0
INC-11789,0,3,2,0,7
INC-11790,2,0,1,1,3
INC-11791,4,2,0,2,5
INC-11792,6,3,1,2,5
INC-11793,0,10,3,0,0
INC-11794,0,2,1,0,0
INC-11795,0,0,1,0,0
INC-11796,3,0,3,3,1
INC-11797,2,0,2,1,3
INC-11798,2,10,1,1,4
INC-11799,2,5,3,1,4
INC-11800,3,9,3,2,1
INC-11801,6,0,1,2,5
INC-11802,4,6,0,2,5
INC-11803,0,6,0,2,0
INC-11804,5,3,2,2,6
INC-11805,6,9,2,3,5
INC-11806,3,5,3,1,4
INC-11807,4,0,2,2,8
INC-11808,1,9,1,1,2
INC-11809,1,4,2,1,2
INC-11810,2,3,1,0,7
INC-11811,0,2,0,2,0
INC-11812,4,0,0,1,5
INC-11813,5,4,3,3,6
INC-11814,1,1,1,1,2
INC-11815,1,0,1,1,2
INC-11816,4,10,1,3,1
INC-11817,2,5,1,1,7
INC-11818,0,10,1,1,0
INC-11819,7,8,1,0,7
INC-11820,0,3,1,0,0
INC-11821,4,0,1,3,8
INC-11822,0,2,1,1,0
INC-11823,2,1,1,0,4
INC-11824,2,5,2,2,4
INC-11825,6,1,2,2,5
INC-11826,0,7,1,1,0
INC-11827,4,3,1,2,5
INC-11828,4,2,1,3,8
INC-11829,6,10,1,3,5
INC-11830,3,0,3,1,1
INC-11831,6,10,1,3,5
INC-11832,7,9,1,2,7
INC-11833,1,0,1,1,2
INC-11834,7,8,2,2,9
INC-11835,3,2,3,2,1
INC-11836,3,8,3,1,9
INC-11837,5,1,2,3,5
INC-11838,7,0,2,1,0
INC-11839,0,0,0,0,4
INC-11840,7,6,1,1,9
INC-11841,6,3,1,3,5
INC-11842,1,2,1,1,2
INC-11843,4,0,1,2,8
INC-11844,6,0,2,3,5
INC-11845,5,1,2,2,6
INC-11846,4,0,1,2,8
INC-11847,6,0,1,2,5
INC-11848,7,1,2,2,7
INC-11849,6,0,1,3,5
INC-11850,4,10,0,1,8
INC-11851,6,1,1,3,5
INC-11852,5,0,2,3,6
INC-11853,7,10,1,1,2
INC-11854,6,1,0,3,5
INC-11855,4,3,1,3,7
INC-11856,6,0,1,3,5
INC-11857,6,7,1,3,5
INC-11858,0,1,2,1,0
INC-11859,4,8,0,3,7
INC-11860,1,0,1,0,2
INC-11861,3,1,3,1,1
INC-11862,6,4,0,2,5
INC-11863,0,6,2,0,0
INC-11864,0,0,1,0,0
INC-11865,6,9,1,2,5
INC-11866,3,4,3,3,1
INC-11867,0,0,1,1,0
INC-11868,0,0,1,1,0
INC-11869,7,1,2,2,4
INC-11870,4,4,1,1,1
INC-11871,0,0,1,1,0
INC-11872,7,0,2,2,0
INC-11873,0,1,1,0,0
INC-11874,0,5,1,1,0
INC-11875,0,10,2,0,0
INC-11876,1,5,0,0,2
INC-11877,5,9,1,2,4
INC-11878,0,1,1,0,0
INC-11879,0,0,0,0,0
INC-11880,6,9,0,3,5
INC-11881,0,1,0,0,0
INC-11882,5,0,2,3,5
INC-11883,5,0,2,2,5
INC-11884,2,0,0,0,0
INC-11885,2,3,1,1,1
INC-11886,6,10,1,3,5
INC-11887,2,1,0,1,7
INC-11888,7,0,1,1,0
INC-11889,3,0,3,2,1
INC-11890,7,3,1,0,9
INC-11891,7,0,2,0,0
INC-11892,4,4,2,2,8
INC-11893,3,0,3,2,1
INC-11894,7,9,1,1,9
INC-11895,6,7,0,3,7
INC-11896,0,1,2,1,0
INC-11897,3,2,3,2,1
INC-11898,0,4,1,1,0
INC-11899,6,5,1,3,7
INC-11900,7,0,1,2,5
INC-11901,6,7,2,3,7
INC-11902,7,0,1,2,9
INC-11903,4,9,0,1,7
INC-11904,6,0,1,3,5
INC-11905,7,0,1,1,3
INC-11906,3,2,3,2,9
INC-11907,2,0,1,1,3
INC-11908,3,1,3,2,1
INC-11909,0,1,1,1,7
INC-11910,7,4,1,2,9
INC-11911,4,0,1,1,8
INC-11912,2,0,2,0,3
INC-11913,0,3,2,2,7
INC-11914,2,0,1,2,2
INC-11915,0,0,0,1,0
INC-11916,6,6,1,3,5
INC-11917,3,0,2,1,1
INC-11918,2,2,1,1,7
INC-11919,0,0,1,0,0
INC-11920,2,6,1,2,7
INC-11921,4,0,1,3,8
INC-11922,0,7,1,0,0
INC-11923,0,0,1,1,0
INC-11924,4,1,2,2,7
INC-11925,7,3,0,2,7
INC-11926,3,5,3,1,1
INC-11927,2,2,1,1,7
INC-11928,2,0,0,1,3
INC-11929,0,1,1,0,0
INC-11930,0,0,3,1,0
INC-11931,2,1,0,1,7
INC-11932,6,1,1,3,5
INC-11933,3,0,3,2,1
INC-11934,0,1,2,1,0
INC-11935,4,0,0,1,8
INC-11936,1,0,2,1,2
INC-11937,2,0,0,0,0
INC-11938,6,9,0,3,7
INC-11939,4,9,1,1,8
INC-11940,0,0,2,1,0
INC-11941,5,0,2,3,6
INC-11942,1,0,2,1,2
INC-11943,2,2,0,1,7
INC-11944,4,0,1,3,8
INC-11945,2,5,1,1,4
INC-11946,0,8,0,1,0
INC-11947,7,6,2,1,9
INC-11948,0,0,1,1,0
INC-11949,4,0,0,3,8
INC-11950,0,5,3,1,7
INC-11951,2,9,1,1,3
INC-11952,2,5,1,1,7
INC-11953,7,0,1,2,5
INC-11954,0,1,1,1,0
INC-11955,7,4,1,2,9
INC-11956,2,3,1,1,7
INC-11957,2,10,0,1,7
INC-11958,0,1,1,0,0
INC-11959,0,0,1,0,0
INC-11960,0,7,1,0,0
INC-11961,3,10,2,2,1
INC-11962,0,0,0,0,0
INC-11963,0,1,2,0,0
INC-11964,4,0,0,3,5
INC-11965,7,3,1,1,2
INC-11966,6,1,1,3,5
INC-11967,6,0,1,3,5
INC-11968,7,7,1,2,7
INC-11969,7,1,1,1,2
INC-11970,5,8,3,3,7
INC-11971,7,4,1,1,9
INC-11972,0,3,0,1,0
INC-11973,6,4,1,3,5
INC-11974,5,10,1,3,6
INC-11975,4,8,0,3,5
INC-11976,6,8,1,3,5
INC-11977,0,0,2,1,3
INC-11978,2,2,2,1,7
INC-11979,4,0,0,3,5
INC-11980,4,4,1,3,5
INC-11981,3,3,3,2,1
INC-11982,6,0,1,3,5
INC-11983,0,2,0,1,2
INC-11984,0,9,1,1,0
INC-11985,6,0,1,3,5
INC-11986,3,0,3,2,1
INC-11987,7,0,2,0,3
INC-11988,6,0,1,3,5
INC-11989,4,10,1,3,1
INC-11990,6,1,1,2,7
INC-11991,0,3,0,0,0
INC-11992,5,0,3,3,6
INC-11993,0,7,1,1,0
INC-11994,1,3,0,0,7
INC-11995,6,7,2,2,7
INC-11996,6,0,1,3,5
INC-11997,6,6,1,3,9
INC-11998,6,0,1,3,5
INC-11999,4,0,1,1,8
INC-12000,4,9,0,2,7
INC-12001,2,1,2,0,4
INC-12002,2,3,0,1,7
INC-12003,7,0,1,2,5
INC-12004,5,7,2,3,6
INC-12005,2,9,1,2,7
INC-12006,2,0,2,1,3
INC-12007,6,8,0,3,5
INC-12008,5,4,2,2,6
INC-12009,0,1,1,0,0
INC-12010,5,9,3,3,6
INC-12011,1,5,0,1,2
INC-12012,4,0,1,3,5
INC-12013,4,0,2,3,5
INC-12014,0,3,0,1,0
INC-12015,2,1,2,2,4
INC-12016,5,0,1,2,6
INC-12017,1,8,3,1,6
INC-12018,6,6,0,3,5
INC-12019,2,0,2,1,3
INC-12020,0,0,1,1,0
INC-12021,0,0,1,1,0
INC-12022,6,0,2,3,5
INC-12023,3,1,3,2,1
INC-12024,7,6,2,1,9
INC-12025,4,3,0,2,5
INC-12026,0,7,1,0,0
INC-12027,3,2,3,0,1
INC-12028,5,0,2,3,7
INC-12029,3,9,3,1,5
INC-12030,3,6,3,1,1
INC-12031,7,2,1,1,7
INC-12032,4,0,1,3,5
INC-12033,4,2,1,3,1
INC-12034,3,0,3,1,1
INC-12035,4,3,0,3,7
INC-12036,7,0,1,1,8
INC-12037,7,10,1,1,9
INC-12038,7,4,1,1,9
INC-12039,7,1,0,1,7
INC-12040,0,0,0,0,0
INC-12041,7,3,1,1,7
INC-12042,0,0,1,0,0
INC-12043,4,1,0,3,7
INC-12044,7,0,1,1,2
INC-12045,1,7,1,0,2
INC-12046,2,10,2,2,4
INC-12047,6,3,0,3,5
INC-12048,7,0,1,1,0
INC-12049,1,0,0,1,2
INC-12050,0,8,0,0,0
INC-12051,4,10,1,2,1
INC-12052,7,2,1,2,9
INC-12053,6,0,1,2,5
INC-12054,7,7,2,2,7
INC-12055,4,0,0,1,8
INC-12056,2,5,1,1,3
INC-12057,6,2,1,3,5
INC-12058,6,5,1,3,7
INC-12059,2,10,3,1,4
INC-12060,1,0,1,0,2
INC-12061,7,9,1,2,4
INC-12062,7,0,1,1,3
INC-12063,1,8,2,0,2
INC-12064,1,9,2,1,3
INC-12065,1,7,1,0,2
INC-12066,1,6,1,1,2
INC-12067,7,7,0,1,7
INC-12068,2,0,1,2,7
INC-12069,5,8,3,3,6
INC-12070,7,7,1,2,7
INC-12071,0,0,0,1,0
INC-12072,0,1,1,1,0
INC-12073,0,4,0,0,0
INC-12074,3,0,3,2,1
INC-12075,6,7,1,2,7
INC-12076,0,0,1,1,0
INC-12077,4,5,1,1,8
INC-12078,4,1,1,3,7
INC-12079,6,4,1,3,5
INC-12080,3,1,3,2,1
INC-12081,0,1,0,1,0
INC-12082,4,0,0,3,5
INC-12083,3,0,3,1,1
INC-12084,7,3,2,2,9
INC-12085,6,8,1,3,5
INC-12086,0,10,1,0,0
INC-12087,7,0,1,2,9
INC-12088,2,10,2,1,7
INC-12089,2,0,1,2,5
INC-12090,4,4,1,1,8
INC-12091,1,4,1,1,2
INC-12092,1,4,1,0,2
INC-12093,3,7,3,1,1
INC-12094,0,0,1,0,0
INC-12095,7,3,1,1,0
INC-12096,7,1,1,1,7
INC-12097,0,0,1,0,9
INC-12098,0,5,2,0,0
INC-12099,4,2,0,2,8
INC-12100,3,2,3,1,1
INC-12101,5,10,2,3,6
INC-12102,5,9,2,2,6
INC-12103,4,5,0,2,5
INC-12104,2,0,1,1,2
INC-12105,0,5,1,1,0
INC-12106,3,0,3,2,1
INC-12107,5,0,0,1,5
INC-12108,6,0,1,3,5
INC-12109,4,8,1,2,5
INC-12110,0,2,0,1,0
INC-12111,0,0,1,0,0
INC-12112,1,0,1,1,3
INC-12113,6,5,1,3,5
INC-12114,7,7,1,1,7
INC-12115,6,0,1,3,5
INC-12116,6,0,0,3,5
INC-12117,7,0,1,2,5
INC-12118,0,2,2,0,0
INC-12119,4,2,0,3,5
INC-12120,2,8,1,0,4
INC-12121,2,6,0,0,7
INC-12122,2,5,1,1,4
INC-12123,0,10,1,1,0
INC-12124,2,5,0,1,7
INC-12125,0,9,2,1,2
INC-12126,0,2,1,1,0
INC-12127,6,1,1,3,7
INC-12128,7,7,1,1,7
INC-12129,0,3,1,1,0
INC-12130,0,2,0,0,0
INC-12131,4,0,1,3,5
INC-12132,3,0,3,1,5
INC-12133,7,0,1,1,0
INC-12134,7,0,1,2,9
INC-12135,4,2,1,3,8
INC-12136,7,0,1,1,2
INC-12137,1,0,2,1,2
INC-12138,6,3,1,3,5
INC-12139,2,0,2,1,3
INC-12140,5,9,1,3,4
INC-12141,5,1,2,2,7
INC-12142,0,8,1,0,0
INC-12143,1,6,1,0,2
INC-12144,4,0,1,3,5
INC-12145,3,2,3,1,1
INC-12146,6,8,1,3,5
INC-12147,4,3,1,1,8
INC-12148,0,0,1,1,0
INC-12149,6,0,0,2,5
INC-12150,6,4,0,2,5
INC-12151,3,0,2,3,1
INC-12152,6,2,1,1,5
INC-12153,2,6,1,1,3
INC-12154,1,4,1,1,2
INC-12155,2,2,2,0,1
INC-12156,6,0,1,2,5
INC-12157,2,0,2,2,4
INC-12158,4,4,0,1,8
INC-12159,1,4,0,1,2
INC-12160,5,0,2,2,5
INC-12161,6,3,1,2,5
INC-12162,0,10,1,0,0
INC-12163,6,3,1,3,7
INC-12164,4,3,1,1,7
INC-12165,0,7,2,1,0
INC-12166,2,0,1,1,3
INC-12167,4,6,0,3,7
INC-12168,0,0,1,0,0
INC-12169,0,7,2,1,7
INC-12170,3,8,3,2,1
INC-12171,5,3,2,3,6
INC-12172,5,0,3,2,6
INC-12173,2,0,0,2,5
INC-12174,7,8,0,1,9
INC-12175,6,6,1,2,5
INC-12176,1,0,3,1,2
INC-12177,2,7,1,1,7
INC-12178,1,2,2,1,2
INC-12179,0,2,1,1,0
INC-12180,6,0,0,3,5
INC-12181,2,2,1,1,7
INC-12182,4,9,1,1,7
INC-12183,2,1,1,1,4
INC-12184,1,3,1,1,2
INC-12185,2,1,1,2,7
INC-12186,1,0,1,1,2
INC-12187,2,0,2,1,3
INC-12188,0,4,1,1,6
INC-12189,0,1,2,0,0
INC-12190,4,1,1,2,5
INC-12191,1,2,2,0,2
INC-12192,4,6,1,1,8
INC-12193,0,10,0,1,0
INC-12194,4,0,1,1,8
INC-12195,1,0,1,1,2
INC-12196,6,0,1,3,5
INC-12197,6,1,2,1,7
INC-12198,5,0,1,3,6
INC-12199,7,9,0,1,7
INC-12200,0,1,2,1,7
INC-12201,6,8,1,1,5
INC-12202,1,0,1,1,2
INC-12203,7,4,2,1,9
INC-12204,6,0,2,2,5
INC-12205,6,9,1,2,3
INC-12206,1,7,2,0,2
INC-12207,2,0,2,0,4
INC-12208,7,7,1,1,7
INC-12209,0,0,0,0,0
INC-12210,0,6,1,2,0
INC-12211,5,3,1,2,6
INC-12212,0,8,1,0,0
INC-12213,0,0,0,1,0
INC-12214,1,0,1,0,2
INC-12215,3,6,3,1,9
INC-12216,4,8,0,1,8
INC-12217,0,0,1,1,0
INC-12218,3,0,3,2,1
INC-12219,0,2,1,1,0
INC-12220,2,5,0,2,4
INC-12221,0,3,1,1,0
INC-12222,6,2,1,3,5
INC-12223,0,7,1,1,0
INC-12224,4,4,1,3,5
INC-12225,4,3,2,1,7
INC-12226,7,3,1,1,7
INC-12227,0,1,1,1,0
INC-12228,6,10,0,3,5
INC-12229,5,4,3,3,6
INC-12230,2,0,1,1,7
INC-12231,2,9,0,1,7
INC-12232,5,5,2,2,7
INC-12233,3,10,3,2,1
INC-12234,7,9,1,2,4
INC-12235,0,1,2,1,3
INC-12236,2,7,1,1,7
INC-12237,2,0,0,1,3
INC-12238,4,10,2,3,1
INC-12239,2,0,1,1,3
INC-12240,1,0,0,0,2
INC-12241,5,0,1,3,6
INC-12242,6,0,0,3,5
INC-12243,2,0,1,2,7
INC-12244,5,0,1,3,6
INC-12245,1,1,1,1,2
INC-12246,0,0,1,0,8
INC-12247,1,9,1,0,2
INC-12248,4,9,2,3,7
INC-12249,0,7,0,1,0
INC-12250,0,10,1,0,0
INC-12251,1,0,1,0,2
INC-12252,6,1,1,3,7
INC-12253,6,2,1,3,5
INC-12254,1,8,1,1,2
INC-12255,0,0,1,1,0
INC-12256,6,1,1,3,7
INC-12257,4,2,1,2,8
INC-12258,3,0,3,0,0
INC-12259,5,2,3,2,1
INC-12260,0,9,2,1,0
INC-12261,3,1,3,0,1
INC-12262,0,5,1,0,8
INC-12263,4,2,1,1,7
INC-12264,4,6,1,1,8
INC-12265,0,0,1,1,0
INC-12266,0,5,1,0,0
INC-12267,5,1,1,2,6
INC-12268,6,9,1,1,7
INC-12269,0,3,1,1,0
INC-12270,1,0,2,0,7
INC-12271,6,0,0,3,5
INC-12272,3,6,3,1,1
INC-12273,6,9,1,3,8
INC-12274,0,10,1,1,0
INC-12275,6,0,0,3,5
INC-12276,1,0,1,1,2
INC-12277,6,0,1,3,5
INC-12278,2,4,2,0,4
INC-12279,4,0,1,3,5
INC-12280,2,1,0,0,7
INC-12281,7,1,1,2,7
INC-12282,6,3,1,3,5
INC-12283,3,0,3,1,1
INC-12284,3,3,3,2,1
INC-12285,6,6,1,3,9
INC-12286,1,0,1,1,2
INC-12287,4,0,1,2,8
INC-12288,0,10,1,1,0
INC-12289,6,8,0,1,5
INC-12290,0,0,1,0,0
INC-12291,6,0,2,1,5
INC-12292,1,5,2,0,2
INC-12293,4,1,1,3,8
INC-12294,0,1,1,0,0
INC-12295,0,0,2,0,0
INC-12296,0,0,1,1,0
INC-12297,7,0,1,1,5
INC-12298,2,0,1,0,7
INC-12299,1,9,1,0,2
INC-12300,0,4,2,0,0
INC-12301,3,0,3,3,1
INC-12302,3,3,3,1,1
INC-12303,2,10,2,0,4
INC-12304,0,0,2,1,0
INC-12305,4,9,2,3,6
INC-12306,0,2,1,0,0
INC-12307,0,2,1,1,0
INC-12308,4,10,0,1,2
INC-12309,2,6,2,1,7
INC-12310,7,5,1,1,2
INC-12311,0,7,1,1,0
INC-12312,0,2,1,0,0
INC-12313,2,0,1,0,3
INC-12314,3,10,3,2,1
INC-12315,7,0,1,2,5
INC-12316,6,8,1,3,5
INC-12317,2,0,2,2,3
INC-12318,6,0,1,3,5
INC-12319,0,10,1,1,0
INC-12320,6,0,1,1,5
INC-12321,4,5,1,3,5
INC-12322,1,4,1,0,2
INC-12323,4,2,0,2,5
INC-12324,0,0,0,0,0
INC-12325,6,0,1,2,5
INC-12326,2,10,1,1,2
INC-12327,0,0,0,1,0
INC-12328,0,7,1,0,7
INC-12329,6,5,1,3,5
INC-12330,6,9,1,3,5
INC-12331,5,0,2,3,5
INC-12332,2,0,1,1,2
INC-12333,0,0,2,1,0
INC-12334,5,0,3,2,6
INC-12335,0,2,1,0,0
INC-12336,7,0,1,1,0
INC-12337,3,8,3,0,9
INC-12338,0,1,0,2,7
INC-12339,3,1,3,1,1
INC-12340,0,4,3,1,9
INC-12341,0,0,1,1,0
INC-12342,0,0,2,1,0
INC-12343,6,0,1,2,5
INC-12344,0,0,1,1,0
INC-12345,0,0,0,1,0
INC-12346,6,1,1,3,5
INC-12347,2,0,2,1,3
INC-12348,6,2,1,3,5
INC-12349,6,6,1,2,9
INC-12350,2,0,1,1,3
INC-12351,4,5,1,1,2
INC-12352,7,6,1,2,9
INC-12353,3,0,3,1,1
INC-12354,6,10,1,3,5
INC-12355,0,0,2,1,0
INC-12356,2,5,0,0,4
INC-12357,4,2,2,3,5
INC-12358,2,4,1,1,2
INC-12359,7,5,1,1,2
INC-12360,6,5,1,3,5
INC-12361,7,9,1,1,0
INC-12362,6,0,2,3,5
INC-12363,7,6,2,1,9
INC-12364,6,5,0,3,5
INC-12365,1,0,0,0,8
INC-12366,1,0,2,0,2
INC-12367,0,10,2,0,0
INC-12368,3,0,2,1,1
INC-12369,4,0,0,2,5
INC-12370,6,0,0,2,5
INC-12371,5,0,1,2,6
INC-12372,0,8,3,0,0
INC-12373,0,0,0,1,0
INC-12374,6,3,1,3,5
INC-12375,4,3,0,3,7
INC-12376,4,8,2,2,5
INC-12377,5,0,2,3,5
INC-12378,0,0,1,2,0
INC-12379,5,2,1,3,6
INC-12380,6,0,0,3,5
INC-12381,6,0,1,3,0
INC-12382,4,9,0,3,5
INC-12383,1,7,1,1,2
INC-12384,0,0,1,1,0
INC-12385,6,0,1,3,5
INC-12386,7,5,2,1,9
INC-12387,4,6,0,3,8
INC-12388,2,0,1,0,2
INC-12389,6,7,0,3,7
INC-12390,4,9,2,2,5
INC-12391,3,0,3,2,2
INC-12392,3,0,3,2,1
INC-12393,3,0,3,1,1
INC-12394,6,0,1,3,5
INC-12395,0,4,1,1,0
INC-12396,0,0,0,0,0
INC-12397,1,0,0,1,2
INC-12398,3,8,3,2,1
INC-12399,6,6,0,2,5
INC-12400,6,9,1,3,7
INC-12401,5,1,1,3,6
INC-12402,4,1,1,1,8
INC-12403,2,8,2,1,7
INC-12404,6,1,1,2,5
INC-12405,6,4,2,3,5
INC-12406,2,6,0,1,1
INC-12407,7,7,1,1,9
INC-12408,7,6,0,1,9
INC-12409,4,0,1,2,8
INC-12410,0,5,0,1,5
INC-12411,0,1,1,1,0
INC-12412,4,6,1,1,8
INC-12413,0,2,1,1,0
INC-12414,5,2,1,2,6
INC-12415,2,8,1,1,9
INC-12416,1,0,2,0,2
INC-12417,6,8,1,2,5
INC-12418,1,0,1,0,2
INC-12419,5,2,3,2,6
INC-12420,1,0,0,1,2
INC-12421,0,8,0,1,0
INC-12422,0,5,1,0,0
INC-12423,1,2,2,0,2
INC-12424,6,1,1,1,5
INC-12425,2,6,1,1,4
INC-12426,7,4,1,0,9
INC-12427,0,10,1,1,0
INC-12428,3,6,3,1,1
INC-12429,3,0,3,3,1
INC-12430,6,6,1,3,5
INC-12431,6,8,2,3,7
INC-12432,3,5,3,2,1
INC-12433,0,9,0,1,0
INC-12434,2,7,1,1,7
INC-12435,5,0,2,3,7
INC-12436,3,7,3,2,1
INC-12437,3,8,3,2,8
INC-12438,2,2,1,1,7
INC-12439,2,0,2,1,3
INC-12440,2,6,1,2,2
INC-12441,0,0,1,1,0
INC-12442,6,1,1,1,5
INC-12443,7,0,2,1,3
INC-12444,5,4,1,3,6
INC-12445,3,7,3,2,1
INC-12446,4,0,0,1,8
INC-12447,7,6,2,1,4
INC-12448,3,10,3,3,1
INC-12449,7,1,2,1,7
INC-12450,0,0,1,1,0
INC-12451,7,2,1,1,9
INC-12452,4,4,2,3,1
INC-12453,0,5,1,1,0
INC-12454,7,2,1,2,9
INC-12455,4,2,2,2,8
INC-12456,4,3,0,2,7
INC-12457,5,10,2,1,6
INC-12458,0,0,1,1,0
INC-12459,2,7,1,0,4
INC-12460,5,2,2,3,6
INC-12461,4,0,0,2,5
INC-12462,6,0,1,3,5
INC-12463,4,3,0,3,5
INC-12464,4,9,1,2,7
INC-12465,6,0,1,3,5
INC-12466,5,1,1,2,7
INC-12467,1,0,1,0,2
INC-12468,4,8,0,3,5
INC-12469,7,10,0,1,9
INC-12470,2,0,2,1,7
INC-12471,1,0,1,1,2
INC-12472,0,1,2,1,3
INC-12473,7,10,1,2,9
INC-12474,6,6,1,3,5
INC-12475,6,1,0,1,5
INC-12476,2,0,1,1,7
INC-12477,0,0,1,0,0
INC-12478,6,8,2,3,5
INC-12479,7,0,1,0,0
INC-12480,6,9,0,3,5
INC-12481,6,0,0,3,5
INC-12482,2,0,1,1,3
INC-12483,4,3,2,1,8
INC-12484,7,3,1,0,7
INC-12485,3,0,3,2,1
INC-12486,7,0,0,1,0
INC-12487,4,2,0,3,1
INC-12488,7,2,1,0,9
INC-12489,6,5,1,3,5
INC-12490,0,2,2,1,2
INC-12491,6,4,0,3,5
INC-12492,7,10,1,2,9
INC-12493,7,0,2,1,2
INC-12494,2,3,1,1,7
INC-12495,2,0,1,1,3
INC-12496,4,5,0,2,7
INC-12497,0,2,1,0,4
INC-12498,7,3,1,2,9
INC-12499,0,7,1,0,0
INC-12500,6,1,1,3,5
INC-12501,0,3,1,0,0
INC-12502,4,1,1,3,7
INC-12503,7,0,2,1,3
INC-12504,5,0,3,3,6
INC-12505,4,4,1,3,8
INC-12506,6,0,1,2,5
INC-12507,2,3,1,1,7
INC-12508,6,10,0,3,4
INC-12509,1,2,1,1,2
INC-12510,6,9,1,3,5
INC-12511,4,0,0,2,5
INC-12512,2,0,1,1,3
INC-12513,2,0,1,1,0
INC-12514,3,9,3,1,1
INC-12515,0,1,1,0,0
INC-12516,4,0,1,1,8
INC-12517,5,6,2,2,6
INC-12518,4,2,0,1,8
INC-12519,4,4,1,1,8
INC-12520,6,0,1,3,5
INC-12521,3,0,2,1,1
INC-12522,1,1,2,1,7
INC-12523,6,0,0,3,5
INC-12524,6,0,1,2,5
INC-12525,6,0,1,2,3
INC-12526,0,2,0,1,0
INC-12527,2,7,1,0,4
INC-12528,1,0,1,0,2
INC-12529,6,0,2,3,5
INC-12530,0,9,1,1,0
INC-12531,2,3,0,1,7
INC-12532,3,5,2,2,4
INC-12533,6,5,0,3,5
INC-12534,4,0,0,2,5
INC-12535,1,5,1,1,2
INC-12536,6,6,1,3,5
INC-12537,7,1,1,1,7
INC-12538,5,0,3,1,1
INC-12539,0,0,1,1,0
INC-12540,3,7,3,2,1
INC-12541,7,1,1,1,7
INC-12542,5,0,1,2,6
INC-12543,3,0,3,2,1
INC-12544,6,9,1,1,2
INC-12545,2,7,1,1,7
INC-12546,5,7,1,3,7
INC-12547,3,6,3,2,1
INC-12548,1,8,2,0,2
INC-12549,1,5,1,0,2
INC-12550,4,0,1,3,8
INC-12551,4,0,1,3,8
INC-12552,4,8,0,3,8
INC-12553,6,0,0,3,5
INC-12554,7,5,0,2,9
INC-12555,0,0,1,0,0
INC-12556,4,0,2,2,8
INC-12557,6,5,0,3,5
INC-12558,5,2,3,3,6
INC-12559,0,1,1,1,0
INC-12560,4,6,1,2,5
INC-12561,6,0,1,3,5
INC-12562,0,1,0,1,7
INC-12563,2,0,1,1,3
INC-12564,3,4,3,1,9
INC-12565,2,0,0,0,3
INC-12566,5,0,1,2,5
INC-12567,3,0,3,2,1
INC-12568,4,1,1,2,7
INC-12569,0,0,0,0,0
INC-12570,5,0,3,1,6
INC-12571,1,6,1,0,2
INC-12572,4,4,2,3,9
INC-12573,4,10,1,1,8
INC-12574,1,0,1,1,2
INC-12575,5,2,0,2,6
INC-12576,0,10,1,1,0
INC-12577,4,1,0,3,7
INC-12578,0,8,1,0,0
INC-12579,4,2,0,3,5
INC-12580,6,5,1,2,5
INC-12581,3,1,3,3,1
INC-12582,6,1,1,3,7
INC-12583,1,7,0,0,7
INC-12584,4,0,1,2,8
INC-12585,1,2,1,0,2
INC-12586,6,3,2,3,5
INC-12587,3,2,3,2,1
INC-12588,0,7,2,1,7
INC-12589,4,5,2,3,7
INC-12590,2,2,0,1,7
INC-12591,3,0,3,1,1
INC-12592,6,10,0,3,5
INC-12593,1,1,0,0,2
INC-12594,5,3,2,2,6
INC-12595,4,8,1,1,8
INC-12596,6,6,1,1,2
INC-12597,0,2,0,1,0
INC-12598,3,9,3,3,1
INC-12599,2,0,1,1,3
INC-12600,3,1,3,2,1
INC-12601,5,0,2,3,6
INC-12602,5,4,2,3,6
INC-12603,7,0,1,1,2
INC-12604,5,0,3,2,6
INC-12605,4,9,0,1,8
INC-12606,7,3,1,1,7
INC-12607,1,2,1,1,2
INC-12608,7,8,0,2,9
INC-12609,3,6,3,1,1
INC-12610,5,9,2,3,7
INC-12611,0,3,2,1,0
INC-12612,2,0,1,2,4
INC-12613,6,3,1,1,5
INC-12614,0,0,1,0,0
INC-12615,7,0,0,2,0
INC-12616,0,2,0,1,0
INC-12617,6,6,1,3,9
INC-12618,3,2,3,0,1
INC-12619,5,0,3,2,6
INC-12620,4,5,0,3,7
INC-12621,6,0,1,3,5
INC-12622,7,0,2,0,8
INC-12623,0,3,0,1,0
INC-12624,6,1,1,2,5
INC-12625,1,1,0,0,2
INC-12626,7,8,1,1,9
INC-12627,3,1,3,1,1
INC-12628,2,4,0,1,3
INC-12629,4,0,2,1,8
INC-12630,2,6,1,0,4
INC-12631,7,5,1,1,7
INC-12632,7,6,2,0,9
INC-12633,4,2,1,1,7
INC-12634,1,7,1,0,2
INC-12635,2,2,0,0,7
INC-12636,4,5,0,3,5
INC-12637,3,0,3,1,8
INC-12638,4,0,1,2,8
INC-12639,5,4,2,1,6
INC-12640,6,0,0,1,5
INC-12641,2,5,1,1,7
INC-12642,0,0,1,1,0
INC-12643,0,3,1,2,7
INC-12644,1,8,1,0,2
INC-12645,0,1,2,0,0
INC-12646,4,0,1,1,8
INC-12647,7,1,1,2,7
INC-12648,1,0,1,0,2
INC-12649,3,0,3,2,1
INC-12650,5,6,2,3,6
INC-12651,1,2,2,0,2
INC-12652,4,7,1,1,8
INC-12653,0,4,1,1,0
INC-12654,4,1,1,2,7
INC-12655,5,5,2,2,6
INC-12656,7,0,2,2,9
INC-12657,0,2,1,1,2
INC-12658,5,0,2,2,5
INC-12659,0,6,1,1,0
INC-12660,1,1,0,1,2
INC-12661,0,0,1,1,0
INC-12662,4,0,2,3,2
INC-12663,0,0,1,0,0
INC-12664,5,0,3,3,6
INC-12665,7,1,0,1,7
INC-12666,4,1,1,2,8
INC-12667,3,0,3,2,1
INC-12668,0,0,1,0,0
INC-12669,1,6,1,1,2
INC-12670,1,0,1,0,2
INC-12671,1,7,1,1,2
INC-12672,4,1,2,1,8
INC-12673,5,3,3,3,6
INC-12674,6,3,1,3,5
INC-12675,0,4,0,0,0
INC-12676,0,0,1,0,0
INC-12677,6,0,0,3,5
INC-12678,6,2,1,3,5
INC-12679,6,0,0,1,5
INC-12680,6,3,0,2,5
INC-12681,7,9,2,0,4
INC-12682,2,0,1,1,3
INC-12683,5,10,3,2,1
INC-12684,0,8,2,0,0
INC-12685,2,1,1,1,4
INC-12686,0,0,1,1,0
INC-12687,4,3,2,2,7
INC-12688,0,0,1,2,0
INC-12689,3,1,3,3,1
INC-12690,0,1,1,1,0
INC-12691,0,4,1,1,0
INC-12692,7,4,1,2,9
INC-12693,7,10,1,1,7
INC-12694,0,3,0,1,0
INC-12695,0,0,0,0,0
INC-12696,7,0,1,1,0
INC-12697,1,7,0,1,2
INC-12698,6,0,0,3,5
INC-12699,1,9,2,1,2
INC-12700,1,2,1,0,4
INC-12701,5,9,2,2,7
INC-12702,2,2,1,1,7
INC-12703,4,2,0,2,5
INC-12704,6,3,0,3,7
INC-12705,1,9,1,1,2
INC-12706,2,2,1,1,0
INC-12707,6,6,1,3,5
INC-12708,4,4,0,1,3
INC-12709,1,2,0,0,2
INC-12710,5,0,2,1,5
INC-12711,6,0,0,3,5
INC-12712,3,6,3,3,4
INC-12713,1,0,1,0,2
INC-12714,2,0,2,1,3
INC-12715,7,0,1,2,9
INC-12716,2,0,3,0,4
INC-12717,7,1,1,2,7
INC-12718,7,0,1,1,0
INC-12719,1,0,0,0,2
INC-12720,0,9,1,0,0
INC-12721,7,2,1,0,4
INC-12722,4,7,1,2,7
INC-12723,0,0,0,1,0
INC-12724,3,2,2,2,1
INC-12725,0,1,1,1,0
INC-12726,7,1,1,1,7
INC-12727,6,0,2,3,5
INC-12728,4,9,1,1,7
INC-12729,0,6,1,0,0
INC-12730,3,2,3,3,1
INC-12731,6,0,0,2,5
INC-12732,6,0,0,2,5
INC-12733,0,9,1,1,0
INC-12734,0,5,0,1,2
INC-12735,7,1,1,0,4
INC-12736,1,9,2,1,2
INC-12737,1,5,1,0,2
INC-12738,7,0,1,2,2
INC-12739,0,0,2,2,2
INC-12740,7,0,2,2,3
INC-12741,6,1,1,2,5
INC-12742,1,10,1,1,2
INC-12743,4,6,0,3,5
INC-12744,6,0,1,3,5
INC-12745,4,10,1,3,5
INC-12746,6,5,1,3,5
INC-12747,5,6,1,3,9
INC-12748,1,3,1,1,7
INC-12749,4,2,2,3,7
INC-12750,3,0,3,2,1
INC-12751,1,0,0,1,2
INC-12752,6,1,0,2,5
INC-12753,3,9,3,2,1
INC-12754,7,8,1,1,9
INC-12755,0,10,1,1,0
INC-12756,7,0,1,1,3
INC-12757,6,0,2,2,5
INC-12758,2,0,1,1,2
INC-12759,7,10,1,1,5
INC-12760,6,1,2,3,5
INC-12761,1,9,1,0,7
INC-12762,6,10,1,3,5
INC-12763,1,0,1,0,2
INC-12764,5,3,2,2,6
INC-12765,0,4,1,1,0
INC-12766,4,7,2,1,7
INC-12767,3,9,3,2,1
INC-12768,2,2,1,2,7
INC-12769,6,1,1,3,5
INC-12770,7,0,1,1,0
INC-12771,2,1,1,0,4
INC-12772,6,3,0,2,5
INC-12773,0,3,2,0,7
INC-12774,6,7,1,1,7
INC-12775,2,6,1,1,3
INC-12776,7,0,1,1,0
INC-12777,7,0,1,2,7
INC-12778,3,7,3,3,1
INC-12779,6,0,2,3,5
INC-12780,0,9,0,0,0
INC-12781,7,2,1,2,9
INC-12782,6,6,2,3,9
INC-12783,4,1,1,2,7
INC-12784,0,8,0,1,0
INC-12785,2,10,0,1,7
INC-12786,0,0,3,0,0
INC-12787,1,2,0,0,2
INC-12788,0,10,0,1,0
INC-12789,0,0,1,1,0
INC-12790,4,2,0,3,5
INC-12791,4,9,1,1,8
INC-12792,5,10,1,3,6
INC-12793,7,0,1,2,9
INC-12794,2,2,1,1,7
INC-12795,6,0,1,3,6
INC-12796,2,4,0,0,0
INC-12797,7,0,1,1,3
INC-12798,6,9,1,3,5
INC-12799,0,9,0,0,0
INC-12800,6,3,1,3,7
INC-12801,1,5,2,0,2
INC-12802,7,0,1,2,5
INC-12803,5,3,1,3,6
INC-12804,6,10,1,3,5
INC-12805,5,0,3,1,1
INC-12806,2,8,1,2,7
INC-12807,0,3,1,0,0
INC-12808,0,1,1,1,0
INC-12809,6,2,1,2,5
INC-12810,5,3,3,2,6
INC-12811,4,1,1,1,7
INC-12812,0,4,2,1,0
INC-12813,1,3,1,0,2
INC-12814,2,0,1,1,2
INC-12815,4,10,2,2,8
INC-12816,7,1,1,2,7
INC-12817,6,10,1,3,5
INC-12818,3,10,3,1,1
INC-12819,5,3,2,3,6
INC-12820,0,0,0,0,0
INC-12821,6,2,1,2,5
INC-12822,0,0,0,0,0
INC-12823,0,8,1,1,0
INC-12824,5,1,2,2,7
INC-12825,3,7,3,2,1
INC-12826,5,9,2,3,6
INC-12827,7,0,1,1,0
INC-12828,2,4,1,2,7
INC-12829,1,6,1,1,2
INC-12830,2,2,1,1,7
INC-12831,0,3,1,1,0
INC-12832,6,0,0,3,5
INC-12833,6,1,1,3,5
INC-12834,2,3,2,0,4
INC-12835,0,0,1,1,0
INC-12836,2,6,1,1,3
INC-12837,7,0,0,0,0
INC-12838,0,0,1,1,0
INC-12839,5,0,1,3,6
INC-12840,6,7,0,2,7
INC-12841,7,1,1,2,7
INC-12842,3,5,3,2,1
INC-12843,1,10,3,1,2
INC-12844,0,0,2,1,0
INC-12845,7,5,1,1,7
INC-12846,2,1,0,2,4
INC-12847,6,5,1,3,5
INC-12848,0,0,1,2,9
INC-12849,4,0,0,2,8
INC-12850,7,6,0,1,9
INC-12851,6,5,1,3,5
INC-12852,6,0,1,3,5
INC-12853,0,0,1,1,0
INC-12854,1,6,0,0,2
INC-12855,0,4,1,1,0
INC-12856,6,0,1,2,5
INC-12857,5,0,2,2,5
INC-12858,4,0,2,3,5
INC-12859,6,2,1,3,5
INC-12860,4,0,1,1,8
INC-12861,3,0,3,2,1
INC-12862,1,1,1,1,7
INC-12863,0,0,0,1,0
INC-12864,0,3,2,0,0
INC-12865,3,2,3,1,1
INC-12866,3,5,3,1,1
INC-12867,0,2,2,1,0
INC-12868,0,6,1,0,0
INC-12869,5,0,1,2,6
INC-12870,6,0,1,3,5
INC-12871,4,6,1,2,8
INC-12872,0,0,1,0,0
INC-12873,1,0,2,1,2
INC-12874,0,0,2,1,0
INC-12875,1,7,1,0,2
INC-12876,0,1,1,0,0
INC-12877,3,5,3,2,1
INC-12878,6,1,1,3,5
INC-12879,4,0,1,3,5
INC-12880,7,5,1,2,9
INC-12881,3,1,3,1,1
INC-12882,5,6,1,2,6
INC-12883,7,1,1,1,7
INC-12884,3,2,3,0,1
INC-12885,3,3,3,2,1
INC-12886,6,10,2,2,7
INC-12887,2,0,0,1,7
INC-12888,0,3,1,1,0
INC-12889,4,1,1,3,5
INC-12890,6,4,1,3,5
INC-12891,4,1,2,2,5
INC-12892,6,8,1,3,5
INC-12893,1,0,2,1,2
INC-12894,0,0,3,1,0
INC-12895,0,6,1,1,0
INC-12896,1,7,1,1,2
INC-12897,0,10,2,0,1
INC-12898,5,0,2,2,6
INC-12899,6,2,1,3,5
INC-12900,4,5,1,3,8
INC-12901,6,10,2,3,5
INC-12902,6,0,0,3,5
INC-12903,0,7,1,1,0
INC-12904,7,8,2,2,9
INC-12905,6,0,1,2,5
INC-12906,6,7,1,3,5
INC-12907,6,0,1,3,5
INC-12908,1,5,1,1,2
INC-12909,6,4,1,3,5
INC-12910,0,1,1,1,0
INC-12911,0,2,1,1,2
INC-12912,0,0,1,1,0
INC-12913,1,5,1,1,8
INC-12914,1,0,2,1,2
INC-12915,6,0,0,3,5
INC-12916,3,4,3,2,1
INC-12917,0,2,1,1,0
INC-12918,1,4,0,0,2
INC-12919,7,0,0,2,2
INC-12920,7,3,2,0,7
INC-12921,7,4,1,1,9
INC-12922,6,0,1,3,5
INC-12923,6,0,1,2,5
INC-12924,6,0,0,3,5
INC-12925,2,0,1,2,3
INC-12926,6,1,0,3,5
INC-12927,2,3,0,1,5
INC-12928,3,9,3,2,1
INC-12929,6,3,2,3,5
INC-12930,1,0,1,0,2
INC-12931,7,3,1,1,7
INC-12932,2,10,1,1,1
INC-12933,6,8,0,3,5
INC-12934,1,10,2,0,3
INC-12935,6,1,1,3,0
INC-12936,3,0,3,1,1
INC-12937,5,4,0,3,9
INC-12938,2,0,1,2,7
INC-12939,6,7,0,3,5
INC-12940,1,1,0,0,2
INC-12941,7,8,1,1,9
INC-12942,3,6,3,1,9
INC-12943,2,0,2,0,0
INC-12944,4,3,1,1,4
INC-12945,5,8,2,3,6
INC-12946,0,0,1,1,0
INC-12947,2,6,1,1,2
INC-12948,5,1,2,1,6
INC-12949,2,0,1,1,3
INC-12950,2,1,1,0,7
INC-12951,7,6,1,2,9
INC-12952,6,3,1,3,5
INC-12953,2,1,0,1,7
INC-12954,4,0,1,2,5
INC-12955,0,4,1,0,0
INC-12956,6,1,1,2,7
INC-12957,7,0,2,2,2
INC-12958,1,10,3,0,2
INC-12959,5,10,3,3,6
INC-12960,0,0,1,1,0
INC-12961,6,0,1,3,5
INC-12962,1,4,1,0,2
INC-12963,4,0,1,3,5
INC-12964,0,4,1,1,2
INC-12965,6,9,1,3,5
INC-12966,1,0,1,0,2
INC-12967,6,0,1,2,5
INC-12968,6,2,0,3,5
INC-12969,7,9,1,1,7
INC-12970,6,3,1,3,5
INC-12971,0,0,1,0,0
INC-12972,1,1,1,1,2
INC-12973,6,9,0,3,5
INC-12974,4,4,1,3,8
INC-12975,2,10,2,1,7
INC-12976,1,4,2,0,2
INC-12977,0,5,0,0,0
INC-12978,4,0,1,3,5
INC-12979,1,6,0,1,2
INC-12980,3,0,3,1,1
INC-12981,7,0,1,1,0
INC-12982,1,0,1,0,2
INC-12983,2,6,1,1,3
INC-12984,2,7,0,2,7
INC-12985,6,9,1,3,5
INC-12986,0,6,0,1,0
INC-12987,0,0,2,1,0
INC-12988,6,0,1,2,5
INC-12989,6,0,1,3,5
INC-12990,5,3,2,3,9
INC-12991,5,7,2,3,7
INC-12992,0,0,1,0,0
INC-12993,1,6,1,0,2
INC-12994,5,0,2,1,7
INC-12995,0,7,0,1,7
INC-12996,1,1,1,0,7
INC-12997,1,3,1,0,2
INC-12998,0,0,1,1,0
INC-12999,4,3,1,3,8
INC-13000,7,1,1,1,7
INC-13001,6,7,0,3,5
INC-13002,6,8,0,3,5
INC-13003,6,7,1,3,7
INC-13004,0,5,1,1,0
INC-13005,4,3,2,3,7
INC-13006,5,0,3,2,6
INC-13007,6,6,1,3,5
INC-13008,7,0,1,1,1
INC-13009,0,1,1,1,0
INC-13010,3,1,3,0,1
INC-13011,4,6,1,3,1
INC-13012,2,0,1,1,3
INC-13013,7,5,1,0,9
INC-13014,6,1,1,3,7
INC-13015,4,0,1,2,8
INC-13016,2,0,1,1,0
INC-13017,0,2,1,1,0
INC-13018,0,4,0,1,0
INC-13019,0,4,1,1,0
INC-13020,7,5,2,2,9
INC-13021,0,0,1,1,0
INC-13022,6,1,1,2,5
INC-13023,7,3,2,0,9
INC-13024,4,0,1,3,8
INC-13025,5,5,2,3,6
INC-13026,7,10,2,2,9
INC-13027,3,0,3,1,1
INC-13028,7,0,1,1,2
INC-13029,6,3,1,1,5
INC-13030,3,0,3,1,1
INC-13031,2,6,1,1,3
INC-13032,5,4,2,3,6
INC-13033,1,1,1,1,2
INC-13034,3,1,3,2,1
INC-13035,6,3,0,3,5
INC-13036,1,0,1,1,4
INC-13037,3,4,3,3,1
INC-13038,0,3,1,1,7
INC-13039,5,0,1,3,6
INC-13040,2,4,0,1,7
INC-13041,1,6,2,0,2
INC-13042,4,9,1,3,5
INC-13043,5,6,0,3,1
INC-13044,0,4,1,1,0
INC-13045,5,3,2,3,6
INC-13046,0,0,1,1,0
INC-13047,0,0,2,1,0
INC-13048,2,2,2,1,7
INC-13049,2,6,1,1,7
INC-13050,2,5,1,0,9
INC-13051,3,2,3,1,1
INC-13052,0,0,0,0,0
INC-13053,1,2,1,1,2
INC-13054,4,6,1,2,1
INC-13055,7,6,1,1,9
INC-13056,6,4,0,3,5
INC-13057,7,1,1,1,7
INC-13058,6,2,2,3,5
INC-13059,0,7,0,1,7
INC-13060,5,2,2,3,6
INC-13061,4,10,2,1,8
INC-13062,0,9,2,0,0
INC-13063,3,1,2,2,1
INC-13064,7,1,1,1,3
INC-13065,5,0,1,2,6
INC-13066,0,9,1,1,0
INC-13067,7,0,1,0,9
INC-13068,1,10,0,0,6
INC-13069,7,1,0,1,7
INC-13070,3,0,3,2,1
INC-13071,2,0,1,1,3
INC-13072,7,0,1,2,0
INC-13073,5,10,1,3,5
INC-13074,0,5,2,0,0
INC-13075,3,3,3,0,1
INC-13076,7,0,2,2,5
INC-13077,4,0,0,3,7
INC-13078,7,8,1,1,9
INC-13079,5,7,1,1,7
INC-13080,2,9,1,1,2
INC-13081,6,9,1,2,5
INC-13082,3,3,3,2,1
INC-13083,0,9,0,1,0
INC-13084,0,3,2,0,0
INC-13085,6,7,1,3,5
INC-13086,6,3,1,3,5
INC-13087,2,0,2,2,7
INC-13088,6,0,0,3,5
INC-13089,7,9,1,2,9
INC-13090,4,0,1,1,8
INC-13091,2,0,1,0,2
INC-13092,7,8,1,1,9
INC-13093,3,0,3,3,1
INC-13094,0,0,1,1,0
INC-13095,7,0,1,1,2
INC-13096,6,8,1,1,5
INC-13097,0,0,1,1,0
INC-13098,4,2,1,2,5
INC-13099,3,0,3,1,1
INC-13100,7,6,1,0,9
INC-13101,5,10,1,2,6
INC-13102,7,4,1,1,9
INC-13103,1,10,2,0,2
INC-13104,7,1,1,1,7
INC-13105,0,5,2,1,0
INC-13106,7,2,0,1,7
INC-13107,7,1,1,2,0
INC-13108,7,10,2,1,9
INC-13109,5,1,3,1,6
INC-13110,0,9,2,2,5
INC-13111,0,3,1,1,0
INC-13112,0,7,2,1,2
INC-13113,7,0,1,1,3
INC-13114,3,2,3,0,1
INC-13115,7,0,1,1,3
INC-13116,7,0,1,0,2
INC-13117,2,8,1,0,1
INC-13118,4,5,0,1,5
INC-13119,6,3,1,3,7
INC-13120,0,10,1,0,0
INC-13121,6,7,2,3,5
INC-13122,4,6,0,2,5
INC-13123,4,1,1,3,5
INC-13124,0,0,1,1,0
INC-13125,3,10,3,0,1
INC-13126,4,2,1,1,8
INC-13127,1,1,1,1,2
INC-13128,3,7,3,2,1
INC-13129,6,7,0,3,5
INC-13130,4,0,1,3,8
INC-13131,6,0,1,3,5
INC-13132,3,2,3,2,1
INC-13133,6,9,1,3,5
INC-13134,0,3,1,0,0
INC-13135,4,5,0,0,8
INC-13136,0,0,2,1,0
INC-13137,0,0,1,1,0
INC-13138,5,9,3,2,1
INC-13139,1,9,1,1,2
INC-13140,7,0,1,2,3
INC-13141,0,0,1,1,0
INC-13142,7,5,1,1,9
INC-13143,2,0,1,2,3
INC-13144,1,0,0,1,2
INC-13145,2,8,1,2,4
INC-13146,2,6,2,1,7
INC-13147,4,4,1,3,8
INC-13148,0,0,1,1,5
INC-13149,7,0,1,1,2
INC-13150,6,7,0,2,5
INC-13151,6,4,0,2,5
INC-13152,7,6,1,0,9
INC-13153,2,0,0,1,0
INC-13154,3,7,3,1,1
INC-13155,5,4,2,2,6
INC-13156,4,0,1,1,8
INC-13157,7,7,0,2,7
INC-13158,1,5,1,1,2
INC-13159,0,8,2,1,0
INC-13160,0,7,1,1,7
INC-13161,0,6,1,1,0
INC-13162,7,0,1,0,0
INC-13163,5,4,2,3,6
INC-13164,5,5,2,2,6
INC-13165,6,9,0,3,5
INC-13166,3,2,3,1,1
INC-13167,4,9,2,1,7
INC-13168,2,7,1,1,7
INC-13169,4,6,1,1,2
INC-13170,5,0,3,3,6
INC-13171,1,1,1,0,2
INC-13172,3,1,3,3,1
INC-13173,7,0,1,1,2
INC-13174,7,3,1,1,7
INC-13175,2,0,0,1,3
INC-13176,6,0,2,3,5
INC-13177,2,0,1,2,3
INC-13178,6,2,0,1,5
INC-13179,6,6,1,2,5
INC-13180,0,4,2,1,0
INC-13181,3,10,2,2,1
INC-13182,5,2,1,2,6
INC-13183,1,7,2,0,1
INC-13184,1,0,3,1,2
INC-13185,4,10,1,2,5
INC-13186,0,2,1,0,0
INC-13187,2,0,0,0,0
INC-13188,3,1,3,2,1
INC-13189,6,6,1,2,5
INC-13190,2,1,2,1,7
INC-13191,6,3,1,3,5
INC-13192,3,0,3,2,1
INC-13193,0,0,1,1,0
INC-13194,6,0,0,3,5
INC-13195,5,3,2,2,6
INC-13196,4,0,0,0,8
INC-13197,0,7,1,0,0
INC-13198,0,5,1,0,0
INC-13199,1,10,0,0,2
INC-13200,0,0,2,2,0
INC-13201,4,1,1,0,7
INC-13202,7,0,0,1,3
INC-13203,1,0,2,1,2
INC-13204,7,0,2,1,3
INC-13205,3,10,3,1,1
INC-13206,1,10,1,0,2
INC-13207,2,7,0,1,7
INC-13208,0,0,0,1,0
INC-13209,0,7,1,2,7
INC-13210,0,0,0,1,0
INC-13211,4,0,1,3,8
INC-13212,7,2,2,1,2
INC-13213,3,6,3,3,1
INC-13214,6,7,1,3,5
INC-13215,6,3,2,3,1
INC-13216,7,0,2,1,2
INC-13217,1,4,1,1,2
INC-13218,3,10,3,2,1
INC-13219,6,4,1,3,5
INC-13220,5,4,2,3,9
INC-13221,5,2,2,2,6
INC-13222,4,0,1,3,5
INC-13223,7,0,1,1,3
INC-13224,0,1,1,0,0
INC-13225,0,4,1,1,0
INC-13226,1,0,1,0,2
INC-13227,5,10,3,2,6
INC-13228,0,7,1,1,7
INC-13229,6,0,1,3,5
INC-13230,6,4,0,3,5
INC-13231,6,1,1,3,7
INC-13232,0,8,1,1,0
INC-13233,4,7,1,3,7
INC-13234,7,0,1,0,0
INC-13235,2,4,1,2,4
INC-13236,4,6,0,1,8
INC-13237,0,2,3,1,3
INC-13238,4,0,1,2,5
INC-13239,1,2,0,1,2
INC-13240,7,0,2,1,5
INC-13241,1,8,1,1,2
INC-13242,4,0,0,3,7
INC-13243,4,5,1,2,8
INC-13244,0,1,0,1,0
INC-13245,5,0,3,3,6
INC-13246,0,9,1,1,4
INC-13247,2,0,2,2,2
INC-13248,4,0,1,0,8
INC-13249,3,0,3,3,1
INC-13250,0,6,2,1,0
INC-13251,1,2,2,0,2
INC-13252,5,1,1,3,7
INC-13253,0,0,1,0,0
INC-13254,7,4,1,1,9
INC-13255,5,8,1,3,6
INC-13256,0,0,0,1,0
INC-13257,6,2,1,2,5
INC-13258,0,1,1,1,0
INC-13259,0,8,1,0,0
INC-13260,1,8,0,0,2
INC-13261,6,0,0,3,5
INC-13262,2,10,0,1,7
INC-13263,2,1,2,0,7
INC-13264,6,0,1,3,5
INC-13265,4,1,1,0,8
INC-13266,6,0,1,2,5
INC-13267,1,3,0,0,7
INC-13268,6,6,1,2,5
INC-13269,7,4,1,2,9
INC-13270,2,0,0,1,3
INC-13271,6,9,1,3,5
INC-13272,2,0,1,1,2
INC-13273,7,0,1,1,5
INC-13274,4,0,1,1,8
INC-13275,1,10,1,1,2
INC-13276,2,0,1,1,3
INC-13277,3,0,3,2,1
INC-13278,3,10,3,1,1
INC-13279,7,3,1,1,7
INC-13280,0,9,0,0,0
INC-13281,0,9,1,1,0
INC-13282,3,10,3,1,1
INC-13283,4,8,1,2,8
INC-13284,3,3,3,2,1
INC-13285,2,4,1,1,7
INC-13286,5,0,3,3,6
INC-13287,6,10,1,3,5
INC-13288,1,7,0,1,2
INC-13289,6,1,1,3,5
INC-13290,0,5,1,1,0
INC-13291,4,0,1,3,5
INC-13292,3,8,3,2,1
INC-13293,7,3,1,1,0
INC-13294,0,4,1,1,2
INC-13295,4,0,1,2,7
INC-13296,2,5,2,0,4
INC-13297,6,0,0,3,5
INC-13298,1,0,1,1,2
INC-13299,0,3,0,0,0
INC-13300,7,4,1,1,9
INC-13301,0,10,1,1,0
INC-13302,2,9,1,1,7
INC-13303,0,4,1,1,0
INC-13304,2,1,0,2,5
INC-13305,1,1,1,1,2
INC-13306,2,7,0,1,7
INC-13307,6,2,1,3,7
INC-13308,0,8,0,1,0
INC-13309,6,5,1,3,5
INC-13310,0,9,0,1,0
INC-13311,3,1,3,2,1
INC-13312,0,0,2,0,0
INC-13313,0,2,0,0,0
INC-13314,6,0,0,3,5
INC-13315,6,0,1,2,5
INC-13316,7,3,1,1,7
INC-13317,4,0,1,2,8
INC-13318,0,0,2,1,1
INC-13319,7,3,1,1,7
INC-13320,6,1,1,3,5
INC-13321,1,5,1,1,2
INC-13322,7,2,1,1,9
INC-13323,3,2,3,3,1
INC-13324,2,0,1,0,3
INC-13325,2,4,0,0,4
INC-13326,2,0,1,1,0
INC-13327,7,10,1,1,7
INC-13328,6,0,1,3,5
INC-13329,0,1,0,1,2
INC-13330,5,0,2,3,6
INC-13331,3,0,3,1,1
INC-13332,4,1,1,2,7
INC-13333,2,4,0,0,7
INC-13334,3,7,2,2,1
INC-13335,3,0,3,2,1
INC-13336,5,0,1,3,6
INC-13337,5,5,2,3,6
INC-13338,0,7,1,0,0
INC-13339,1,0,0,0,2
INC-13340,6,6,2,2,5
INC-13341,6,1,1,3,7
INC-13342,6,9,1,3,5
INC-13343,2,0,1,1,3
INC-13344,0,0,2,1,0
INC-13345,1,1,1,0,2
INC-13346,0,0,1,1,0
INC-13347,5,1,1,1,7
INC-13348,1,0,1,1,2
INC-13349,7,0,2,1,0
INC-13350,7,0,2,1,0
INC-13351,4,0,2,3,8
INC-13352,6,10,1,3,5
INC-13353,1,1,2,1,7
INC-13354,0,8,1,1,0
INC-13355,6,0,1,2,5
INC-13356,7,3,1,1,7
INC-13357,0,0,3,1,0
INC-13358,5,9,2,3,6
INC-13359,3,9,3,0,1
INC-13360,2,4,1,1,2
INC-13361,0,7,2,0,7
INC-13362,4,1,1,2,8
INC-13363,5,0,1,2,6
INC-13364,5,1,2,2,7
INC-13365,4,0,1,0,8
INC-13366,5,0,2,2,6
INC-13367,1,5,0,0,2
INC-13368,0,0,1,1,0
INC-13369,7,1,1,1,5
INC-13370,0,1,1,0,0
INC-13371,7,3,1,0,9
INC-13372,7,8,2,1,9
INC-13373,4,1,1,2,7
INC-13374,0,0,1,2,0
INC-13375,0,0,2,1,0
INC-13376,2,0,1,0,4
INC-13377,0,5,0,0,0
INC-13378,6,10,1,2,5
INC-13379,2,9,1,0,4
INC-13380,2,0,2,1,3
INC-13381,0,0,2,1,0
INC-13382,6,4,1,3,5
INC-13383,7,0,1,1,5
INC-13384,0,0,2,0,0
INC-13385,5,2,2,1,6
INC-13386,5,8,1,2,8
INC-13387,7,0,2,0,0
INC-13388,3,10,3,3,1
INC-13389,7,0,2,1,0
INC-13390,3,0,3,2,7
INC-13391,0,6,1,0,0
INC-13392,5,9,1,2,6
INC-13393,7,0,1,1,0
INC-13394,2,0,2,2,7
INC-13395,6,0,1,3,5
INC-13396,0,10,1,1,0
INC-13397,2,7,1,1,4
INC-13398,6,4,1,3,5
INC-13399,6,0,0,3,5
INC-13400,0,10,1,1,8
INC-13401,0,0,2,1,0
INC-13402,4,3,0,1,8
INC-13403,5,7,1,3,6
INC-13404,6,7,0,3,7
INC-13405,6,0,1,3,5
INC-13406,1,2,2,0,2
INC-13407,1,0,1,0,2
INC-13408,5,4,1,3,6
INC-13409,3,3,3,1,1
INC-13410,1,10,2,0,2
INC-13411,0,2,1,1,0
INC-13412,1,6,2,0,2
INC-13413,1,8,1,1,7
INC-13414,6,2,1,3,5
INC-13415,3,8,3,1,9
INC-13416,3,0,3,2,1
INC-13417,6,8,2,3,9
INC-13418,6,1,1,1,7
INC-13419,6,4,1,2,5
INC-13420,2,6,2,1,7
INC-13421,2,0,1,1,2
INC-13422,3,3,3,1,1
INC-13423,6,0,1,3,5
INC-13424,5,5,1,3,6
INC-13425,4,0,0,2,5
INC-13426,4,2,1,1,7
INC-13427,0,3,1,1,0
INC-13428,3,7,3,2,1
INC-13429,1,0,1,0,2
INC-13430,3,0,3,0,1
INC-13431,0,0,1,0,0
INC-13432,1,0,2,1,2
INC-13433,6,6,1,3,5
INC-13434,7,1,1,1,7
INC-13435,1,0,1,0,2
INC-13436,2,8,1,1,0
INC-13437,5,10,1,2,6
INC-13438,0,0,2,1,0
INC-13439,4,3,1,2,8
INC-13440,1,3,1,1,2
INC-13441,0,0,2,1,0
INC-13442,4,7,0,2,7
INC-13443,0,5,1,1,0
INC-13444,7,0,1,1,2
INC-13445,6,0,1,3,5
INC-13446,3,0,3,3,1
INC-13447,3,0,3,2,1
INC-13448,2,0,1,1,2
INC-13449,6,10,1,2,5
INC-13450,1,5,1,1,7
INC-13451,7,0,1,2,5
INC-13452,5,5,2,3,6
INC-13453,4,0,1,2,8
INC-13454,2,9,1,1,7
INC-13455,0,2,3,1,3
INC-13456,6,9,2,3,7
INC-13457,1,0,1,0,2
INC-13458,0,2,1,1,0
INC-13459,6,10,2,3,5
INC-13460,5,10,2,3,6
INC-13461,0,3,1,0,0
INC-13462,6,6,0,3,5
INC-13463,2,4,1,0,4
INC-13464,5,7,3,2,6
INC-13465,6,5,2,2,5
INC-13466,3,7,3,2,1
INC-13467,3,0,3,2,1
INC-13468,0,0,1,1,0
INC-13469,2,4,2,2,7
INC-13470,2,1,1,1,4
INC-13471,4,1,1,2,1
INC-13472,0,0,0,0,2
INC-13473,6,0,2,3,5
INC-13474,4,0,0,3,8
INC-13475,2,1,1,1,7
INC-13476,2,0,1,1,3
INC-13477,6,7,1,3,7
INC-13478,1,2,0,1,2
INC-13479,3,10,3,2,1
INC-13480,4,0,0,1,8
INC-13481,2,5,1,1,7
INC-13482,1,0,1,1,2
INC-13483,5,1,2,3,7
INC-13484,0,0,1,1,0
INC-13485,2,3,3,0,4
INC-13486,5,5,2,1,7
INC-13487,1,0,2,0,2
INC-13488,1,1,0,1,7
INC-13489,7,2,2,1,9
INC-13490,1,1,1,0,2
INC-13491,0,1,0,1,0
INC-13492,5,3,2,3,7
INC-13493,4,0,1,2,5
INC-13494,0,3,1,0,0
INC-13495,7,1,1,1,7
INC-13496,0,3,1,1,0
INC-13497,2,4,0,0,4
INC-13498,6,4,2,3,5
INC-13499,6,1,1,2,5
INC-13500,1,2,3,0,2
INC-13501,0,0,1,1,0
INC-13502,2,6,1,1,7
INC-13503,2,1,0,2,7
INC-13504,2,0,2,2,5
INC-13505,3,1,3,1,1
INC-13506,1,2,1,1,2
INC-13507,4,2,1,2,5
INC-13508,1,7,0,0,7
INC-13509,1,0,2,0,2
INC-13510,0,6,1,0,0
INC-13511,7,7,2,1,7
INC-13512,2,1,0,2,4
INC-13513,0,2,0,1,2
INC-13514,1,0,0,1,2
INC-13515,0,9,0,1,0
INC-13516,4,0,1,3,8
INC-13517,0,9,1,1,0
INC-13518,1,4,2,0,2
INC-13519,3,7,2,1,7
INC-13520,0,6,2,2,0
INC-13521,0,10,0,1,0
INC-13522,6,4,2,2,5
INC-13523,0,0,2,1,0
INC-13524,2,0,0,1,4
INC-13525,0,0,2,1,0
INC-13526,5,9,3,3,1
INC-13527,0,3,1,0,2
INC-13528,7,0,2,1,0
INC-13529,2,3,1,1,0
INC-13530,7,9,2,2,9
INC-13531,6,3,1,3,5
INC-13532,6,1,0,2,5
INC-13533,1,4,1,0,2
INC-13534,0,9,1,1,0
INC-13535,5,3,2,3,6
INC-13536,6,6,1,2,5
INC-13537,1,0,1,0,2
INC-13538,1,0,1,1,2
INC-13539,1,9,1,1,2
INC-13540,2,3,0,1,7
INC-13541,5,7,2,3,7
INC-13542,4,0,1,1,8
INC-13543,6,2,2,3,5
INC-13544,4,6,1,3,5
INC-13545,5,3,2,2,6
INC-13546,2,10,1,1,4
INC-13547,4,6,1,2,5
INC-13548,7,3,1,2,9
INC-13549,3,0,3,2,1
INC-13550,5,0,1,2,5
INC-13551,6,3,1,3,5
INC-13552,6,1,0,3,5
INC-13553,0,6,1,0,9
INC-13554,0,0,1,1,0
INC-13555,7,9,0,1,7
INC-13556,7,0,1,2,2
INC-13557,4,7,1,2,7
INC-13558,0,9,1,0,2
INC-13559,7,4,1,2,9
INC-13560,4,2,1,3,7
INC-13561,7,6,1,2,9
INC-13562,3,6,3,2,1
INC-13563,7,0,1,2,9
INC-13564,2,0,1,1,3
INC-13565,2,1,1,2,7
INC-13566,6,5,1,3,5
INC-13567,6,5,1,3,5
INC-13568,5,0,2,1,7
INC-13569,0,4,0,1,2
INC-13570,2,5,1,2,4
INC-13571,6,0,1,2,5
INC-13572,4,1,0,1,5
INC-13573,4,0,1,2,8
INC-13574,3,3,3,2,1
INC-13575,0,3,1,1,0
INC-13576,6,0,0,3,5
INC-13577,0,0,0,1,0
INC-13578,7,6,1,1,9
INC-13579,1,2,2,0,7
INC-13580,2,10,0,1,7
INC-13581,4,5,1,1,7
INC-13582,1,3,1,0,2
INC-13583,1,0,1,1,8
INC-13584,5,1,2,2,7
INC-13585,1,9,2,0,2
INC-13586,7,4,1,2,9
INC-13587,1,1,0,1,8
INC-13588,3,4,3,1,1
INC-13589,2,4,0,2,7
INC-13590,2,6,1,2,7
INC-13591,3,2,3,1,1
INC-13592,7,2,1,0,9
INC-13593,3,1,3,1,1
INC-13594,0,1,0,0,0
INC-13595,0,0,1,2,0
INC-13596,3,8,3,1,1
INC-13597,2,4,2,1,7
INC-13598,7,3,1,1,9
INC-13599,0,0,0,1,0
INC-13600,5,0,1,1,5
INC-13601,0,10,1,1,0
INC-13602,3,8,3,1,1
INC-13603,0,4,1,1,0
INC-13604,4,3,1,2,7
INC-13605,3,10,3,3,1
INC-13606,7,9,1,1,7
INC-13607,3,1,3,1,4
INC-13608,6,1,0,3,5
INC-13609,4,1,1,3,7
INC-13610,1,4,1,1,2
INC-13611,6,0,1,3,5
INC-13612,3,0,3,2,1
INC-13613,4,1,1,1,8
INC-13614,4,0,1,2,2
INC-13615,0,2,1,1,0
INC-13616,5,7,1,3,7
INC-13617,5,3,1,3,6
INC-13618,6,10,1,3,5
INC-13619,4,7,0,2,7
INC-13620,0,8,1,1,0
INC-13621,3,0,3,2,1
INC-13622,2,7,1,1,7
INC-13623,3,10,3,1,1
INC-13624,3,0,3,2,1
INC-13625,6,0,1,3,5
INC-13626,7,5,1,2,4
INC-13627,3,4,3,1,9
INC-13628,3,9,3,1,9
INC-13629,2,7,0,1,4
INC-13630,3,10,3,2,1
INC-13631,1,7,2,0,3
INC-13632,6,5,1,3,5
INC-13633,4,8,0,3,7
INC-13634,2,10,1,1,7
INC-13635,4,0,1,2,8
INC-13636,4,0,0,2,8
INC-13637,0,6,0,1,2
INC-13638,2,4,0,0,7
INC-13639,2,10,3,2,1
INC-13640,6,7,1,3,5
INC-13641,4,10,1,1,4
INC-13642,4,4,1,3,8
INC-13643,0,3,1,1,2
INC-13644,3,0,3,3,1
INC-13645,7,7,2,1,7
INC-13646,4,8,1,2,5
INC-13647,0,0,2,1,0
INC-13648,2,2,1,1,7
INC-13649,3,0,3,2,1
INC-13650,2,2,1,1,7
INC-13651,2,5,1,0,4
INC-13652,0,9,1,1,3
INC-13653,7,7,1,1,7
INC-13654,2,1,2,1,7
INC-13655,2,8,0,2,4
INC-13656,3,7,2,2,1
INC-13657,4,10,1,2,5
INC-13658,5,0,2,2,5
INC-13659,0,0,1,1,0
INC-13660,7,6,1,2,9
INC-13661,7,7,1,1,3
INC-13662,2,0,2,1,3
INC-13663,0,1,3,0,7
INC-13664,5,10,1,3,6
INC-13665,6,10,1,2,5
INC-13666,7,0,1,1,3
INC-13667,4,0,1,3,8
INC-13668,7,3,2,2,9
INC-13669,6,1,1,3,5
INC-13670,1,0,1,0,2
INC-13671,4,0,0,1,8
INC-13672,7,10,1,0,9
INC-13673,6,6,0,3,5
INC-13674,3,0,3,1,1
INC-13675,6,0,1,3,5
INC-13676,6,2,1,3,5
INC-13677,6,1,1,3,5
INC-13678,2,10,3,1,4
INC-13679,6,0,1,3,5
INC-13680,6,7,2,3,7
INC-13681,6,4,1,2,5
INC-13682,1,7,1,1,7
INC-13683,0,0,1,1,0
INC-13684,1,5,2,0,2
INC-13685,7,0,1,2,3
INC-13686,6,1,2,3,7
INC-13687,2,8,0,2,7
INC-13688,4,0,1,1,8
INC-13689,2,0,1,0,2
INC-13690,3,10,3,2,1
INC-13691,4,0,1,2,8
INC-13692,1,4,2,0,2
INC-13693,0,0,2,1,0
INC-13694,4,2,1,3,1
INC-13695,7,0,1,2,0
INC-13696,4,0,1,2,8
INC-13697,2,6,1,1,2
INC-13698,7,1,1,2,9
INC-13699,0,10,1,1,0
INC-13700,4,0,1,1,8
INC-13701,1,7,1,0,2
INC-13702,4,0,0,2,5
INC-13703,0,8,0,0,0
INC-13704,3,0,3,1,1
INC-13705,3,4,3,1,5
INC-13706,4,0,2,2,8
INC-13707,3,8,3,2,1
INC-13708,5,0,1,2,6
INC-13709,2,8,2,1,7
INC-13710,0,0,1,1,0
INC-13711,0,3,0,0,0
INC-13712,0,3,0,0,0
INC-13713,2,0,0,1,3
INC-13714,0,5,1,1,0
INC-13715,0,9,0,1,0
INC-13716,0,0,2,1,0
INC-13717,6,9,0,3,5
INC-13718,2,0,0,1,3
INC-13719,5,0,2,3,6
INC-13720,1,3,1,1,2
INC-13721,5,2,1,2,6
INC-13722,6,0,2,3,7
INC-13723,2,3,1,2,7
INC-13724,5,0,3,2,6
INC-13725,3,3,3,3,1
INC-13726,5,0,0,3,5
INC-13727,0,0,1,1,0
INC-13728,3,2,3,1,1
INC-13729,0,8,1,1,0
INC-13730,3,0,3,1,1
INC-13731,0,0,2,1,0
INC-13732,6,9,1,3,7
INC-13733,2,0,1,1,3
INC-13734,0,1,0,0,0
INC-13735,1,2,1,1,2
INC-13736,1,0,1,0,2
INC-13737,0,0,1,0,0
INC-13738,0,7,1,0,0
INC-13739,4,0,1,1,8
INC-13740,6,2,1,3,5
INC-13741,0,0,2,1,2
INC-13742,2,3,1,2,4
INC-13743,6,10,0,2,5
INC-13744,6,9,1,3,5
INC-13745,3,0,3,2,1
INC-13746,0,0,1,0,0
INC-13747,2,0,0,2,7
INC-13748,2,6,1,1,7
INC-13749,0,0,2,1,0
INC-13750,6,1,2,2,5
INC-13751,0,5,1,0,0
INC-13752,0,8,0,1,0
INC-13753,5,9,2,2,7
INC-13754,6,3,0,3,5
INC-13755,2,2,2,1,7
INC-13756,7,0,1,2,2
INC-13757,6,5,1,3,5
INC-13758,0,7,1,1,0
INC-13759,7,0,0,1,3
INC-13760,0,8,3,1,0
INC-13761,6,0,0,2,5
INC-13762,2,1,1,0,4
INC-13763,2,10,1,0,3
INC-13764,7,0,0,2,9
INC-13765,0,4,1,1,0
INC-13766,4,7,1,1,8
INC-13767,7,3,0,1,1
INC-13768,2,5,0,1,4
INC-13769,0,0,1,0,0
INC-13770,3,4,3,1,6
INC-13771,4,4,0,3,5
INC-13772,7,1,1,1,3
INC-13773,7,10,1,1,9
INC-13774,2,0,0,0,3
INC-13775,1,0,0,1,2
INC-13776,3,10,3,1,2
INC-13777,6,7,0,3,5
INC-13778,6,0,1,3,5
INC-13779,3,1,3,1,4
INC-13780,5,0,2,2,1
INC-13781,5,0,2,3,6
INC-13782,2,10,1,0,7
INC-13783,2,10,1,1,7
INC-13784,0,3,2,1,0
INC-13785,4,10,1,3,7
INC-13786,7,0,2,1,3
INC-13787,0,0,1,1,0
INC-13788,3,0,2,1,1
INC-13789,6,1,1,3,5
INC-13790,2,0,2,1,2
INC-13791,0,3,1,1,0
INC-13792,2,1,2,0,7
INC-13793,4,0,1,1,5
INC-13794,1,1,1,0,7
INC-13795,4,1,1,3,5
INC-13796,0,9,0,0,0
INC-13797,7,0,1,1,3
INC-13798,7,8,1,2,9
INC-13799,6,5,2,3,5
INC-13800,6,1,1,3,5
INC-13801,7,9,1,1,4
INC-13802,6,0,1,1,5
INC-13803,4,1,0,2,5
INC-13804,5,0,3,1,6
INC-13805,3,4,3,2,1
INC-13806,6,3,0,3,3
INC-13807,1,0,0,0,2
INC-13808,0,8,1,0,0
INC-13809,1,2,1,0,7
INC-13810,2,10,1,2,4
INC-13811,6,3,1,3,5
INC-13812,2,2,0,1,7
INC-13813,4,0,1,2,8
INC-13814,1,2,0,0,2
INC-13815,5,7,1,3,6
INC-13816,6,4,0,3,5
INC-13817,2,0,1,0,3
INC-13818,0,1,1,1,0
INC-13819,5,1,3,2,6
INC-13820,0,0,1,1,0
INC-13821,2,5,1,1,4
INC-13822,6,9,2,3,5
INC-13823,3,5,3,2,1
INC-13824,6,9,0,3,5
INC-13825,7,2,2,2,9
INC-13826,5,2,3,3,1
INC-13827,0,1,2,1,0
INC-13828,3,10,3,2,1
INC-13829,6,2,0,3,5
INC-13830,0,6,1,0,0
INC-13831,6,0,1,3,5
INC-13832,3,7,3,2,1
INC-13833,1,3,2,0,2
INC-13834,6,2,0,3,5
INC-13835,3,1,3,1,1
INC-13836,1,0,1,1,2
INC-13837,6,0,1,3,5
INC-13838,6,0,1,3,5
INC-13839,3,1,3,1,1
INC-13840,0,0,1,1,0
INC-13841,2,6,1,0,3
INC-13842,7,1,1,1,7
INC-13843,0,7,2,0,0
INC-13844,0,1,1,1,0
INC-13845,0,7,1,1,0
INC-13846,6,10,1,3,5
INC-13847,2,7,1,2,7
INC-13848,6,0,0,3,5
INC-13849,1,2,1,1,2
INC-13850,0,0,1,1,0
INC-13851,0,3,1,1,0
INC-13852,7,0,1,2,9
INC-13853,0,0,1,1,0
INC-13854,2,0,1,0,3
INC-13855,1,4,1,0,2
INC-13856,5,0,1,3,6
INC-13857,3,4,3,2,9
INC-13858,2,9,1,1,7
INC-13859,4,7,1,3,7
INC-13860,6,5,1,3,5
INC-13861,1,0,2,1,3
INC-13862,0,4,1,1,0
INC-13863,1,10,1,1,2
INC-13864,0,0,0,0,0
INC-13865,0,4,1,1,0
INC-13866,3,10,3,3,1
INC-13867,1,0,1,1,2
INC-13868,7,1,1,1,7
INC-13869,2,0,1,1,0
INC-13870,7,1,1,1,7
INC-13871,2,1,2,1,9
INC-13872,0,2,3,1,0
INC-13873,7,8,1,0,9
INC-13874,2,0,2,2,7
INC-13875,4,0,1,1,8
INC-13876,6,0,1,3,5
INC-13877,4,5,0,3,5
INC-13878,3,2,3,2,1
INC-13879,4,0,1,3,1
INC-13880,0,9,1,1,0
INC-13881,2,5,1,2,4
INC-13882,7,4,1,1,9
INC-13883,2,0,1,1,0
INC-13884,7,7,1,1,7
INC-13885,7,0,1,1,0
INC-13886,7,6,2,2,9
INC-13887,6,2,2,3,7
INC-13888,6,0,1,2,5
INC-13889,3,10,3,2,1
INC-13890,0,2,1,0,0
INC-13891,3,4,3,1,9
INC-13892,1,1,1,0,2
INC-13893,0,6,1,1,0
INC-13894,7,0,1,2,0
INC-13895,1,0,2,0,2
INC-13896,0,1,1,0,9
INC-13897,4,2,1,2,8
INC-13898,7,7,1,2,7
INC-13899,1,9,1,1,2
INC-13900,0,2,1,0,0
INC-13901,0,8,1,0,0
INC-13902,0,10,0,1,0
INC-13903,3,9,3,1,1
INC-13904,2,0,2,2,4
INC-13905,3,3,3,1,1
INC-13906,4,5,0,2,5
INC-13907,1,0,2,0,2
INC-13908,0,3,2,1,0
INC-13909,3,0,3,3,1
INC-13910,1,7,1,1,2
INC-13911,6,3,1,3,5
INC-13912,3,4,3,2,1
INC-13913,2,1,2,1,4
INC-13914,2,6,1,1,3
INC-13915,1,1,1,1,2
INC-13916,6,1,0,2,5
INC-13917,0,9,1,1,0
INC-13918,2,0,1,1,3
INC-13919,0,7,0,0,0
INC-13920,0,0,2,1,0
INC-13921,2,2,1,1,3
INC-13922,0,0,1,0,0
INC-13923,7,9,1,2,7
INC-13924,2,0,1,1,7
INC-13925,4,8,0,2,7
INC-13926,0,0,1,1,0
INC-13927,7,8,1,1,9
INC-13928,7,8,1,1,9
INC-13929,4,1,1,3,5
INC-13930,6,10,0,3,5
INC-13931,4,0,0,2,8
INC-13932,1,0,2,0,2
INC-13933,0,0,1,1,0
INC-13934,0,0,0,0,0
INC-13935,5,0,2,2,6
INC-13936,1,0,1,0,2
INC-13937,4,10,0,3,1
INC-13938,0,0,0,1,0
INC-13939,0,4,1,1,0
INC-13940,3,4,3,1,1
INC-13941,2,10,2,1,4
INC-13942,2,1,1,1,7
INC-13943,0,2,0,0,0
INC-13944,5,8,2,3,6
INC-13945,6,9,0,3,7
INC-13946,0,1,0,1,0
INC-13947,0,4,0,0,0
INC-13948,5,7,1,3,4
INC-13949,1,0,1,0,2
INC-13950,0,0,2,1,0
INC-13951,3,8,3,2,1
INC-13952,0,4,1,1,0
INC-13953,7,3,1,1,9
INC-13954,2,1,1,1,4
INC-13955,1,0,1,1,2
INC-13956,6,6,1,3,5
INC-13957,6,6,1,3,5
INC-13958,6,0,1,3,5
INC-13959,2,0,2,0,7
INC-13960,0,6,1,1,0
INC-13961,0,3,1,1,0
INC-13962,6,1,0,3,5
INC-13963,2,0,0,1,5
INC-13964,0,2,0,1,0
INC-13965,0,10,1,0,0
INC-13966,4,9,1,1,8
INC-13967,4,0,0,2,8
INC-13968,0,5,1,1,0
INC-13969,5,4,2,2,6
INC-13970,0,1,1,1,0
INC-13971,5,0,1,2,5
INC-13972,0,9,2,1,0
INC-13973,7,8,1,2,9
INC-13974,5,0,2,2,7
INC-13975,7,0,1,1,0
INC-13976,6,0,1,3,5
INC-13977,1,0,1,1,2
INC-13978,4,10,1,2,5
INC-13979,5,0,2,3,5
INC-13980,0,1,2,0,7
INC-13981,4,10,1,0,8
INC-13982,3,0,2,1,3
INC-13983,7,0,2,1,3
INC-13984,4,0,1,1,8
INC-13985,0,0,1,1,0
INC-13986,5,2,2,2,1
INC-13987,6,8,1,3,5
INC-13988,1,0,2,1,2
INC-13989,1,5,0,1,7
INC-13990,4,2,0,1,7
INC-13991,7,8,1,1,9
INC-13992,5,1,2,1,7
INC-13993,6,5,1,2,5
INC-13994,0,0,1,1,0
INC-13995,5,1,1,1,7
INC-13996,4,7,2,3,5
INC-13997,1,1,1,0,7
INC-13998,6,2,0,3,5
INC-13999,4,0,0,2,5
INC-14000,2,0,1,1,3
INC-14001,4,1,0,1,7
INC-14002,1,0,2,0,2
INC-14003,3,9,3,2,1
INC-14004,0,3,2,1,0
INC-14005,1,7,0,0,2
INC-14006,0,0,0,0,0
INC-14007,0,0,1,0,0
INC-14008,4,9,1,3,5
INC-14009,4,6,1,2,8
INC-14010,0,9,2,1,7
INC-14011,3,5,3,1,4
INC-14012,4,2,1,3,5
INC-14013,0,7,0,0,0
INC-14014,7,2,1,1,7
INC-14015,5,9,1,3,6
INC-14016,0,2,0,1,0
INC-14017,3,0,2,2,1
INC-14018,2,1,2,1,7
INC-14019,1,5,1,1,2
INC-14020,0,0,1,1,0
INC-14021,7,0,1,1,6
INC-14022,2,0,2,1,2
INC-14023,0,1,3,1,0
INC-14024,3,7,3,1,1
INC-14025,6,1,2,2,6
INC-14026,0,0,1,1,0
INC-14027,6,0,1,2,5
INC-14028,7,2,1,0,4
INC-14029,7,4,1,1,9
INC-14030,1,1,2,0,7
INC-14031,0,0,2,1,0
INC-14032,3,8,3,2,9
INC-14033,0,0,1,0,0
INC-14034,5,2,1,3,1
INC-14035,2,1,1,1,9
INC-14036,1,1,2,0,7
INC-14037,2,0,1,2,0
INC-14038,0,0,0,1,4
INC-14039,0,10,1,1,0
INC-14040,0,0,2,1,0
INC-14041,3,0,3,1,1
INC-14042,0,0,0,0,0
INC-14043,3,0,3,2,1
INC-14044,4,10,1,1,8
INC-14045,5,4,2,2,6
INC-14046,3,0,3,2,1
INC-14047,3,1,3,2,1
INC-14048,6,0,0,3,5
INC-14049,2,0,1,1,3
INC-14050,1,0,2,0,2
INC-14051,3,0,3,1,1
INC-14052,6,0,1,3,5
INC-14053,2,1,1,1,7
INC-14054,7,1,2,2,7
INC-14055,4,8,1,3,8
INC-14056,2,0,1,1,2
INC-14057,2,2,0,0,7
INC-14058,6,5,1,3,5
INC-14059,7,8,0,1,9
INC-14060,0,1,0,0,0
INC-14061,6,1,1,3,7
INC-14062,7,10,1,1,9
INC-14063,6,5,0,1,3
INC-14064,0,1,1,1,0
INC-14065,7,9,1,2,7
INC-14066,0,10,2,0,0
INC-14067,0,5,1,1,0
INC-14068,2,7,1,1,7
INC-14069,4,9,1,3,5
INC-14070,7,10,1,1,9
INC-14071,2,10,1,1,7
INC-14072,6,0,1,3,5
INC-14073,4,4,0,2,5
INC-14074,5,0,2,3,7
INC-14075,3,6,3,1,1
INC-14076,5,1,2,2,6
INC-14077,7,0,2,2,9
INC-14078,6,5,0,3,5
INC-14079,7,7,1,1,4
INC-14080,3,0,3,1,1
INC-14081,5,9,2,3,7
INC-14082,4,5,1,2,8
INC-14083,0,6,0,1,0
INC-14084,7,0,1,2,5
INC-14085,0,0,2,1,0
INC-14086,2,5,1,2,4
INC-14087,7,6,1,2,9
INC-14088,3,0,3,2,1
INC-14089,2,0,1,1,3
INC-14090,2,8,0,1,7
INC-14091,2,3,1,1,7
INC-14092,3,8,3,2,1
INC-14093,2,1,1,2,7
INC-14094,1,9,1,0,2
INC-14095,6,1,0,2,5
INC-14096,7,9,1,1,7
INC-14097,2,4,2,1,7
INC-14098,3,0,3,2,1
INC-14099,1,1,1,0,2
INC-14100,0,7,2,1,7
INC-14101,0,10,1,0,7
INC-14102,0,6,2,1,0
INC-14103,1,4,1,0,2
INC-14104,1,1,1,1,2
INC-14105,1,4,2,0,2
INC-14106,3,6,3,0,1
INC-14107,2,5,1,1,4
INC-14108,3,0,2,2,1
INC-14109,5,7,3,3,6
INC-14110,5,4,2,1,6
INC-14111,6,4,1,2,5
INC-14112,5,2,1,2,6
INC-14113,0,2,1,0,0
INC-14114,5,0,2,2,5
INC-14115,7,5,1,1,2
INC-14116,3,1,3,2,1
INC-14117,6,0,1,3,5
INC-14118,7,9,0,2,5
INC-14119,0,0,0,1,0
INC-14120,0,9,2,0,0
INC-14121,4,5,1,3,8
INC-14122,5,0,2,3,6
INC-14123,1,5,2,1,2
INC-14124,2,0,1,1,3
INC-14125,6,4,2,3,5
INC-14126,6,0,1,2,5
INC-14127,4,0,2,2,2
INC-14128,1,4,0,1,9
INC-14129,7,2,2,1,7
INC-14130,7,0,1,1,2
INC-14131,2,4,2,1,7
INC-14132,2,0,1,1,0
INC-14133,1,10,1,0,2
INC-14134,7,1,0,1,7
INC-14135,2,7,0,2,7
INC-14136,0,0,0,0,0
INC-14137,6,2,0,2,5
INC-14138,7,2,1,1,9
INC-14139,2,0,2,1,3
INC-14140,4,0,1,3,5
INC-14141,0,1,1,1,0
INC-14142,7,0,0,1,3
INC-14143,4,0,0,1,8
INC-14144,1,6,1,1,2
INC-14145,0,1,1,1,0
INC-14146,1,10,1,1,2
INC-14147,5,0,3,3,6
INC-14148,4,0,1,3,1
INC-14149,0,0,2,0,0
INC-14150,0,7,1,1,0
INC-14151,0,2,1,0,0
INC-14152,7,0,2,1,3
INC-14153,6,2,1,2,1
INC-14154,0,3,0,1,0
INC-14155,7,0,2,0,0
INC-14156,5,1,1,2,6
INC-14157,6,7,2,3,5
INC-14158,7,3,0,2,7
INC-14159,6,0,1,2,5
INC-14160,6,4,1,3,9
INC-14161,1,3,0,0,7
INC-14162,1,9,1,1,2
INC-14163,1,0,1,1,2
INC-14164,7,0,1,1,2
INC-14165,0,3,2,1,7
INC-14166,5,1,1,3,7
INC-14167,2,0,2,1,8
INC-14168,5,3,2,2,6
INC-14169,0,0,0,1,0
INC-14170,6,0,2,1,7
INC-14171,6,3,1,2,5
INC-14172,4,0,2,2,5
INC-14173,2,0,2,0,2
INC-14174,7,4,2,0,9
INC-14175,6,0,1,3,5
INC-14176,0,3,2,1,0
INC-14177,5,1,2,3,6
INC-14178,4,0,1,2,8
INC-14179,1,0,1,0,2
INC-14180,6,0,0,3,5
INC-14181,6,7,1,3,5
INC-14182,1,4,0,1,3
INC-14183,2,0,1,0,0
INC-14184,0,0,1,1,0
INC-14185,2,9,0,1,0
INC-14186,7,1,0,1,7
INC-14187,0,1,1,0,0
INC-14188,0,9,0,0,0
INC-14189,7,0,1,2,9
INC-14190,7,8,2,1,9
INC-14191,6,0,1,3,7
INC-14192,5,0,3,1,1
INC-14193,1,3,0,0,2
INC-14194,2,6,0,1,7
INC-14195,0,6,2,0,0
INC-14196,0,4,3,1,0
INC-14197,7,0,1,1,0
INC-14198,7,6,1,1,9
INC-14199,7,0,1,2,9
INC-14200,7,0,1,1,0
INC-14201,1,1,1,1,2
INC-14202,7,0,1,1,3
INC-14203,5,0,1,3,1
INC-14204,6,3,0,2,5
INC-14205,1,0,1,0,2
INC-14206,1,2,0,1,2
INC-14207,7,0,1,2,9
INC-14208,1,1,0,0,2
INC-14209,4,0,0,2,5
INC-14210,6,8,1,3,5
INC-14211,0,1,1,1,0
INC-14212,4,1,2,3,7
INC-14213,0,2,1,0,0
INC-14214,1,1,2,1,7
INC-14215,6,10,1,3,5
INC-14216,7,4,1,1,9
INC-14217,0,8,2,0,0
INC-14218,1,5,1,1,2
INC-14219,0,2,2,0,0
INC-14220,0,4,1,1,0
INC-14221,2,9,1,2,4
INC-14222,5,0,2,3,5
INC-14223,5,0,2,3,6
INC-14224,2,0,1,1,2
INC-14225,2,3,2,2,7
INC-14226,3,0,3,1,1
INC-14227,4,2,1,2,5
INC-14228,4,3,1,2,7
INC-14229,3,1,3,1,1
INC-14230,2,3,1,1,7
INC-14231,6,5,1,3,5
INC-14232,2,1,2,0,7
INC-14233,6,0,0,3,5
INC-14234,2,4,0,1,7
INC-14235,4,7,1,3,7
INC-14236,5,1,2,3,7
INC-14237,0,2,1,0,0
INC-14238,0,5,2,1,0
INC-14239,5,0,2,3,5
INC-14240,0,10,0,0,0
INC-14241,6,0,0,1,5
INC-14242,6,1,1,3,7
INC-14243,7,5,1,1,7
INC-14244,6,0,1,3,5
INC-14245,7,4,1,1,9
INC-14246,6,1,1,3,7
INC-14247,2,4,1,2,7
INC-14248,1,0,2,1,2
INC-14249,0,6,1,1,0
INC-14250,1,0,1,1,2
INC-14251,1,0,2,0,2
INC-14252,4,0,2,1,8
INC-14253,2,0,2,1,3
INC-14254,2,0,1,1,5
INC-14255,7,1,1,1,7
INC-14256,0,0,1,1,0
INC-14257,2,9,0,1,7
INC-14258,2,4,1,1,4
INC-14259,1,8,1,1,2
INC-14260,6,0,1,3,1
INC-14261,0,0,2,0,0
INC-14262,6,9,1,3,5
INC-14263,3,6,2,3,1
INC-14264,4,1,0,2,7
INC-14265,7,6,1,1,9
INC-14266,0,1,1,1,0
INC-14267,4,7,1,0,8
INC-14268,1,0,1,1,2
INC-14269,7,1,2,1,7
INC-14270,0,0,0,0,0
INC-14271,7,8,2,0,9
INC-14272,3,0,3,1,1
INC-14273,3,0,3,2,1
INC-14274,2,5,0,0,2
INC-14275,6,0,1,3,5
INC-14276,6,1,1,3,5
INC-14277,3,0,3,2,1
INC-14278,7,1,1,2,7
INC-14279,3,0,3,1,1
INC-14280,0,0,1,0,0
INC-14281,2,0,0,1,3
INC-14282,3,10,3,1,1
INC-14283,4,1,1,2,5
INC-14284,2,0,1,2,2
INC-14285,1,1,1,1,2
INC-14286,6,4,1,3,9
INC-14287,7,10,1,2,9
INC-14288,0,5,1,0,6
INC-14289,2,0,0,1,7
INC-14290,0,6,1,0,0
INC-14291,0,3,1,1,7
INC-14292,7,0,2,0,0
INC-14293,4,2,1,2,7
INC-14294,6,0,1,3,5
INC-14295,0,0,1,1,0
INC-14296,2,1,0,0,7
INC-14297,7,0,1,1,0
INC-14298,2,3,1,1,7
INC-14299,5,6,2,3,9
INC-14300,4,2,1,2,8
INC-14301,1,3,0,1,7
INC-14302,5,8,3,3,6
INC-14303,3,7,3,2,1
INC-14304,4,3,1,2,8
INC-14305,6,3,2,2,5
INC-14306,3,2,3,2,1
INC-14307,4,6,1,2,7
INC-14308,0,8,1,0,0
INC-14309,6,0,1,3,5
INC-14310,0,3,2,1,2
INC-14311,6,4,0,3,4
INC-14312,0,2,0,0,0
INC-14313,2,3,1,1,7
INC-14314,0,0,1,1,0
INC-14315,2,10,1,2,7
INC-14316,6,0,1,3,5
INC-14317,0,0,1,0,0
INC-14318,4,2,0,3,7
INC-14319,4,10,0,2,5
INC-14320,5,2,2,3,6
INC-14321,2,0,2,1,3
INC-14322,2,6,2,2,4
INC-14323,6,1,0,3,7
INC-14324,3,2,3,1,1
INC-14325,7,5,1,1,4
INC-14326,0,9,0,1,7
INC-14327,6,0,1,2,5
INC-14328,0,10,1,1,0
INC-14329,1,0,1,0,2
INC-14330,0,9,1,0,0
INC-14331,5,2,1,3,6
INC-14332,4,3,1,2,5
INC-14333,5,10,2,3,6
INC-14334,0,0,2,0,0
INC-14335,3,3,2,1,1
INC-14336,0,2,1,0,0
INC-14337,6,3,1,3,5
INC-14338,1,0,2,0,2
INC-14339,2,10,1,0,4
INC-14340,1,0,1,1,2
INC-14341,2,9,1,2,4
INC-14342,6,0,1,3,5
INC-14343,0,0,3,1,2
INC-14344,4,0,1,2,8
INC-14345,0,0,0,1,0
INC-14346,7,2,1,1,9
INC-14347,6,7,1,3,5
INC-14348,4,0,0,3,5
INC-14349,5,8,1,3,6
INC-14350,4,0,0,2,8
INC-14351,2,0,1,1,0
INC-14352,4,1,2,1,7
INC-14353,6,3,1,3,5
INC-14354,2,0,1,1,3
INC-14355,5,6,1,2,6
INC-14356,6,10,0,3,5
INC-14357,3,2,3,2,1
INC-14358,3,2,3,1,1
INC-14359,3,3,3,1,4
INC-14360,4,0,0,2,5
INC-14361,2,6,1,1,3
INC-14362,7,0,1,1,3
INC-14363,1,4,0,1,7
INC-14364,0,8,1,1,0
INC-14365,0,10,1,0,0
INC-14366,2,6,1,1,7
INC-14367,2,8,2,0,4
INC-14368,0,1,1,1,0
INC-14369,0,8,1,1,0
INC-14370,4,0,2,3,1
INC-14371,0,0,1,1,0
INC-14372,2,0,0,1,3
INC-14373,4,0,2,3,8
INC-14374,7,0,2,2,7
INC-14375,2,0,1,0,0
INC-14376,0,4,2,1,3
INC-14377,0,0,1,0,0
INC-14378,4,0,1,2,8
INC-14379,6,3,0,3,7
INC-14380,0,0,2,0,0
INC-14381,0,3,1,1,0
INC-14382,3,0,3,1,1
INC-14383,7,1,1,1,7
INC-14384,2,7,1,1,7
INC-14385,0,0,2,1,0
INC-14386,2,3,1,1,7
INC-14387,0,2,0,1,4
INC-14388,6,6,1,3,5
INC-14389,6,0,0,3,5
INC-14390,0,4,1,0,0
INC-14391,7,0,1,1,9
INC-14392,1,4,1,0,2
INC-14393,1,4,1,0,2
INC-14394,6,2,1,3,5
INC-14395,5,0,2,3,6
INC-14396,2,0,2,1,3
INC-14397,2,0,1,1,3
INC-14398,3,2,3,1,1
INC-14399,7,10,2,0,9
INC-14400,0,0,0,0,0
INC-14401,1,1,1,0,2
INC-14402,0,2,2,1,7
INC-14403,0,0,1,0,0
INC-14404,1,0,2,1,2
INC-14405,6,9,2,3,5
INC-14406,1,8,0,0,2
INC-14407,6,7,2,3,5
INC-14408,3,6,3,1,1
INC-14409,6,7,1,3,7
INC-14410,2,2,1,1,7
INC-14411,1,6,1,1,2
INC-14412,2,1,0,1,7
INC-14413,0,0,1,1,0
INC-14414,7,0,1,1,6
INC-14415,7,0,1,2,5
INC-14416,0,0,1,1,0
INC-14417,2,0,1,0,0
INC-14418,2,5,1,1,7
INC-14419,7,1,1,1,7
INC-14420,6,4,1,2,5
INC-14421,6,0,0,3,5
INC-14422,6,2,0,1,5
INC-14423,0,2,0,0,0
INC-14424,2,0,2,2,7
INC-14425,6,0,1,2,5
INC-14426,6,7,1,3,7
INC-14427,7,8,1,1,9
INC-14428,6,0,1,1,5
INC-14429,0,1,2,1,0
INC-14430,3,8,3,2,9
INC-14431,2,10,2,1,7
INC-14432,1,0,2,0,2
INC-14433,4,0,0,2,8
INC-14434,4,10,1,2,8
INC-14435,5,9,2,2,6
INC-14436,0,10,0,0,0
INC-14437,6,0,1,3,5
INC-14438,3,9,3,2,1
INC-14439,1,0,1,0,2
INC-14440,5,3,1,2,6
INC-14441,7,10,2,1,9
INC-14442,3,4,3,1,9
INC-14443,2,1,2,2,4
INC-14444,6,0,0,3,5
INC-14445,0,4,1,0,0
INC-14446,4,1,1,2,7
INC-14447,0,1,1,0,0
INC-14448,6,0,2,3,5
INC-14449,0,6,2,1,0
INC-14450,7,9,0,1,7
INC-14451,6,2,1,2,5
INC-14452,7,0,2,0,8
INC-14453,6,1,1,3,5
INC-14454,0,0,0,1,0
INC-14455,2,0,0,1,3
INC-14456,3,1,3,1,1
INC-14457,5,0,2,3,6
INC-14458,2,10,2,1,7
INC-14459,6,5,2,2,5
INC-14460,1,0,1,0,2
INC-14461,7,0,1,2,9
INC-14462,0,9,1,1,0
INC-14463,6,2,0,2,5
INC-14464,0,8,0,0,0
INC-14465,4,2,1,3,7
INC-14466,1,0,1,0,2
INC-14467,0,0,1,1,0
INC-14468,7,0,2,1,0
INC-14469,1,0,1,1,2
INC-14470,3,8,3,3,9
INC-14471,0,10,3,1,0
INC-14472,2,2,2,1,7
INC-14473,1,0,1,1,2
INC-14474,0,0,0,1,0
INC-14475,2,0,0,1,3
INC-14476,5,5,2,3,7
INC-14477,6,1,1,3,5
INC-14478,5,0,2,3,6
INC-14479,2,5,1,1,4
INC-14480,3,4,3,1,1
INC-14481,0,0,1,1,0
INC-14482,5,3,3,2,6
INC-14483,3,3,3,2,1
INC-14484,2,2,2,1,7
INC-14485,0,9,2,1,0
INC-14486,5,2,3,3,7
INC-14487,0,7,2,0,7
INC-14488,6,3,0,3,7
INC-14489,0,0,2,1,0
INC-14490,3,0,3,1,1
INC-14491,0,5,1,0,0
INC-14492,5,6,2,2,6
INC-14493,5,0,2,3,5
INC-14494,6,4,2,3,7
INC-14495,6,5,1,3,5
INC-14496,0,5,1,0,0
INC-14497,0,6,0,1,0
INC-14498,0,0,0,1,0
INC-14499,1,10,2,0,2
INC-14500,6,0,1,2,5
INC-14501,5,0,3,3,6
INC-14502,3,0,3,1,1
INC-14503,0,10,1,1,0
INC-14504,6,4,0,2,5
INC-14505,4,0,1,2,7
INC-14506,1,6,1,0,2
INC-14507,1,1,1,0,2
INC-14508,7,9,2,1,7
INC-14509,3,0,3,2,1
INC-14510,6,9,1,3,5
INC-14511,2,2,3,1,4
INC-14512,3,6,3,0,9
INC-14513,0,9,3,1,5
INC-14514,1,0,1,1,2
INC-14515,4,2,0,3,8
INC-14516,4,0,0,1,0
INC-14517,0,0,0,0,0
INC-14518,1,1,0,0,7
INC-14519,4,7,1,2,8
INC-14520,0,0,0,1,0
INC-14521,7,7,1,0,7
INC-14522,6,4,1,3,5
INC-14523,7,1,2,1,7
INC-14524,0,0,1,2,0
INC-14525,2,5,3,1,4
INC-14526,3,1,3,1,1
INC-14527,6,8,1,2,5
INC-14528,4,2,1,3,1
INC-14529,0,0,1,0,0
INC-14530,2,4,1,1,7
INC-14531,1,1,1,1,2
INC-14532,0,1,1,1,0
INC-14533,5,0,1,1,6
INC-14534,0,0,1,0,0
INC-14535,2,0,2,1,3
INC-14536,6,6,1,3,9
INC-14537,2,3,1,0,7
INC-14538,2,1,2,1,7
INC-14539,7,0,1,1,5
INC-14540,0,1,1,1,0
INC-14541,2,6,1,1,3
INC-14542,5,0,2,2,5
INC-14543,6,6,0,3,9
INC-14544,6,4,0,3,5
INC-14545,1,0,0,0,2
INC-14546,4,8,1,2,7
INC-14547,4,4,1,2,5
INC-14548,4,4,1,1,8
INC-14549,6,1,1,3,5
INC-14550,4,9,2,2,7
INC-14551,7,10,1,2,9
INC-14552,7,10,1,2,9
INC-14553,6,4,1,3,5
INC-14554,1,10,2,0,3
INC-14555,5,0,3,3,6
INC-14556,7,0,2,1,8
INC-14557,6,2,1,2,5
INC-14558,7,5,2,1,9
INC-14559,1,1,2,1,7
INC-14560,1,5,1,1,2
INC-14561,0,1,2,1,7
INC-14562,3,8,3,2,1
INC-14563,2,3,1,2,4
INC-14564,2,4,1,0,4
INC-14565,1,2,0,0,2
INC-14566,7,0,1,1,3
INC-14567,4,0,1,1,8
INC-14568,4,5,2,2,5
INC-14569,7,3,1,2,9
INC-14570,6,0,1,3,5
INC-14571,5,10,1,3,6
INC-14572,3,0,3,3,1
INC-14573,1,0,1,1,2
INC-14574,6,0,1,3,5
INC-14575,0,0,0,0,0
INC-14576,0,4,1,1,0
INC-14577,7,0,1,2,5
INC-14578,6,7,1,3,5
INC-14579,0,9,1,0,0
INC-14580,7,8,1,1,9
INC-14581,3,0,3,1,1
INC-14582,0,0,2,1,0
INC-14583,2,0,0,1,3
INC-14584,1,0,0,0,2
INC-14585,3,1,3,1,4
INC-14586,1,5,2,0,2
INC-14587,7,0,1,2,9
INC-14588,4,0,1,3,5
INC-14589,1,8,0,0,2
INC-14590,1,5,1,1,2
INC-14591,0,9,1,1,0
INC-14592,6,5,0,3,5
INC-14593,0,0,1,0,0
INC-14594,7,9,0,1,9
INC-14595,6,9,1,3,5
INC-14596,2,9,1,1,7
INC-14597,0,0,1,1,0
INC-14598,6,2,1,3,5
INC-14599,6,3,0,2,1
INC-14600,0,9,1,0,0
INC-14601,1,0,2,1,2
INC-14602,6,1,1,1,7
INC-14603,2,0,1,1,3
INC-14604,0,0,1,0,0
INC-14605,5,10,1,1,6
INC-14606,0,3,1,1,0
INC-14607,2,5,1,0,4
INC-14608,6,0,1,3,5
INC-14609,3,1,3,1,4
INC-14610,7,4,0,1,9
INC-14611,4,7,1,1,7
INC-14612,7,0,1,2,5
INC-14613,7,5,0,1,7
INC-14614,7,2,1,1,9
INC-14615,0,5,2,1,0
INC-14616,4,8,1,1,8
INC-14617,5,0,1,3,6
INC-14618,2,0,1,2,3
INC-14619,7,8,1,2,9
INC-14620,3,1,3,3,1
INC-14621,7,7,1,2,7
INC-14622,5,10,2,3,6
INC-14623,0,0,1,0,0
INC-14624,4,7,1,3,7
INC-14625,4,5,1,3,8
INC-14626,0,4,2,0,7
INC-14627,0,0,1,1,0
INC-14628,0,0,2,1,0
INC-14629,7,4,1,1,9
INC-14630,0,2,0,0,2
INC-14631,2,0,1,0,0
INC-14632,1,0,2,0,2
INC-14633,1,1,1,1,2
INC-14634,6,0,0,3,5
INC-14635,0,4,3,0,0
INC-14636,3,6,3,2,1
INC-14637,6,2,1,2,5
INC-14638,0,1,1,1,0
INC-14639,4,2,0,2,7
INC-14640,4,1,1,3,7
INC-14641,6,0,2,3,5
INC-14642,0,0,1,1,0
INC-14643,4,10,1,2,8
INC-14644,1,0,0,1,2
INC-14645,0,3,0,0,0
INC-14646,6,0,1,3,5
INC-14647,6,2,1,3,5
INC-14648,2,1,0,1,7
INC-14649,3,3,3,3,1
INC-14650,7,4,1,1,9
INC-14651,7,3,0,1,7
INC-14652,7,2,1,1,9
INC-14653,7,1,2,1,7
INC-14654,6,0,0,2,5
INC-14655,5,6,1,3,9
INC-14656,0,0,0,0,8
INC-14657,7,9,0,1,7
INC-14658,6,1,2,3,5
INC-14659,1,0,1,1,2
INC-14660,5,0,2,3,7
INC-14661,7,3,1,1,9
INC-14662,7,6,0,1,9
INC-14663,0,10,1,1,0
INC-14664,2,2,1,2,7
INC-14665,3,7,3,2,1
INC-14666,3,0,3,2,1
INC-14667,0,0,1,1,2
INC-14668,2,0,1,1,3
INC-14669,2,3,1,1,7
INC-14670,2,10,0,1,7
INC-14671,2,2,1,2,7
INC-14672,1,0,1,1,2
INC-14673,6,4,1,2,5
INC-14674,1,1,1,1,2
INC-14675,0,6,1,0,0
INC-14676,6,0,1,3,5
INC-14677,0,4,0,1,0
INC-14678,7,4,2,1,9
INC-14679,6,8,0,3,5
INC-14680,7,7,2,1,7
INC-14681,7,2,1,1,7
INC-14682,0,6,1,1,0
INC-14683,7,0,1,0,4
INC-14684,7,10,1,1,9
INC-14685,5,9,3,3,6
INC-14686,2,0,1,0,3
INC-14687,7,3,1,1,9
INC-14688,2,0,2,2,7
INC-14689,0,7,1,1,0
INC-14690,3,4,3,2,1
INC-14691,5,0,2,3,6
INC-14692,7,9,1,0,8
INC-14693,6,8,1,3,5
INC-14694,6,4,0,3,5
INC-14695,0,4,0,1,0
INC-14696,3,1,3,3,1
INC-14697,0,3,1,1,0
INC-14698,2,5,2,1,4
INC-14699,1,9,1,1,2
INC-14700,1,9,1,0,2
INC-14701,3,0,3,3,1
INC-14702,2,0,0,1,3
INC-14703,4,2,1,2,7
INC-14704,3,8,3,2,1
INC-14705,3,0,3,1,1
INC-14706,0,0,1,1,0
INC-14707,7,2,1,2,9
INC-14708,5,0,2,3,6
INC-14709,1,1,2,1,7
INC-14710,0,9,2,0,6
INC-14711,4,4,2,1,8
INC-14712,6,4,0,2,7
INC-14713,5,4,1,3,6
INC-14714,0,1,0,0,0
INC-14715,4,0,1,2,8
INC-14716,0,0,1,0,0
INC-14717,0,4,2,1,0
INC-14718,5,3,2,3,7
INC-14719,3,1,3,2,1
INC-14720,6,0,0,3,5
INC-14721,2,6,1,1,7
INC-14722,7,0,2,1,3
INC-14723,7,0,1,2,0
INC-14724,1,8,1,1,1
INC-14725,2,3,0,1,3
INC-14726,3,10,3,2,1
INC-14727,2,1,1,1,2
INC-14728,1,0,0,0,5
INC-14729,1,1,2,0,7
INC-14730,0,2,1,0,0
INC-14731,2,1,1,0,7
INC-14732,6,8,1,2,6
INC-14733,6,0,0,3,3
INC-14734,7,3,0,2,9
INC-14735,5,3,2,2,6
INC-14736,1,4,1,1,2
INC-14737,4,4,1,3,8
INC-14738,2,10,2,0,4
INC-14739,0,1,1,0,7
INC-14740,6,2,2,3,5
INC-14741,4,1,1,2,8
INC-14742,1,9,2,1,2
INC-14743,4,7,0,2,8
INC-14744,6,8,1,2,5
INC-14745,7,3,1,1,9
INC-14746,6,0,1,2,5
INC-14747,2,9,3,1,4
INC-14748,0,2,2,0,7
INC-14749,1,6,2,0,2
INC-14750,4,6,1,3,8
INC-14751,6,0,0,3,5
INC-14752,7,1,2,0,7
INC-14753,0,5,1,1,0
INC-14754,3,8,2,2,9
INC-14755,0,10,1,1,0
INC-14756,7,0,0,0,0
INC-14757,4,0,1,2,8
INC-14758,0,4,2,0,0
INC-14759,4,0,0,1,8
INC-14760,0,4,2,0,0
INC-14761,6,3,1,2,5
INC-14762,1,0,0,1,2
INC-14763,2,4,1,1,2
INC-14764,7,3,2,2,9
INC-14765,6,0,0,3,5
INC-14766,1,10,1,0,2
INC-14767,2,3,0,2,3
INC-14768,5,0,1,3,6
INC-14769,1,4,1,0,2
INC-14770,0,1,1,0,0
INC-14771,3,1,3,2,1
INC-14772,0,7,0,0,0
INC-14773,0,8,2,1,0
INC-14774,0,0,1,1,0
INC-14775,3,5,3,2,1
INC-14776,0,3,2,0,7
INC-14777,0,0,1,1,0
INC-14778,6,6,1,3,5
INC-14779,2,0,2,1,2
INC-14780,1,1,3,0,7
INC-14781,3,2,3,2,1
INC-14782,1,7,1,1,2
INC-14783,0,0,3,1,0
INC-14784,3,0,3,2,1
INC-14785,2,0,2,1,3
INC-14786,4,3,0,1,7
INC-14787,0,0,0,1,0
INC-14788,1,1,1,1,2
INC-14789,1,6,0,1,2
INC-14790,1,8,2,1,2
INC-14791,1,7,1,1,2
INC-14792,6,0,1,3,5
INC-14793,6,3,0,3,5
INC-14794,2,0,1,1,3
INC-14795,3,0,3,1,1
INC-14796,3,8,3,2,1
INC-14797,6,0,1,2,5
INC-14798,0,8,1,1,1
INC-14799,6,7,1,2,7
INC-14800,7,4,2,1,9
INC-14801,7,0,1,1,0
INC-14802,0,2,0,1,0
INC-14803,1,8,2,1,2
INC-14804,5,10,1,2,6
INC-14805,0,2,1,1,0
INC-14806,0,4,0,1,0
INC-14807,0,2,1,1,0
INC-14808,1,3,1,0,2
INC-14809,0,0,1,0,8
INC-14810,2,0,0,1,3
INC-14811,7,1,1,2,7
INC-14812,6,5,1,3,5
INC-14813,5,0,1,3,5
INC-14814,4,3,0,2,7
INC-14815,0,10,1,2,0
INC-14816,0,1,2,1,7
INC-14817,2,4,2,1,7
INC-14818,0,0,2,1,3
INC-14819,2,6,1,1,3
INC-14820,4,5,1,2,5
INC-14821,7,1,0,2,7
INC-14822,7,2,2,1,7
INC-14823,0,1,1,1,0
INC-14824,0,4,1,1,0
INC-14825,0,1,1,0,0
INC-14826,5,9,1,1,7
INC-14827,3,9,2,1,1
INC-14828,4,1,1,2,7
INC-14829,0,4,2,1,0
INC-14830,2,10,2,0,7
INC-14831,6,5,1,3,5
INC-14832,4,9,0,3,7
INC-14833,7,10,1,1,9
INC-14834,3,0,3,2,1
INC-14835,0,0,2,0,0
INC-14836,4,3,1,3,7
INC-14837,1,3,3,1,2
INC-14838,7,2,1,2,9
INC-14839,5,6,1,3,9
INC-14840,3,0,3,1,1
INC-14841,1,9,1,1,7
INC-14842,2,2,1,1,7
INC-14843,4,2,1,2,5
INC-14844,1,5,2,1,2
INC-14845,2,10,1,1,7
INC-14846,0,0,1,1,0
INC-14847,0,5,1,1,2
INC-14848,0,2,0,1,0
INC-14849,3,4,3,2,9
INC-14850,2,0,1,1,3
INC-14851,6,0,1,3,3
INC-14852,6,2,1,3,5
INC-14853,7,9,2,1,7
INC-14854,2,0,1,1,0
INC-14855,0,0,1,1,0
INC-14856,0,9,0,1,0
INC-14857,6,4,1,3,9
INC-14858,1,0,0,1,3
INC-14859,1,0,0,0,2
INC-14860,3,6,3,3,1
INC-14861,0,0,1,0,0
INC-14862,4,10,1,1,8
INC-14863,5,2,1,3,6
INC-14864,1,2,0,1,2
INC-14865,0,2,1,1,8
INC-14866,3,10,3,1,1
INC-14867,4,0,1,2,5
INC-14868,4,4,2,2,7
INC-14869,3,0,3,3,1
INC-14870,4,6,0,3,9
INC-14871,3,0,3,1,1
INC-14872,2,7,0,1,7
INC-14873,0,5,2,0,0
INC-14874,1,10,1,0,2
INC-14875,4,7,1,3,5
INC-14876,0,10,1,1,0
INC-14877,2,5,1,1,4
INC-14878,4,1,2,2,7
INC-14879,6,6,0,3,5
INC-14880,5,2,1,3,6
INC-14881,5,3,1,3,6
INC-14882,7,4,1,0,5
INC-14883,0,0,1,1,0
INC-14884,0,0,1,0,0
INC-14885,3,7,3,2,1
INC-14886,6,4,1,3,5
INC-14887,6,1,1,3,7
INC-14888,0,0,0,0,0
INC-14889,0,9,1,1,0
INC-14890,0,0,0,0,0
INC-14891,7,0,1,2,5
INC-14892,0,3,1,0,0
INC-14893,0,0,0,1,0
INC-14894,4,2,1,2,5
INC-14895,2,0,1,1,3
INC-14896,2,10,1,1,5
INC-14897,2,3,1,1,7
INC-14898,4,0,1,2,0
INC-14899,2,1,1,0,4
INC-14900,0,0,2,1,4
INC-14901,0,5,3,0,0
INC-14902,7,3,1,1,7
INC-14903,5,0,2,3,7
INC-14904,0,10,1,0,0
INC-14905,5,7,2,3,6
INC-14906,4,2,1,2,7
INC-14907,2,4,2,1,7
INC-14908,6,3,1,2,5
INC-14909,3,1,3,2,1
INC-14910,6,0,0,3,5
INC-14911,2,5,1,0,4
INC-14912,0,2,0,0,0
INC-14913,0,1,1,0,0
INC-14914,0,0,1,1,0
INC-14915,7,3,0,2,7
INC-14916,2,4,1,1,7
INC-14917,5,3,2,2,7
INC-14918,6,6,1,3,5
INC-14919,2,1,1,1,7
INC-14920,4,0,1,1,8
INC-14921,6,0,1,3,5
INC-14922,0,2,1,0,0
INC-14923,1,4,1,0,2
INC-14924,4,0,0,1,8
INC-14925,2,7,1,2,4
INC-14926,0,3,0,0,0
INC-14927,7,0,0,2,5
INC-14928,2,1,1,2,4
INC-14929,2,0,1,2,8
INC-14930,2,0,1,1,3
INC-14931,5,7,1,2,4
INC-14932,7,4,1,1,9
INC-14933,2,4,2,1,4
INC-14934,4,6,1,3,8
INC-14935,7,8,1,2,9
INC-14936,2,0,2,1,3
INC-14937,4,7,1,3,7
INC-14938,3,10,3,3,1
INC-14939,4,5,1,2,2
INC-14940,5,6,2,2,6
INC-14941,7,0,1,2,5
INC-14942,1,7,1,0,2
INC-14943,0,7,1,0,0
INC-14944,4,0,0,3,5
INC-14945,0,0,1,0,0
INC-14946,7,4,2,1,9
INC-14947,2,5,1,0,4
INC-14948,6,5,1,3,5
INC-14949,2,3,1,2,5
INC-14950,7,0,0,2,9
INC-14951,0,1,0,1,2
INC-14952,3,6,3,1,7
INC-14953,5,1,2,3,7
INC-14954,3,7,3,1,1
INC-14955,7,2,1,1,7
INC-14956,0,0,1,1,0
INC-14957,0,0,1,1,0
INC-14958,3,0,3,3,1
INC-14959,2,0,1,2,7
INC-14960,2,0,2,2,4
INC-14961,3,10,3,2,1
INC-14962,7,0,1,2,2
INC-14963,3,4,3,1,9
INC-14964,6,0,1,3,5
INC-14965,4,0,0,2,5
INC-14966,7,6,0,1,9
INC-14967,7,0,2,1,0
INC-14968,6,2,1,1,5
INC-14969,0,0,1,1,0
INC-14970,2,3,1,1,2
INC-14971,6,2,1,3,7
INC-14972,4,3,1,2,7
INC-14973,2,5,2,0,4
INC-14974,0,8,1,1,0
INC-14975,7,0,1,1,2
INC-14976,7,5,1,1,2
INC-14977,6,0,0,3,5
INC-14978,0,0,0,1,0
INC-14979,5,5,3,3,6
INC-14980,0,8,1,2,0
INC-14981,0,0,0,1,0
INC-14982,1,1,0,0,2
INC-14983,3,0,3,0,1
INC-14984,0,7,1,1,7
INC-14985,1,4,0,0,2
INC-14986,5,6,3,3,1
INC-14987,0,7,0,1,2
INC-14988,0,4,2,1,0
INC-14989,1,0,0,1,2
INC-14990,4,10,1,3,5
INC-14991,6,0,1,3,5
INC-14992,6,3,1,2,5
INC-14993,0,3,1,1,0
INC-14994,2,1,1,1,7
INC-14995,7,0,1,1,2
INC-14996,2,0,0,1,3
INC-14997,4,2,0,3,7
INC-14998,1,0,1,1,2
INC-14999,2,9,1,0,7
INC-15000,0,0,1,1,2
