Incident_ID,Victim_District,Fraud_Type,Amount_INR,Time_of_Complaint,Time_to_Withdraw,Target_ATM_Zone,Specific_ATM_Location
INC-10001,Alwar,UPI Scam,13039,12:27,1-2 Hours,Mansarovar,"HDFC ATM, Kaveri Path, Mansarovar"
INC-10002,Jaipur,UPI Scam,11686,15:28,1-2 Hours,Mansarovar,"Kotak Mahindra ATM, VT Road Chauraha, Mansarovar"
INC-10003,Ajmer,Investment Scam,33489,15:48,12-24 Hours,Bani Park,"ICICI ATM, Sindhi Camp Bus Stand Road, Bani Park"
INC-10004,Jaipur,UPI Scam,7564,18:07,1-2 Hours,Mansarovar,"Union Bank ATM, Kaveri Path, Mansarovar"
INC-10005,Tonk,KYC Fraud,31256,17:02,12-24 Hours,Bani Park,"Axis Bank ATM, Collectorate Circle, Bani Park"
INC-10006,Alwar,Investment Scam,272708,16:10,12-24 Hours,C-Scheme,"Union Bank ATM, Ashok Marg, C-Scheme"
INC-10007,Jodhpur,OLX Scam,8823,19:10,1-2 Hours,Bani Park,"ICICI ATM, Sindhi Camp Bus Stand Road, Bani Park"
INC-10008,Udaipur,OLX Scam,30054,16:52,12-24 Hours,Vaishali Nagar,"SBI ATM, Gandhi Path, Vaishali Nagar"
INC-10009,Jaipur,KYC Fraud,17679,11:41,1-2 Hours,Bani Park,"Bank of Baroda ATM, Sindhi Camp Bus Stand Road, Bani Park"
INC-10010,Udaipur,Loan App Fraud,45456,12:27,12-24 Hours,Vaishali Nagar,"PNB ATM, Hanuman Nagar, Vaishali Nagar"
INC-10011,Pali,KYC Fraud,15652,22:09,1-2 Hours,Jhotwara,"SBI ATM, Kalwar Road, Jhotwara"
INC-10012,Alwar,Investment Scam,129345,10:55,12-24 Hours,C-Scheme,"PNB ATM, MI Road Junction, C-Scheme"
INC-10013,Tonk,Credit Card Cloning,50755,19:10,12-24 Hours,Pratap Nagar,"PNB ATM, Sector 16 Market, Pratap Nagar"
INC-10014,Udaipur,Loan App Fraud,67842,13:53,12-24 Hours,Vidyadhar Nagar,"HDFC ATM, National Highway 52 Bypass, Vidyadhar Nagar"
INC-10015,Alwar,Job Fraud,37297,15:20,12-24 Hours,Jagatpura,"SBI ATM, 7 Number Stand, Jagatpura"
INC-10016,Udaipur,UPI Scam,15979,21:05,1-2 Hours,Vaishali Nagar,"Axis Bank ATM, Hanuman Nagar, Vaishali Nagar"
INC-10017,Jaipur,Sextortion,20840,01:10,1-2 Hours,Sitapura Industrial,"Union Bank ATM, Mahatma Gandhi Hospital Road, Sitapura Industrial"
INC-10018,Jaipur,Loan App Fraud,30680,12:25,12-24 Hours,Vaishali Nagar,"Axis Bank ATM, Queens Road, Vaishali Nagar"
INC-10019,Tonk,Credit Card Cloning,102242,13:14,12-24 Hours,Pratap Nagar,"Axis Bank ATM, Tonk Road, Pratap Nagar"
INC-10020,Jaipur,Credit Card Cloning,39218,00:42,12-24 Hours,Pratap Nagar,"Axis Bank ATM, Sector 11, Pratap Nagar"
INC-10021,Udaipur,Job Fraud,107095,16:12,12-24 Hours,Bani Park,"Union Bank ATM, Peetal Factory, Bani Park"
INC-10022,Jaipur,Credit Card Cloning,88007,20:25,12-24 Hours,C-Scheme,"HDFC ATM, Ahinsa Circle, C-Scheme"
INC-10023,Sikar,Investment Scam,75313,11:29,12-24 Hours,C-Scheme,"ICICI ATM, Ashok Marg, C-Scheme"
INC-10024,Jaipur,Loan App Fraud,31892,17:59,12-24 Hours,Malviya Nagar,"SBI ATM, Gaurav Tower (GT) Road, Malviya Nagar"
INC-10025,Kota,OLX Scam,11945,14:00,1-2 Hours,Vaishali Nagar,"ICICI ATM, Nursery Circle, Vaishali Nagar"
INC-10026,Tonk,OLX Scam,23079,13:12,1-2 Hours,Vaishali Nagar,"Union Bank ATM, Gandhi Path, Vaishali Nagar"
INC-10027,Jaipur,Loan App Fraud,40793,15:58,12-24 Hours,Malviya Nagar,"Union Bank ATM, Sector 3 Market, Malviya Nagar"
INC-10028,Bhilwara,UPI Scam,49077,10:07,12-24 Hours,Mansarovar,"Axis Bank ATM, Kissan Dharam Kanta, Mansarovar"
INC-10029,Tonk,Job Fraud,85380,10:13,12-24 Hours,Vaishali Nagar,"Bank of Baroda ATM, Queens Road, Vaishali Nagar"
INC-10030,Alwar,KYC Fraud,17589,11:29,1-2 Hours,Bani Park,"HDFC ATM, Collectorate Circle, Bani Park"
INC-10031,Alwar,Job Fraud,31122,13:56,12-24 Hours,Jagatpura,"Bank of Baroda ATM, Mahal Road, Jagatpura"
INC-10032,Jaipur,OLX Scam,12706,14:19,1-2 Hours,Vaishali Nagar,"SBI ATM, Hanuman Nagar, Vaishali Nagar"
INC-10033,Pali,UPI Scam,40745,12:18,12-24 Hours,Vaishali Nagar,"ICICI ATM, Queens Road, Vaishali Nagar"
INC-10034,Alwar,Credit Card Cloning,64565,15:40,12-24 Hours,Pratap Nagar,"SBI ATM, Haldi Ghati Marg, Pratap Nagar"
INC-10035,Jodhpur,OLX Scam,1832,17:35,1-2 Hours,Bani Park,"Union Bank ATM, Peetal Factory, Bani Park"
INC-10036,Jaipur,UPI Scam,41143,19:08,12-24 Hours,Mansarovar,"ICICI ATM, Kissan Dharam Kanta, Mansarovar"
INC-10037,Jaipur,KYC Fraud,61161,20:06,12-24 Hours,Mansarovar,"Axis Bank ATM, Rajat Path, Mansarovar"
INC-10038,Jodhpur,Job Fraud,137478,18:51,12-24 Hours,Bani Park,"Axis Bank ATM, Sindhi Camp Bus Stand Road, Bani Park"
INC-10039,Bikaner,Loan App Fraud,7619,16:10,1-2 Hours,C-Scheme,"Axis Bank ATM, Ashok Marg, C-Scheme"
INC-10040,Kota,UPI Scam,40280,18:19,12-24 Hours,Mansarovar,"Union Bank ATM, Patrakar Colony, Mansarovar"
INC-10041,Bikaner,Loan App Fraud,19545,16:22,1-2 Hours,Bani Park,"HDFC ATM, Kabir Marg, Bani Park"
INC-10042,Alwar,KYC Fraud,70001,14:37,12-24 Hours,Bani Park,"PNB ATM, Sindhi Camp Bus Stand Road, Bani Park"
INC-10043,Tonk,OLX Scam,5598,13:57,1-2 Hours,Vaishali Nagar,"HDFC ATM, Nursery Circle, Vaishali Nagar"
INC-10044,Ajmer,OLX Scam,20349,08:27,1-2 Hours,Bani Park,"Axis Bank ATM, Kabir Marg, Bani Park"
INC-10045,Jaipur,Credit Card Cloning,84088,20:20,12-24 Hours,Pratap Nagar,"PNB ATM, Sector 16 Market, Pratap Nagar"
INC-10046,Jodhpur,OLX Scam,5982,13:25,1-2 Hours,Bani Park,"ICICI ATM, Kabir Marg, Bani Park"
INC-10047,Ajmer,UPI Scam,13425,13:28,1-2 Hours,Mansarovar,"Union Bank ATM, Kissan Dharam Kanta, Mansarovar"
INC-10048,Sikar,Sextortion,90092,04:42,12-24 Hours,Sitapura Industrial,"PNB ATM, Mahatma Gandhi Hospital Road, Sitapura Industrial"
INC-10049,Alwar,KYC Fraud,48966,16:01,12-24 Hours,Bani Park,"Axis Bank ATM, Sindhi Camp Bus Stand Road, Bani Park"
INC-10050,Jaipur,Loan App Fraud,43096,16:31,12-24 Hours,Vaishali Nagar,"Axis Bank ATM, Nursery Circle, Vaishali Nagar"
INC-10051,Jodhpur,UPI Scam,29174,18:11,1-2 Hours,Bani Park,"Kotak Mahindra ATM, Sindhi Camp Bus Stand Road, Bani Park"
INC-10052,Bikaner,Credit Card Cloning,106953,20:35,12-24 Hours,Pratap Nagar,"Union Bank ATM, Tonk Road, Pratap Nagar"
INC-10053,Ajmer,Loan App Fraud,69926,15:47,12-24 Hours,Vidyadhar Nagar,"Union Bank ATM, Sector 2, Vidyadhar Nagar"
INC-10054,Bhilwara,Sextortion,84280,02:17,12-24 Hours,Sitapura Industrial,"Union Bank ATM, India Gate, Sitapura Industrial"
INC-10055,Jodhpur,Credit Card Cloning,69177,20:45,12-24 Hours,Pratap Nagar,"Kotak Mahindra ATM, Kumbha Marg, Pratap Nagar"
INC-10056,Jaipur,KYC Fraud,20426,14:44,1-2 Hours,Mansarovar,"Kotak Mahindra ATM, Kaveri Path, Mansarovar"
INC-10057,Jaipur,Loan App Fraud,40548,14:34,12-24 Hours,Jagatpura,"Kotak Mahindra ATM, Ramnagariya, Jagatpura"
INC-10058,Kota,Job Fraud,88741,11:21,12-24 Hours,C-Scheme,"SBI ATM, Subhash Marg, C-Scheme"
INC-10059,Alwar,Investment Scam,182096,16:37,12-24 Hours,Vidyadhar Nagar,"SBI ATM, Alka Cinema Road, Vidyadhar Nagar"
INC-10060,Ajmer,UPI Scam,27034,11:13,1-2 Hours,Mansarovar,"Kotak Mahindra ATM, Patrakar Colony, Mansarovar"
INC-10061,Udaipur,KYC Fraud,54734,12:01,12-24 Hours,Bani Park,"HDFC ATM, Peetal Factory, Bani Park"
INC-10062,Kota,UPI Scam,47906,12:15,12-24 Hours,Mansarovar,"SBI ATM, Madhyam Marg, Mansarovar"
INC-10063,Jaipur,UPI Scam,9222,11:44,1-2 Hours,Mansarovar,"Axis Bank ATM, Kissan Dharam Kanta, Mansarovar"
INC-10064,Jaipur,KYC Fraud,34280,20:06,12-24 Hours,Malviya Nagar,"ICICI ATM, Apex Circle, Malviya Nagar"
INC-10065,Ajmer,Loan App Fraud,40556,18:37,12-24 Hours,Bani Park,"Axis Bank ATM, Collectorate Circle, Bani Park"
INC-10066,Sikar,Job Fraud,31372,15:50,12-24 Hours,Jagatpura,"HDFC ATM, 7 Number Stand, Jagatpura"
INC-10067,Jaipur,Job Fraud,97236,10:27,12-24 Hours,Pratap Nagar,"Union Bank ATM, Haldi Ghati Marg, Pratap Nagar"
INC-10068,Tonk,Credit Card Cloning,190812,17:51,12-24 Hours,Pratap Nagar,"PNB ATM, Tonk Road, Pratap Nagar"
INC-10069,Pali,Investment Scam,135773,16:17,12-24 Hours,C-Scheme,"Axis Bank ATM, Ahinsa Circle, C-Scheme"
INC-10070,Bhilwara,OLX Scam,13358,15:13,1-2 Hours,C-Scheme,"ICICI ATM, Subhash Marg, C-Scheme"
INC-10071,Jodhpur,OLX Scam,9094,15:15,1-2 Hours,Bani Park,"Axis Bank ATM, Collectorate Circle, Bani Park"
INC-10072,Sikar,Sextortion,85131,01:18,12-24 Hours,Sitapura Industrial,"SBI ATM, RIICO Phase 1, Sitapura Industrial"
INC-10073,Jaipur,Credit Card Cloning,80255,17:44,12-24 Hours,Pratap Nagar,"Bank of Baroda ATM, Sector 11, Pratap Nagar"
INC-10074,Udaipur,OLX Scam,8058,16:13,1-2 Hours,Vaishali Nagar,"ICICI ATM, Gandhi Path, Vaishali Nagar"
INC-10075,Kota,OLX Scam,16672,17:14,1-2 Hours,Vaishali Nagar,"Axis Bank ATM, Queens Road, Vaishali Nagar"
INC-10076,Jodhpur,OLX Scam,20323,11:40,1-2 Hours,Vaishali Nagar,"PNB ATM, Gandhi Path, Vaishali Nagar"
INC-10077,Bhilwara,Sextortion,102940,00:16,12-24 Hours,Sitapura Industrial,"ICICI ATM, RIICO Phase 1, Sitapura Industrial"
INC-10078,Tonk,Sextortion,94366,23:09,12-24 Hours,Sitapura Industrial,"SBI ATM, India Gate, Sitapura Industrial"
INC-10079,Bikaner,Loan App Fraud,12417,13:28,1-2 Hours,Bani Park,"Axis Bank ATM, Peetal Factory, Bani Park"
INC-10080,Pali,OLX Scam,16642,13:40,1-2 Hours,Vaishali Nagar,"HDFC ATM, Gandhi Path, Vaishali Nagar"
INC-10081,Jaipur,Credit Card Cloning,57721,12:02,12-24 Hours,Mansarovar,"Union Bank ATM, Patrakar Colony, Mansarovar"
INC-10082,Jaipur,Credit Card Cloning,156222,18:07,12-24 Hours,Pratap Nagar,"Axis Bank ATM, Sector 16 Market, Pratap Nagar"
INC-10083,Ajmer,Credit Card Cloning,220159,12:07,12-24 Hours,Pratap Nagar,"PNB ATM, Sector 16 Market, Pratap Nagar"
INC-10084,Udaipur,OLX Scam,11853,12:47,1-2 Hours,Vaishali Nagar,"SBI ATM, Nursery Circle, Vaishali Nagar"
INC-10085,Jaipur,OLX Scam,5220,20:36,1-2 Hours,Vaishali Nagar,"SBI ATM, Queens Road, Vaishali Nagar"
INC-10086,Jaipur,Investment Scam,136639,14:05,12-24 Hours,C-Scheme,"Kotak Mahindra ATM, Subhash Marg, C-Scheme"
INC-10087,Udaipur,KYC Fraud,19991,10:42,1-2 Hours,Bani Park,"Union Bank ATM, Kabir Marg, Bani Park"
INC-10088,Tonk,Investment Scam,149417,13:52,12-24 Hours,C-Scheme,"Kotak Mahindra ATM, MI Road Junction, C-Scheme"
INC-10089,Tonk,Credit Card Cloning,121575,14:13,12-24 Hours,Pratap Nagar,"Union Bank ATM, Haldi Ghati Marg, Pratap Nagar"
INC-10090,Jaipur,UPI Scam,13462,18:19,1-2 Hours,Vidyadhar Nagar,"Axis Bank ATM, Sector 2, Vidyadhar Nagar"
INC-10091,Ajmer,Job Fraud,30222,19:31,12-24 Hours,Jagatpura,"HDFC ATM, NRI Colony, Jagatpura"
INC-10092,Pali,OLX Scam,20236,13:09,1-2 Hours,Vaishali Nagar,"Union Bank ATM, Hanuman Nagar, Vaishali Nagar"
INC-10093,Jodhpur,Loan App Fraud,35997,18:59,12-24 Hours,Bani Park,"Kotak Mahindra ATM, Kabir Marg, Bani Park"
INC-10094,Kota,OLX Scam,1707,16:28,1-2 Hours,Vaishali Nagar,"Union Bank ATM, Gandhi Path, Vaishali Nagar"
INC-10095,Ajmer,KYC Fraud,31249,14:36,12-24 Hours,Bani Park,"Axis Bank ATM, Sindhi Camp Bus Stand Road, Bani Park"
INC-10096,Jodhpur,Investment Scam,127672,12:42,12-24 Hours,C-Scheme,"Kotak Mahindra ATM, Subhash Marg, C-Scheme"
INC-10097,Bikaner,Credit Card Cloning,56963,13:06,12-24 Hours,Bani Park,"HDFC ATM, Peetal Factory, Bani Park"
INC-10098,Ajmer,Sextortion,80506,23:21,12-24 Hours,Sitapura Industrial,"Union Bank ATM, EPI Zone, Sitapura Industrial"
INC-10099,Alwar,KYC Fraud,9915,12:55,1-2 Hours,Jhotwara,"Bank of Baroda ATM, Triton Mall Road, Jhotwara"
INC-10100,Ajmer,Job Fraud,45484,14:06,12-24 Hours,Bani Park,"HDFC ATM, Peetal Factory, Bani Park"
INC-10101,Kota,Credit Card Cloning,48175,15:22,12-24 Hours,Jhotwara,"SBI ATM, Kanta Chauraha, Jhotwara"
INC-10102,Jodhpur,UPI Scam,22235,14:55,1-2 Hours,Mansarovar,"HDFC ATM, Kaveri Path, Mansarovar"
INC-10103,Jodhpur,Credit Card Cloning,113018,15:57,12-24 Hours,Bani Park,"SBI ATM, Peetal Factory, Bani Park"
INC-10104,Jaipur,Job Fraud,27452,17:29,1-2 Hours,Jagatpura,"Kotak Mahindra ATM, SKIT College Road, Jagatpura"
INC-10105,Bhilwara,UPI Scam,16736,14:18,1-2 Hours,Mansarovar,"PNB ATM, Rajat Path, Mansarovar"
INC-10106,Jaipur,Investment Scam,125497,09:47,12-24 Hours,C-Scheme,"SBI ATM, MI Road Junction, C-Scheme"
INC-10107,Udaipur,Loan App Fraud,22890,17:43,1-2 Hours,Vidyadhar Nagar,"Axis Bank ATM, National Highway 52 Bypass, Vidyadhar Nagar"
INC-10108,Kota,Investment Scam,173174,11:50,12-24 Hours,C-Scheme,"SBI ATM, Ashok Marg, C-Scheme"
INC-10109,Jodhpur,Job Fraud,108620,10:08,12-24 Hours,Bani Park,"ICICI ATM, Sindhi Camp Bus Stand Road, Bani Park"
INC-10110,Kota,Loan App Fraud,27320,15:47,1-2 Hours,Vidyadhar Nagar,"Union Bank ATM, National Highway 52 Bypass, Vidyadhar Nagar"
INC-10111,Bhilwara,Investment Scam,136305,10:23,12-24 Hours,C-Scheme,"Kotak Mahindra ATM, MI Road Junction, C-Scheme"
INC-10112,Jaipur,KYC Fraud,17540,11:24,1-2 Hours,Malviya Nagar,"PNB ATM, Sector 3 Market, Malviya Nagar"
INC-10113,Bikaner,Loan App Fraud,13749,13:14,1-2 Hours,Mansarovar,"Bank of Baroda ATM, Kaveri Path, Mansarovar"
INC-10114,Alwar,Credit Card Cloning,106902,18:31,12-24 Hours,Pratap Nagar,"SBI ATM, Sector 11, Pratap Nagar"
INC-10115,Jaipur,OLX Scam,15237,13:47,1-2 Hours,Vaishali Nagar,"Kotak Mahindra ATM, Hanuman Nagar, Vaishali Nagar"
INC-10116,Sikar,Loan App Fraud,46386,17:44,12-24 Hours,Vidyadhar Nagar,"PNB ATM, Central Spine, Vidyadhar Nagar"
INC-10117,Jodhpur,Sextortion,120668,02:25,12-24 Hours,Sitapura Industrial,"Bank of Baroda ATM, RIICO Phase 1, Sitapura Industrial"
INC-10118,Jaipur,Loan App Fraud,79391,17:50,12-24 Hours,Vaishali Nagar,"SBI ATM, Amrapali Circle, Vaishali Nagar"
INC-10119,Jaipur,Loan App Fraud,57876,12:21,12-24 Hours,Vidyadhar Nagar,"Axis Bank ATM, Sector 2, Vidyadhar Nagar"
INC-10120,Kota,Investment Scam,157303,12:07,12-24 Hours,Vidyadhar Nagar,"PNB ATM, Sector 2, Vidyadhar Nagar"
INC-10121,Alwar,UPI Scam,3877,17:03,1-2 Hours,Mansarovar,"ICICI ATM, Patrakar Colony, Mansarovar"
INC-10122,Jaipur,KYC Fraud,11415,10:32,1-2 Hours,Malviya Nagar,"HDFC ATM, JLN Marg, Malviya Nagar"
INC-10123,Jaipur,Job Fraud,107750,17:30,12-24 Hours,C-Scheme,"SBI ATM, Ahinsa Circle, C-Scheme"
INC-10124,Bhilwara,KYC Fraud,11177,16:09,1-2 Hours,Jhotwara,"Bank of Baroda ATM, Lata Circle, Jhotwara"
INC-10125,Jaipur,OLX Scam,17942,14:32,1-2 Hours,Vaishali Nagar,"PNB ATM, Nursery Circle, Vaishali Nagar"
INC-10126,Alwar,UPI Scam,29880,18:28,1-2 Hours,Mansarovar,"Axis Bank ATM, Kissan Dharam Kanta, Mansarovar"
INC-10127,Bhilwara,KYC Fraud,49745,13:23,12-24 Hours,Bani Park,"Bank of Baroda ATM, Kabir Marg, Bani Park"
INC-10128,Tonk,Credit Card Cloning,108712,00:35,12-24 Hours,Sitapura Industrial,"Bank of Baroda ATM, India Gate, Sitapura Industrial"
INC-10129,Jaipur,Loan App Fraud,39575,16:18,12-24 Hours,Vaishali Nagar,"Kotak Mahindra ATM, Amrapali Circle, Vaishali Nagar"
INC-10130,Alwar,KYC Fraud,32685,11:54,12-24 Hours,Bani Park,"HDFC ATM, Kabir Marg, Bani Park"
INC-10131,Ajmer,UPI Scam,13153,12:59,1-2 Hours,Mansarovar,"SBI ATM, Kaveri Path, Mansarovar"
INC-10132,Alwar,Credit Card Cloning,30490,19:36,12-24 Hours,Vidyadhar Nagar,"ICICI ATM, Sector 2, Vidyadhar Nagar"
INC-10133,Alwar,UPI Scam,31929,20:29,12-24 Hours,Mansarovar,"Kotak Mahindra ATM, Kissan Dharam Kanta, Mansarovar"
INC-10134,Jaipur,KYC Fraud,41573,17:10,12-24 Hours,Malviya Nagar,"SBI ATM, Calgiri Road, Malviya Nagar"
INC-10135,Kota,UPI Scam,7070,13:13,1-2 Hours,Mansarovar,"Kotak Mahindra ATM, Patrakar Colony, Mansarovar"
INC-10136,Kota,UPI Scam,18356,12:14,1-2 Hours,Mansarovar,"PNB ATM, Madhyam Marg, Mansarovar"
INC-10137,Jodhpur,Job Fraud,12243,12:20,1-2 Hours,Bani Park,"PNB ATM, Kabir Marg, Bani Park"
INC-10138,Jaipur,Sextortion,50468,21:25,12-24 Hours,Sitapura Industrial,"Bank of Baroda ATM, RIICO Phase 1, Sitapura Industrial"
INC-10139,Bhilwara,UPI Scam,4170,19:40,1-2 Hours,Mansarovar,"Kotak Mahindra ATM, Rajat Path, Mansarovar"
INC-10140,Jodhpur,UPI Scam,4316,12:27,1-2 Hours,Mansarovar,"Bank of Baroda ATM, Madhyam Marg, Mansarovar"
INC-10141,Bhilwara,OLX Scam,16651,14:21,1-2 Hours,Vaishali Nagar,"Bank of Baroda ATM, Gandhi Path, Vaishali Nagar"
INC-10142,Kota,UPI Scam,26597,14:52,1-2 Hours,Mansarovar,"Bank of Baroda ATM, Rajat Path, Mansarovar"
INC-10143,Alwar,UPI Scam,7752,12:49,1-2 Hours,Mansarovar,"HDFC ATM, VT Road Chauraha, Mansarovar"
INC-10144,Alwar,Sextortion,62874,00:09,12-24 Hours,Sitapura Industrial,"Bank of Baroda ATM, EPI Zone, Sitapura Industrial"
INC-10145,Jodhpur,Sextortion,69913,01:29,12-24 Hours,Sitapura Industrial,"HDFC ATM, EPI Zone, Sitapura Industrial"
INC-10146,Udaipur,UPI Scam,37373,10:37,12-24 Hours,Vaishali Nagar,"Kotak Mahindra ATM, Nursery Circle, Vaishali Nagar"
INC-10147,Ajmer,Investment Scam,227558,13:32,12-24 Hours,Bani Park,"Bank of Baroda ATM, Peetal Factory, Bani Park"
INC-10148,Jaipur,UPI Scam,7773,19:15,1-2 Hours,Mansarovar,"ICICI ATM, Madhyam Marg, Mansarovar"
INC-10149,Sikar,Loan App Fraud,37036,15:49,12-24 Hours,Jhotwara,"Kotak Mahindra ATM, Triton Mall Road, Jhotwara"
INC-10150,Jaipur,Job Fraud,118907,14:16,12-24 Hours,C-Scheme,"Kotak Mahindra ATM, Ashok Marg, C-Scheme"
INC-10151,Sikar,Credit Card Cloning,219262,16:41,12-24 Hours,Pratap Nagar,"Bank of Baroda ATM, Sector 11, Pratap Nagar"
INC-10152,Sikar,KYC Fraud,33655,19:42,12-24 Hours,Jhotwara,"Bank of Baroda ATM, Panchawala, Jhotwara"
INC-10153,Sikar,Loan App Fraud,95140,18:23,12-24 Hours,Jhotwara,"Bank of Baroda ATM, Kalwar Road, Jhotwara"
INC-10154,Jaipur,Loan App Fraud,25950,16:18,1-2 Hours,Mansarovar,"ICICI ATM, Madhyam Marg, Mansarovar"
INC-10155,Bhilwara,UPI Scam,33599,18:08,12-24 Hours,Mansarovar,"Bank of Baroda ATM, Kaveri Path, Mansarovar"
INC-10156,Ajmer,UPI Scam,10081,16:26,1-2 Hours,Mansarovar,"Union Bank ATM, Madhyam Marg, Mansarovar"
INC-10157,Jodhpur,Credit Card Cloning,253993,19:51,12-24 Hours,Bani Park,"Axis Bank ATM, Kabir Marg, Bani Park"
INC-10158,Kota,Loan App Fraud,18062,16:32,1-2 Hours,Vidyadhar Nagar,"PNB ATM, Alka Cinema Road, Vidyadhar Nagar"
INC-10159,Ajmer,Loan App Fraud,60945,17:35,12-24 Hours,Bani Park,"Union Bank ATM, Kabir Marg, Bani Park"
INC-10160,Pali,Credit Card Cloning,116444,13:05,12-24 Hours,Pratap Nagar,"ICICI ATM, Sector 16 Market, Pratap Nagar"
INC-10161,Tonk,OLX Scam,13022,13:24,1-2 Hours,Vaishali Nagar,"Bank of Baroda ATM, Gandhi Path, Vaishali Nagar"
INC-10162,Tonk,KYC Fraud,6689,19:02,1-2 Hours,Bani Park,"ICICI ATM, Sindhi Camp Bus Stand Road, Bani Park"
INC-10163,Jaipur,Investment Scam,176234,11:01,12-24 Hours,C-Scheme,"SBI ATM, Ahinsa Circle, C-Scheme"
INC-10164,Jaipur,Investment Scam,149201,15:19,12-24 Hours,C-Scheme,"PNB ATM, Statue Circle, C-Scheme"
INC-10165,Jaipur,OLX Scam,18120,15:34,1-2 Hours,Vaishali Nagar,"Union Bank ATM, Hanuman Nagar, Vaishali Nagar"
INC-10166,Jaipur,Sextortion,35151,21:26,12-24 Hours,Sitapura Industrial,"Axis Bank ATM, Mahatma Gandhi Hospital Road, Sitapura Industrial"
INC-10167,Jaipur,Credit Card Cloning,117886,21:55,12-24 Hours,Pratap Nagar,"SBI ATM, Sector 16 Market, Pratap Nagar"
INC-10168,Udaipur,Credit Card Cloning,263673,11:47,12-24 Hours,Pratap Nagar,"HDFC ATM, Tonk Road, Pratap Nagar"
INC-10169,Kota,UPI Scam,15612,13:30,1-2 Hours,Mansarovar,"Union Bank ATM, Rajat Path, Mansarovar"
INC-10170,Alwar,Investment Scam,62033,15:56,12-24 Hours,C-Scheme,"SBI ATM, Statue Circle, C-Scheme"
INC-10171,Jaipur,Loan App Fraud,36464,20:22,12-24 Hours,Malviya Nagar,"Axis Bank ATM, Apex Circle, Malviya Nagar"
INC-10172,Bhilwara,UPI Scam,27639,12:28,1-2 Hours,Mansarovar,"Kotak Mahindra ATM, Rajat Path, Mansarovar"
INC-10173,Pali,KYC Fraud,68194,14:46,12-24 Hours,Jhotwara,"PNB ATM, Kalwar Road, Jhotwara"
INC-10174,Jodhpur,KYC Fraud,74901,11:19,12-24 Hours,Bani Park,"Bank of Baroda ATM, Kabir Marg, Bani Park"
INC-10175,Jodhpur,Credit Card Cloning,59156,17:40,12-24 Hours,Bani Park,"Kotak Mahindra ATM, Kabir Marg, Bani Park"
INC-10176,Tonk,Loan App Fraud,11778,15:09,1-2 Hours,Vidyadhar Nagar,"ICICI ATM, Central Spine, Vidyadhar Nagar"
INC-10177,Bhilwara,Credit Card Cloning,102255,15:09,12-24 Hours,Pratap Nagar,"SBI ATM, Tonk Road, Pratap Nagar"
INC-10178,Sikar,Loan App Fraud,27673,16:41,1-2 Hours,Bani Park,"Kotak Mahindra ATM, Kabir Marg, Bani Park"
INC-10179,Jaipur,Loan App Fraud,7746,12:49,1-2 Hours,Vaishali Nagar,"HDFC ATM, Queens Road, Vaishali Nagar"
INC-10180,Jaipur,Sextortion,142047,22:54,12-24 Hours,Sitapura Industrial,"HDFC ATM, India Gate, Sitapura Industrial"
INC-10181,Jaipur,UPI Scam,30472,22:22,12-24 Hours,Mansarovar,"Bank of Baroda ATM, Rajat Path, Mansarovar"
INC-10182,Sikar,Job Fraud,51202,12:32,12-24 Hours,C-Scheme,"ICICI ATM, Ashok Marg, C-Scheme"
INC-10183,Jaipur,Loan App Fraud,58382,13:51,12-24 Hours,C-Scheme,"Bank of Baroda ATM, Subhash Marg, C-Scheme"
INC-10184,Tonk,UPI Scam,41235,10:26,12-24 Hours,Mansarovar,"Union Bank ATM, Kaveri Path, Mansarovar"
INC-10185,Kota,Investment Scam,65442,18:56,12-24 Hours,C-Scheme,"Bank of Baroda ATM, Statue Circle, C-Scheme"
INC-10186,Bikaner,Job Fraud,86593,15:33,12-24 Hours,Bani Park,"SBI ATM, Collectorate Circle, Bani Park"
INC-10187,Jaipur,UPI Scam,14608,16:16,1-2 Hours,Mansarovar,"PNB ATM, Madhyam Marg, Mansarovar"
INC-10188,Jaipur,Loan App Fraud,22258,15:37,1-2 Hours,Vaishali Nagar,"ICICI ATM, Hanuman Nagar, Vaishali Nagar"
INC-10189,Jaipur,Credit Card Cloning,160558,20:02,12-24 Hours,Pratap Nagar,"SBI ATM, Haldi Ghati Marg, Pratap Nagar"
INC-10190,Tonk,Investment Scam,106083,11:56,12-24 Hours,C-Scheme,"SBI ATM, Subhash Marg, C-Scheme"
INC-10191,Alwar,OLX Scam,32418,14:04,12-24 Hours,Vaishali Nagar,"PNB ATM, Nursery Circle, Vaishali Nagar"
INC-10192,Sikar,UPI Scam,17837,14:55,1-2 Hours,Mansarovar,"Bank of Baroda ATM, Rajat Path, Mansarovar"
INC-10193,Jaipur,KYC Fraud,44371,14:28,12-24 Hours,Mansarovar,"HDFC ATM, Patrakar Colony, Mansarovar"
INC-10194,Jaipur,UPI Scam,13533,13:59,1-2 Hours,Mansarovar,"ICICI ATM, Patrakar Colony, Mansarovar"
INC-10195,Ajmer,KYC Fraud,44554,14:01,12-24 Hours,Bani Park,"PNB ATM, Peetal Factory, Bani Park"
INC-10196,Jaipur,KYC Fraud,26345,12:38,1-2 Hours,Malviya Nagar,"PNB ATM, JLN Marg, Malviya Nagar"
INC-10197,Bhilwara,Credit Card Cloning,108044,20:23,12-24 Hours,Pratap Nagar,"Bank of Baroda ATM, Sector 16 Market, Pratap Nagar"
INC-10198,Jaipur,UPI Scam,23490,13:17,1-2 Hours,Mansarovar,"Union Bank ATM, Kaveri Path, Mansarovar"
INC-10199,Bikaner,Job Fraud,89839,11:23,12-24 Hours,C-Scheme,"Bank of Baroda ATM, MI Road Junction, C-Scheme"
INC-10200,Kota,UPI Scam,21357,14:33,1-2 Hours,Mansarovar,"Bank of Baroda ATM, Kissan Dharam Kanta, Mansarovar"
INC-10201,Udaipur,Job Fraud,77052,12:32,12-24 Hours,Bani Park,"PNB ATM, Kabir Marg, Bani Park"
INC-10202,Bikaner,Job Fraud,104673,12:37,12-24 Hours,Bani Park,"HDFC ATM, Peetal Factory, Bani Park"
INC-10203,Jaipur,Loan App Fraud,67359,15:37,12-24 Hours,Jagatpura,"Axis Bank ATM, Mahal Road, Jagatpura"
INC-10204,Udaipur,Sextortion,80348,01:36,12-24 Hours,Sitapura Industrial,"Axis Bank ATM, RIICO Phase 1, Sitapura Industrial"
INC-10205,Tonk,UPI Scam,4183,12:49,1-2 Hours,Mansarovar,"Kotak Mahindra ATM, Kaveri Path, Mansarovar"
INC-10206,Alwar,Sextortion,98636,01:33,12-24 Hours,Sitapura Industrial,"Bank of Baroda ATM, Tonk Road Junction, Sitapura Industrial"
INC-10207,Jodhpur,Loan App Fraud,32910,15:12,12-24 Hours,Bani Park,"PNB ATM, Peetal Factory, Bani Park"
INC-10208,Tonk,OLX Scam,9501,20:20,1-2 Hours,Bani Park,"Axis Bank ATM, Peetal Factory, Bani Park"
INC-10209,Udaipur,Job Fraud,154789,15:52,12-24 Hours,Sitapura Industrial,"Kotak Mahindra ATM, Tonk Road Junction, Sitapura Industrial"
INC-10210,Jaipur,Investment Scam,84042,10:47,12-24 Hours,C-Scheme,"Union Bank ATM, Ashok Marg, C-Scheme"
INC-10211,Udaipur,OLX Scam,15264,19:03,1-2 Hours,Vaishali Nagar,"Axis Bank ATM, Gandhi Path, Vaishali Nagar"
INC-10212,Alwar,Job Fraud,93717,10:00,12-24 Hours,C-Scheme,"HDFC ATM, Statue Circle, C-Scheme"
INC-10213,Tonk,Loan App Fraud,16248,16:20,1-2 Hours,Vidyadhar Nagar,"Axis Bank ATM, National Highway 52 Bypass, Vidyadhar Nagar"
INC-10214,Jaipur,UPI Scam,33476,15:26,12-24 Hours,Mansarovar,"SBI ATM, VT Road Chauraha, Mansarovar"
INC-10215,Bhilwara,UPI Scam,44364,22:00,12-24 Hours,Mansarovar,"PNB ATM, Madhyam Marg, Mansarovar"
INC-10216,Jaipur,Job Fraud,152754,12:54,12-24 Hours,Jagatpura,"Union Bank ATM, NRI Colony, Jagatpura"
INC-10217,Udaipur,OLX Scam,24078,12:47,1-2 Hours,Vaishali Nagar,"ICICI ATM, Amrapali Circle, Vaishali Nagar"
INC-10218,Jaipur,OLX Scam,19222,11:32,1-2 Hours,Vaishali Nagar,"Kotak Mahindra ATM, Nursery Circle, Vaishali Nagar"
INC-10219,Jaipur,KYC Fraud,10626,21:24,1-2 Hours,Jhotwara,"SBI ATM, Kanta Chauraha, Jhotwara"
INC-10220,Jaipur,Investment Scam,251868,12:42,12-24 Hours,C-Scheme,"Axis Bank ATM, Ahinsa Circle, C-Scheme"
INC-10221,Jaipur,OLX Scam,11921,14:40,1-2 Hours,Vaishali Nagar,"PNB ATM, Amrapali Circle, Vaishali Nagar"
INC-10222,Pali,OLX Scam,17395,12:44,1-2 Hours,Vaishali Nagar,"Bank of Baroda ATM, Nursery Circle, Vaishali Nagar"
INC-10223,Ajmer,Sextortion,60294,00:28,12-24 Hours,Sitapura Industrial,"HDFC ATM, Mahatma Gandhi Hospital Road, Sitapura Industrial"
INC-10224,Ajmer,KYC Fraud,59049,10:10,12-24 Hours,Bani Park,"Axis Bank ATM, Sindhi Camp Bus Stand Road, Bani Park"
INC-10225,Jaipur,Sextortion,25527,22:29,1-2 Hours,Sitapura Industrial,"Union Bank ATM, RIICO Phase 1, Sitapura Industrial"
INC-10226,Jaipur,KYC Fraud,31906,14:16,12-24 Hours,Malviya Nagar,"SBI ATM, JLN Marg, Malviya Nagar"
INC-10227,Bikaner,Investment Scam,154216,10:59,12-24 Hours,C-Scheme,"SBI ATM, Ahinsa Circle, C-Scheme"
INC-10228,Udaipur,OLX Scam,7025,11:57,1-2 Hours,Vaishali Nagar,"Kotak Mahindra ATM, Queens Road, Vaishali Nagar"
INC-10229,Jodhpur,Investment Scam,231451,12:07,12-24 Hours,Bani Park,"ICICI ATM, Kabir Marg, Bani Park"
INC-10230,Jaipur,Job Fraud,78756,15:43,12-24 Hours,Mansarovar,"PNB ATM, Kissan Dharam Kanta, Mansarovar"
INC-10231,Sikar,KYC Fraud,22621,12:02,1-2 Hours,Jhotwara,"Axis Bank ATM, Kalwar Road, Jhotwara"
INC-10232,Bikaner,KYC Fraud,44774,18:02,12-24 Hours,Jhotwara,"HDFC ATM, Lata Circle, Jhotwara"
INC-10233,Jodhpur,Credit Card Cloning,205692,12:32,12-24 Hours,Pratap Nagar,"SBI ATM, Kumbha Marg, Pratap Nagar"
INC-10234,Tonk,OLX Scam,29471,15:19,1-2 Hours,Vaishali Nagar,"Bank of Baroda ATM, Gandhi Path, Vaishali Nagar"
INC-10235,Bhilwara,Loan App Fraud,36850,14:35,12-24 Hours,Vidyadhar Nagar,"ICICI ATM, Alka Cinema Road, Vidyadhar Nagar"
INC-10236,Udaipur,Loan App Fraud,77941,16:09,12-24 Hours,Vidyadhar Nagar,"Kotak Mahindra ATM, Alka Cinema Road, Vidyadhar Nagar"
INC-10237,Jaipur,UPI Scam,22508,12:58,1-2 Hours,Mansarovar,"ICICI ATM, Kissan Dharam Kanta, Mansarovar"
INC-10238,Jaipur,KYC Fraud,24369,14:59,1-2 Hours,Malviya Nagar,"Bank of Baroda ATM, Gaurav Tower (GT) Road, Malviya Nagar"
INC-10239,Jodhpur,KYC Fraud,30371,17:12,12-24 Hours,Jhotwara,"SBI ATM, Kalwar Road, Jhotwara"
INC-10240,Bikaner,Job Fraud,98754,11:13,12-24 Hours,Bani Park,"PNB ATM, Collectorate Circle, Bani Park"
INC-10241,Pali,Loan App Fraud,14225,20:58,1-2 Hours,Bani Park,"Axis Bank ATM, Peetal Factory, Bani Park"
INC-10242,Jaipur,KYC Fraud,18334,14:56,1-2 Hours,Malviya Nagar,"Bank of Baroda ATM, Sector 3 Market, Malviya Nagar"
INC-10243,Udaipur,UPI Scam,52461,14:26,12-24 Hours,Vaishali Nagar,"Bank of Baroda ATM, Queens Road, Vaishali Nagar"
INC-10244,Jaipur,Investment Scam,185803,09:09,12-24 Hours,C-Scheme,"Kotak Mahindra ATM, Ashok Marg, C-Scheme"
INC-10245,Jaipur,OLX Scam,16116,12:48,1-2 Hours,Vaishali Nagar,"Bank of Baroda ATM, Queens Road, Vaishali Nagar"
INC-10246,Bikaner,Loan App Fraud,45368,14:46,12-24 Hours,C-Scheme,"ICICI ATM, Statue Circle, C-Scheme"
INC-10247,Ajmer,UPI Scam,41655,21:48,12-24 Hours,Bani Park,"HDFC ATM, Collectorate Circle, Bani Park"
INC-10248,Jaipur,UPI Scam,26483,10:03,1-2 Hours,Mansarovar,"Union Bank ATM, Patrakar Colony, Mansarovar"
INC-10249,Alwar,Credit Card Cloning,136628,17:33,12-24 Hours,Sitapura Industrial,"SBI ATM, RIICO Phase 1, Sitapura Industrial"
INC-10250,Sikar,Job Fraud,50818,13:58,12-24 Hours,Jagatpura,"ICICI ATM, Mahal Road, Jagatpura"
INC-10251,Jaipur,UPI Scam,10420,14:23,1-2 Hours,Mansarovar,"Kotak Mahindra ATM, Madhyam Marg, Mansarovar"
INC-10252,Tonk,Sextortion,35247,01:05,12-24 Hours,Sitapura Industrial,"HDFC ATM, RIICO Phase 1, Sitapura Industrial"
INC-10253,Jodhpur,KYC Fraud,27281,15:36,1-2 Hours,Bani Park,"Kotak Mahindra ATM, Kabir Marg, Bani Park"
INC-10254,Tonk,Loan App Fraud,70396,18:02,12-24 Hours,Vidyadhar Nagar,"Union Bank ATM, National Highway 52 Bypass, Vidyadhar Nagar"
INC-10255,Pali,Credit Card Cloning,76201,18:37,12-24 Hours,Pratap Nagar,"SBI ATM, Kumbha Marg, Pratap Nagar"
INC-10256,Jaipur,Investment Scam,204992,17:21,12-24 Hours,C-Scheme,"Kotak Mahindra ATM, MI Road Junction, C-Scheme"
INC-10257,Jodhpur,Investment Scam,197244,14:06,12-24 Hours,C-Scheme,"Bank of Baroda ATM, Ahinsa Circle, C-Scheme"
INC-10258,Jodhpur,Investment Scam,117656,15:40,12-24 Hours,Bani Park,"Bank of Baroda ATM, Collectorate Circle, Bani Park"
INC-10259,Jaipur,Loan App Fraud,34860,14:49,12-24 Hours,Jagatpura,"Kotak Mahindra ATM, Mahal Road, Jagatpura"
INC-10260,Alwar,Investment Scam,179753,10:20,12-24 Hours,C-Scheme,"ICICI ATM, Subhash Marg, C-Scheme"
INC-10261,Jodhpur,UPI Scam,46827,13:27,12-24 Hours,Mansarovar,"HDFC ATM, VT Road Chauraha, Mansarovar"
INC-10262,Jodhpur,Job Fraud,64099,09:00,12-24 Hours,Bani Park,"Bank of Baroda ATM, Peetal Factory, Bani Park"
INC-10263,Jaipur,KYC Fraud,10128,19:10,1-2 Hours,Bani Park,"ICICI ATM, Peetal Factory, Bani Park"
INC-10264,Jaipur,OLX Scam,14075,10:23,1-2 Hours,Vaishali Nagar,"Union Bank ATM, Amrapali Circle, Vaishali Nagar"
INC-10265,Jaipur,OLX Scam,17702,15:25,1-2 Hours,Vaishali Nagar,"PNB ATM, Amrapali Circle, Vaishali Nagar"
INC-10266,Jaipur,Job Fraud,121816,12:20,12-24 Hours,C-Scheme,"ICICI ATM, Ashok Marg, C-Scheme"
INC-10267,Alwar,Credit Card Cloning,109577,16:50,12-24 Hours,Pratap Nagar,"Union Bank ATM, Tonk Road, Pratap Nagar"
INC-10268,Jaipur,KYC Fraud,48802,13:49,12-24 Hours,Mansarovar,"ICICI ATM, Rajat Path, Mansarovar"
INC-10269,Ajmer,Loan App Fraud,33032,16:43,12-24 Hours,Bani Park,"HDFC ATM, Peetal Factory, Bani Park"
INC-10270,Udaipur,Credit Card Cloning,70315,19:25,12-24 Hours,Pratap Nagar,"Union Bank ATM, Tonk Road, Pratap Nagar"
INC-10271,Ajmer,Loan App Fraud,67046,14:49,12-24 Hours,C-Scheme,"HDFC ATM, Ahinsa Circle, C-Scheme"
INC-10272,Jaipur,Credit Card Cloning,59111,18:06,12-24 Hours,Pratap Nagar,"Bank of Baroda ATM, Sector 16 Market, Pratap Nagar"
INC-10273,Jaipur,OLX Scam,14528,14:25,1-2 Hours,Vaishali Nagar,"Union Bank ATM, Queens Road, Vaishali Nagar"
INC-10274,Udaipur,Credit Card Cloning,153216,22:53,12-24 Hours,Pratap Nagar,"HDFC ATM, Haldi Ghati Marg, Pratap Nagar"
INC-10275,Tonk,UPI Scam,14248,13:28,1-2 Hours,Mansarovar,"Union Bank ATM, Madhyam Marg, Mansarovar"
INC-10276,Sikar,Sextortion,20605,20:59,1-2 Hours,C-Scheme,"HDFC ATM, Statue Circle, C-Scheme"
INC-10277,Tonk,OLX Scam,6914,11:40,1-2 Hours,Vaishali Nagar,"Axis Bank ATM, Nursery Circle, Vaishali Nagar"
INC-10278,Jaipur,Credit Card Cloning,101195,04:00,12-24 Hours,Pratap Nagar,"Kotak Mahindra ATM, Sector 16 Market, Pratap Nagar"
INC-10279,Sikar,OLX Scam,21878,17:20,1-2 Hours,Vaishali Nagar,"ICICI ATM, Queens Road, Vaishali Nagar"
INC-10280,Jaipur,UPI Scam,28350,14:25,1-2 Hours,Vaishali Nagar,"Kotak Mahindra ATM, Hanuman Nagar, Vaishali Nagar"
INC-10281,Ajmer,KYC Fraud,51375,15:43,12-24 Hours,Bani Park,"PNB ATM, Collectorate Circle, Bani Park"
INC-10282,Jaipur,UPI Scam,14032,11:08,1-2 Hours,Mansarovar,"Kotak Mahindra ATM, Kaveri Path, Mansarovar"
INC-10283,Ajmer,KYC Fraud,27820,14:31,1-2 Hours,Bani Park,"ICICI ATM, Sindhi Camp Bus Stand Road, Bani Park"
INC-10284,Jaipur,UPI Scam,38076,15:12,12-24 Hours,Mansarovar,"Union Bank ATM, VT Road Chauraha, Mansarovar"
INC-10285,Bikaner,Loan App Fraud,35815,14:10,12-24 Hours,Bani Park,"Union Bank ATM, Peetal Factory, Bani Park"
INC-10286,Jaipur,UPI Scam,33040,12:36,12-24 Hours,Mansarovar,"ICICI ATM, Kissan Dharam Kanta, Mansarovar"
INC-10287,Kota,Investment Scam,149355,10:52,12-24 Hours,C-Scheme,"Bank of Baroda ATM, MI Road Junction, C-Scheme"
INC-10288,Kota,Investment Scam,132205,11:55,12-24 Hours,C-Scheme,"Axis Bank ATM, Ashok Marg, C-Scheme"
INC-10289,Tonk,Sextortion,43535,02:51,12-24 Hours,Sitapura Industrial,"Axis Bank ATM, India Gate, Sitapura Industrial"
INC-10290,Kota,Credit Card Cloning,201659,17:36,12-24 Hours,Vidyadhar Nagar,"Axis Bank ATM, Central Spine, Vidyadhar Nagar"
INC-10291,Jodhpur,OLX Scam,15270,12:57,1-2 Hours,Vaishali Nagar,"PNB ATM, Hanuman Nagar, Vaishali Nagar"
INC-10292,Sikar,UPI Scam,49358,17:15,12-24 Hours,Bani Park,"ICICI ATM, Sindhi Camp Bus Stand Road, Bani Park"
INC-10293,Jaipur,KYC Fraud,16826,18:24,1-2 Hours,Malviya Nagar,"PNB ATM, JLN Marg, Malviya Nagar"
INC-10294,Udaipur,Credit Card Cloning,208658,04:31,12-24 Hours,Pratap Nagar,"Bank of Baroda ATM, Sector 16 Market, Pratap Nagar"
INC-10295,Jaipur,UPI Scam,33788,16:50,12-24 Hours,Mansarovar,"Bank of Baroda ATM, Madhyam Marg, Mansarovar"
INC-10296,Ajmer,OLX Scam,12499,11:36,1-2 Hours,Vaishali Nagar,"Bank of Baroda ATM, Hanuman Nagar, Vaishali Nagar"
INC-10297,Jaipur,Investment Scam,196707,16:07,12-24 Hours,C-Scheme,"Union Bank ATM, Ahinsa Circle, C-Scheme"
INC-10298,Pali,UPI Scam,19340,21:19,1-2 Hours,Mansarovar,"ICICI ATM, Rajat Path, Mansarovar"
INC-10299,Jaipur,Loan App Fraud,22235,16:25,1-2 Hours,Mansarovar,"ICICI ATM, Madhyam Marg, Mansarovar"
INC-10300,Alwar,Investment Scam,188931,12:04,12-24 Hours,C-Scheme,"Axis Bank ATM, Subhash Marg, C-Scheme"
INC-10301,Jaipur,OLX Scam,19400,08:30,1-2 Hours,Vaishali Nagar,"Kotak Mahindra ATM, Gandhi Path, Vaishali Nagar"
INC-10302,Jaipur,KYC Fraud,42211,10:49,12-24 Hours,Malviya Nagar,"ICICI ATM, JLN Marg, Malviya Nagar"
INC-10303,Bikaner,Loan App Fraud,45359,16:22,12-24 Hours,Vaishali Nagar,"ICICI ATM, Nursery Circle, Vaishali Nagar"
INC-10304,Sikar,Job Fraud,37142,12:08,12-24 Hours,Jagatpura,"HDFC ATM, Mahal Road, Jagatpura"
INC-10305,Kota,Job Fraud,61370,18:15,12-24 Hours,C-Scheme,"PNB ATM, Ahinsa Circle, C-Scheme"
INC-10306,Ajmer,Job Fraud,89351,15:33,12-24 Hours,Bani Park,"PNB ATM, Sindhi Camp Bus Stand Road, Bani Park"
INC-10307,Alwar,UPI Scam,16985,15:24,1-2 Hours,Mansarovar,"Axis Bank ATM, Kissan Dharam Kanta, Mansarovar"
INC-10308,Jaipur,Sextortion,65943,23:24,12-24 Hours,Sitapura Industrial,"Bank of Baroda ATM, India Gate, Sitapura Industrial"
INC-10309,Bhilwara,Job Fraud,59291,14:37,12-24 Hours,Jagatpura,"HDFC ATM, Mahal Road, Jagatpura"
INC-10310,Jaipur,OLX Scam,3787,10:44,1-2 Hours,Vaishali Nagar,"Kotak Mahindra ATM, Nursery Circle, Vaishali Nagar"
INC-10311,Jodhpur,Credit Card Cloning,120614,13:20,12-24 Hours,Pratap Nagar,"ICICI ATM, Tonk Road, Pratap Nagar"
INC-10312,Jodhpur,Credit Card Cloning,192683,12:15,12-24 Hours,Bani Park,"Axis Bank ATM, Collectorate Circle, Bani Park"
INC-10313,Jaipur,KYC Fraud,26155,15:00,1-2 Hours,Malviya Nagar,"ICICI ATM, Gaurav Tower (GT) Road, Malviya Nagar"
INC-10314,Sikar,Credit Card Cloning,58740,17:08,12-24 Hours,Pratap Nagar,"ICICI ATM, Sector 11, Pratap Nagar"
INC-10315,Kota,Loan App Fraud,52834,11:33,12-24 Hours,Vidyadhar Nagar,"Kotak Mahindra ATM, National Highway 52 Bypass, Vidyadhar Nagar"
INC-10316,Jaipur,Credit Card Cloning,128346,03:10,12-24 Hours,Pratap Nagar,"ICICI ATM, Sector 11, Pratap Nagar"
INC-10317,Jaipur,UPI Scam,23998,16:15,1-2 Hours,Mansarovar,"SBI ATM, Madhyam Marg, Mansarovar"
INC-10318,Jaipur,KYC Fraud,59430,11:20,12-24 Hours,Bani Park,"Kotak Mahindra ATM, Sindhi Camp Bus Stand Road, Bani Park"
INC-10319,Jaipur,Loan App Fraud,24734,17:14,1-2 Hours,Malviya Nagar,"SBI ATM, Calgiri Road, Malviya Nagar"
INC-10320,Bikaner,Loan App Fraud,80442,11:05,12-24 Hours,Bani Park,"PNB ATM, Kabir Marg, Bani Park"
INC-10321,Ajmer,UPI Scam,10689,14:37,1-2 Hours,Mansarovar,"Union Bank ATM, Patrakar Colony, Mansarovar"
INC-10322,Tonk,Loan App Fraud,56793,16:59,12-24 Hours,Vidyadhar Nagar,"ICICI ATM, Central Spine, Vidyadhar Nagar"
INC-10323,Jodhpur,OLX Scam,10561,18:54,1-2 Hours,Bani Park,"SBI ATM, Peetal Factory, Bani Park"
INC-10324,Kota,OLX Scam,7536,21:05,1-2 Hours,Vidyadhar Nagar,"ICICI ATM, National Highway 52 Bypass, Vidyadhar Nagar"
INC-10325,Jaipur,OLX Scam,25687,13:06,1-2 Hours,Vaishali Nagar,"HDFC ATM, Hanuman Nagar, Vaishali Nagar"
INC-10326,Udaipur,Credit Card Cloning,94688,12:54,12-24 Hours,Pratap Nagar,"PNB ATM, Sector 11, Pratap Nagar"
INC-10327,Jaipur,Investment Scam,177185,15:08,12-24 Hours,C-Scheme,"HDFC ATM, Statue Circle, C-Scheme"
INC-10328,Kota,Job Fraud,37568,11:28,12-24 Hours,Jagatpura,"Bank of Baroda ATM, NRI Colony, Jagatpura"
INC-10329,Jaipur,OLX Scam,5836,11:53,1-2 Hours,Vaishali Nagar,"SBI ATM, Gandhi Path, Vaishali Nagar"
INC-10330,Bhilwara,UPI Scam,30358,20:52,12-24 Hours,Mansarovar,"PNB ATM, Patrakar Colony, Mansarovar"
INC-10331,Tonk,UPI Scam,17434,13:51,1-2 Hours,Mansarovar,"Union Bank ATM, Madhyam Marg, Mansarovar"
INC-10332,Bikaner,UPI Scam,6342,17:43,1-2 Hours,Mansarovar,"Kotak Mahindra ATM, Patrakar Colony, Mansarovar"
INC-10333,Alwar,Credit Card Cloning,129500,19:05,12-24 Hours,Pratap Nagar,"Union Bank ATM, Kumbha Marg, Pratap Nagar"
INC-10334,Pali,Investment Scam,116350,10:31,12-24 Hours,C-Scheme,"Kotak Mahindra ATM, Subhash Marg, C-Scheme"
INC-10335,Jaipur,Credit Card Cloning,60057,14:39,12-24 Hours,C-Scheme,"SBI ATM, MI Road Junction, C-Scheme"
INC-10336,Alwar,Credit Card Cloning,113246,17:41,12-24 Hours,Pratap Nagar,"Kotak Mahindra ATM, Kumbha Marg, Pratap Nagar"
INC-10337,Bhilwara,Sextortion,69845,01:34,12-24 Hours,Sitapura Industrial,"Bank of Baroda ATM, Tonk Road Junction, Sitapura Industrial"
INC-10338,Kota,KYC Fraud,32002,12:57,12-24 Hours,Vidyadhar Nagar,"Axis Bank ATM, Central Spine, Vidyadhar Nagar"
INC-10339,Bikaner,OLX Scam,24071,14:06,1-2 Hours,Vaishali Nagar,"Axis Bank ATM, Gandhi Path, Vaishali Nagar"
INC-10340,Jaipur,OLX Scam,15134,17:54,1-2 Hours,Vaishali Nagar,"Axis Bank ATM, Hanuman Nagar, Vaishali Nagar"
INC-10341,Tonk,KYC Fraud,61462,21:58,12-24 Hours,Jhotwara,"Bank of Baroda ATM, Kanta Chauraha, Jhotwara"
INC-10342,Ajmer,Credit Card Cloning,87578,14:11,12-24 Hours,Bani Park,"Union Bank ATM, Kabir Marg, Bani Park"
INC-10343,Udaipur,UPI Scam,11685,12:21,1-2 Hours,Vidyadhar Nagar,"Axis Bank ATM, Sector 2, Vidyadhar Nagar"
INC-10344,Sikar,Loan App Fraud,63985,13:54,12-24 Hours,Jhotwara,"ICICI ATM, Kalwar Road, Jhotwara"
INC-10345,Ajmer,KYC Fraud,9522,16:20,1-2 Hours,Bani Park,"Bank of Baroda ATM, Kabir Marg, Bani Park"
INC-10346,Jaipur,UPI Scam,47507,17:44,12-24 Hours,Vaishali Nagar,"ICICI ATM, Hanuman Nagar, Vaishali Nagar"
INC-10347,Bhilwara,Job Fraud,58342,14:11,12-24 Hours,Jagatpura,"PNB ATM, NRI Colony, Jagatpura"
INC-10348,Sikar,Loan App Fraud,79328,14:38,12-24 Hours,Vidyadhar Nagar,"SBI ATM, Sector 2, Vidyadhar Nagar"
INC-10349,Jaipur,Investment Scam,160049,14:15,12-24 Hours,C-Scheme,"Bank of Baroda ATM, Ahinsa Circle, C-Scheme"
INC-10350,Jaipur,KYC Fraud,36072,20:00,12-24 Hours,Jhotwara,"Bank of Baroda ATM, Triton Mall Road, Jhotwara"
INC-10351,Jaipur,OLX Scam,4636,12:10,1-2 Hours,Pratap Nagar,"Union Bank ATM, Sector 16 Market, Pratap Nagar"
INC-10352,Bhilwara,Sextortion,46027,23:28,12-24 Hours,Sitapura Industrial,"Axis Bank ATM, India Gate, Sitapura Industrial"
INC-10353,Jaipur,Investment Scam,110870,12:10,12-24 Hours,C-Scheme,"ICICI ATM, Subhash Marg, C-Scheme"
INC-10354,Kota,Job Fraud,143622,10:27,12-24 Hours,C-Scheme,"Union Bank ATM, Ahinsa Circle, C-Scheme"
INC-10355,Tonk,UPI Scam,41687,11:44,12-24 Hours,Mansarovar,"Axis Bank ATM, Kissan Dharam Kanta, Mansarovar"
INC-10356,Ajmer,Loan App Fraud,38107,16:09,12-24 Hours,Bani Park,"Kotak Mahindra ATM, Peetal Factory, Bani Park"
INC-10357,Jaipur,UPI Scam,7272,17:13,1-2 Hours,Mansarovar,"HDFC ATM, Madhyam Marg, Mansarovar"
INC-10358,Jaipur,OLX Scam,4997,18:05,1-2 Hours,Vaishali Nagar,"Union Bank ATM, Queens Road, Vaishali Nagar"
INC-10359,Alwar,KYC Fraud,22241,13:16,1-2 Hours,Malviya Nagar,"Union Bank ATM, JLN Marg, Malviya Nagar"
INC-10360,Jaipur,OLX Scam,4467,16:26,1-2 Hours,Vaishali Nagar,"Bank of Baroda ATM, Hanuman Nagar, Vaishali Nagar"
INC-10361,Tonk,Job Fraud,81985,16:56,12-24 Hours,Jagatpura,"Union Bank ATM, 7 Number Stand, Jagatpura"
INC-10362,Jaipur,OLX Scam,11672,18:48,1-2 Hours,Vaishali Nagar,"ICICI ATM, Amrapali Circle, Vaishali Nagar"
INC-10363,Jodhpur,Loan App Fraud,16708,12:12,1-2 Hours,Bani Park,"HDFC ATM, Peetal Factory, Bani Park"
INC-10364,Tonk,Job Fraud,128057,11:24,12-24 Hours,Jagatpura,"HDFC ATM, Mahal Road, Jagatpura"
INC-10365,Ajmer,Job Fraud,133117,13:26,12-24 Hours,Vidyadhar Nagar,"Kotak Mahindra ATM, Central Spine, Vidyadhar Nagar"
INC-10366,Jaipur,Job Fraud,85893,18:55,12-24 Hours,C-Scheme,"HDFC ATM, Ashok Marg, C-Scheme"
INC-10367,Ajmer,KYC Fraud,24102,13:17,1-2 Hours,Bani Park,"SBI ATM, Sindhi Camp Bus Stand Road, Bani Park"
INC-10368,Jodhpur,Job Fraud,100207,12:47,12-24 Hours,Bani Park,"Axis Bank ATM, Collectorate Circle, Bani Park"
INC-10369,Udaipur,OLX Scam,11153,13:55,1-2 Hours,Vaishali Nagar,"Union Bank ATM, Amrapali Circle, Vaishali Nagar"
INC-10370,Jaipur,OLX Scam,21566,17:28,1-2 Hours,Vaishali Nagar,"HDFC ATM, Gandhi Path, Vaishali Nagar"
INC-10371,Jaipur,Investment Scam,185735,15:19,12-24 Hours,C-Scheme,"ICICI ATM, Ahinsa Circle, C-Scheme"
INC-10372,Sikar,KYC Fraud,45880,14:15,12-24 Hours,Jhotwara,"Axis Bank ATM, Kalwar Road, Jhotwara"
INC-10373,Jaipur,UPI Scam,15889,11:59,1-2 Hours,Mansarovar,"Kotak Mahindra ATM, Rajat Path, Mansarovar"
INC-10374,Jaipur,UPI Scam,16308,15:10,1-2 Hours,Mansarovar,"Bank of Baroda ATM, Patrakar Colony, Mansarovar"
INC-10375,Bikaner,OLX Scam,25024,10:41,1-2 Hours,Vaishali Nagar,"Axis Bank ATM, Gandhi Path, Vaishali Nagar"
INC-10376,Jaipur,OLX Scam,18506,14:58,1-2 Hours,Vaishali Nagar,"SBI ATM, Nursery Circle, Vaishali Nagar"
INC-10377,Jaipur,UPI Scam,35388,12:57,12-24 Hours,Mansarovar,"PNB ATM, Kissan Dharam Kanta, Mansarovar"
INC-10378,Jodhpur,KYC Fraud,17013,14:00,1-2 Hours,Bani Park,"Kotak Mahindra ATM, Collectorate Circle, Bani Park"
INC-10379,Udaipur,Credit Card Cloning,195561,18:04,12-24 Hours,Pratap Nagar,"HDFC ATM, Sector 16 Market, Pratap Nagar"
INC-10380,Jaipur,OLX Scam,10086,12:09,1-2 Hours,Vaishali Nagar,"PNB ATM, Gandhi Path, Vaishali Nagar"
INC-10381,Udaipur,OLX Scam,4327,18:46,1-2 Hours,Vaishali Nagar,"Bank of Baroda ATM, Gandhi Path, Vaishali Nagar"
INC-10382,Jaipur,Sextortion,39291,03:46,12-24 Hours,Sitapura Industrial,"Axis Bank ATM, EPI Zone, Sitapura Industrial"
INC-10383,Sikar,Credit Card Cloning,141339,21:11,12-24 Hours,Pratap Nagar,"ICICI ATM, Tonk Road, Pratap Nagar"
INC-10384,Jaipur,Sextortion,82858,01:14,12-24 Hours,Sitapura Industrial,"Bank of Baroda ATM, RIICO Phase 1, Sitapura Industrial"
INC-10385,Jodhpur,Investment Scam,112727,15:54,12-24 Hours,C-Scheme,"PNB ATM, Subhash Marg, C-Scheme"
INC-10386,Jaipur,UPI Scam,26651,15:07,1-2 Hours,Mansarovar,"Axis Bank ATM, Kaveri Path, Mansarovar"
INC-10387,Bhilwara,KYC Fraud,18996,10:26,1-2 Hours,Bani Park,"Axis Bank ATM, Kabir Marg, Bani Park"
INC-10388,Tonk,Loan App Fraud,89454,12:21,12-24 Hours,Vidyadhar Nagar,"HDFC ATM, Alka Cinema Road, Vidyadhar Nagar"
INC-10389,Alwar,UPI Scam,26656,08:48,1-2 Hours,Mansarovar,"ICICI ATM, Kaveri Path, Mansarovar"
INC-10390,Jaipur,Investment Scam,194641,11:24,12-24 Hours,C-Scheme,"Kotak Mahindra ATM, Subhash Marg, C-Scheme"
INC-10391,Jaipur,Job Fraud,108330,17:43,12-24 Hours,Jagatpura,"Axis Bank ATM, Mahal Road, Jagatpura"
INC-10392,Jaipur,Investment Scam,99595,16:04,12-24 Hours,C-Scheme,"PNB ATM, Statue Circle, C-Scheme"
INC-10393,Bikaner,OLX Scam,9335,16:57,1-2 Hours,Vaishali Nagar,"ICICI ATM, Queens Road, Vaishali Nagar"
INC-10394,Udaipur,Investment Scam,87947,17:46,12-24 Hours,Malviya Nagar,"ICICI ATM, Calgiri Road, Malviya Nagar"
INC-10395,Jaipur,Sextortion,26130,01:39,1-2 Hours,Sitapura Industrial,"PNB ATM, Mahatma Gandhi Hospital Road, Sitapura Industrial"
INC-10396,Jaipur,Loan App Fraud,46936,16:24,12-24 Hours,Mansarovar,"Kotak Mahindra ATM, Kissan Dharam Kanta, Mansarovar"
INC-10397,Jaipur,OLX Scam,20117,11:17,1-2 Hours,Pratap Nagar,"HDFC ATM, Tonk Road, Pratap Nagar"
INC-10398,Alwar,Credit Card Cloning,98879,17:12,12-24 Hours,Pratap Nagar,"HDFC ATM, Sector 16 Market, Pratap Nagar"
INC-10399,Alwar,Investment Scam,207845,18:35,12-24 Hours,C-Scheme,"ICICI ATM, Ahinsa Circle, C-Scheme"
INC-10400,Udaipur,OLX Scam,30583,12:42,12-24 Hours,Mansarovar,"HDFC ATM, Kaveri Path, Mansarovar"
INC-10401,Udaipur,Loan App Fraud,57145,11:18,12-24 Hours,Vidyadhar Nagar,"Axis Bank ATM, Alka Cinema Road, Vidyadhar Nagar"
INC-10402,Jaipur,UPI Scam,36161,18:47,12-24 Hours,Mansarovar,"Bank of Baroda ATM, Kissan Dharam Kanta, Mansarovar"
INC-10403,Jaipur,Investment Scam,225641,09:57,12-24 Hours,C-Scheme,"Bank of Baroda ATM, Ashok Marg, C-Scheme"
INC-10404,Jodhpur,Job Fraud,138424,10:29,12-24 Hours,Bani Park,"Kotak Mahindra ATM, Peetal Factory, Bani Park"
INC-10405,Jaipur,KYC Fraud,51857,17:44,12-24 Hours,C-Scheme,"HDFC ATM, Statue Circle, C-Scheme"
INC-10406,Sikar,Loan App Fraud,63992,11:39,12-24 Hours,Vidyadhar Nagar,"Union Bank ATM, Sector 2, Vidyadhar Nagar"
INC-10407,Jodhpur,KYC Fraud,6741,16:58,1-2 Hours,Bani Park,"ICICI ATM, Peetal Factory, Bani Park"
INC-10408,Udaipur,Loan App Fraud,31743,11:33,12-24 Hours,Jagatpura,"Axis Bank ATM, SKIT College Road, Jagatpura"
INC-10409,Ajmer,Credit Card Cloning,47162,15:53,12-24 Hours,Pratap Nagar,"Kotak Mahindra ATM, Kumbha Marg, Pratap Nagar"
INC-10410,Bikaner,Loan App Fraud,43216,09:55,12-24 Hours,Bani Park,"Union Bank ATM, Peetal Factory, Bani Park"
INC-10411,Jaipur,Investment Scam,114751,12:52,12-24 Hours,C-Scheme,"Kotak Mahindra ATM, Subhash Marg, C-Scheme"
INC-10412,Jaipur,Sextortion,91195,23:47,12-24 Hours,Sitapura Industrial,"HDFC ATM, Tonk Road Junction, Sitapura Industrial"
INC-10413,Alwar,UPI Scam,17719,14:35,1-2 Hours,Mansarovar,"PNB ATM, Kaveri Path, Mansarovar"
INC-10414,Jaipur,Credit Card Cloning,241218,12:45,12-24 Hours,C-Scheme,"Union Bank ATM, Ashok Marg, C-Scheme"
INC-10415,Udaipur,UPI Scam,27788,08:33,1-2 Hours,Mansarovar,"PNB ATM, Kaveri Path, Mansarovar"
INC-10416,Jodhpur,UPI Scam,42288,14:16,12-24 Hours,Vaishali Nagar,"Kotak Mahindra ATM, Amrapali Circle, Vaishali Nagar"
INC-10417,Alwar,UPI Scam,45430,13:48,12-24 Hours,Mansarovar,"Bank of Baroda ATM, Madhyam Marg, Mansarovar"
INC-10418,Jodhpur,Loan App Fraud,63205,15:00,12-24 Hours,Vidyadhar Nagar,"ICICI ATM, Alka Cinema Road, Vidyadhar Nagar"
INC-10419,Ajmer,UPI Scam,45972,18:37,12-24 Hours,Mansarovar,"ICICI ATM, Rajat Path, Mansarovar"
INC-10420,Jaipur,Investment Scam,73847,14:38,12-24 Hours,C-Scheme,"Kotak Mahindra ATM, Subhash Marg, C-Scheme"
INC-10421,Pali,Investment Scam,107525,18:26,12-24 Hours,Bani Park,"ICICI ATM, Sindhi Camp Bus Stand Road, Bani Park"
INC-10422,Alwar,Loan App Fraud,36262,17:13,12-24 Hours,Vidyadhar Nagar,"Axis Bank ATM, Sector 2, Vidyadhar Nagar"
INC-10423,Alwar,OLX Scam,10536,15:34,1-2 Hours,Pratap Nagar,"ICICI ATM, Tonk Road, Pratap Nagar"
INC-10424,Sikar,KYC Fraud,11488,13:18,1-2 Hours,Jhotwara,"Kotak Mahindra ATM, Lata Circle, Jhotwara"
INC-10425,Bhilwara,KYC Fraud,5156,10:17,1-2 Hours,Jhotwara,"SBI ATM, Panchawala, Jhotwara"
INC-10426,Kota,UPI Scam,13416,12:48,1-2 Hours,Mansarovar,"PNB ATM, VT Road Chauraha, Mansarovar"
INC-10427,Ajmer,KYC Fraud,26116,15:15,1-2 Hours,Bani Park,"Axis Bank ATM, Peetal Factory, Bani Park"
INC-10428,Udaipur,Investment Scam,176246,14:35,12-24 Hours,Sitapura Industrial,"Kotak Mahindra ATM, EPI Zone, Sitapura Industrial"
INC-10429,Jaipur,Investment Scam,95409,16:48,12-24 Hours,C-Scheme,"Axis Bank ATM, Ashok Marg, C-Scheme"
INC-10430,Ajmer,Investment Scam,94170,15:11,12-24 Hours,C-Scheme,"HDFC ATM, Statue Circle, C-Scheme"
INC-10431,Kota,UPI Scam,5431,12:21,1-2 Hours,Mansarovar,"PNB ATM, Madhyam Marg, Mansarovar"
INC-10432,Udaipur,Loan App Fraud,9133,18:50,1-2 Hours,Vidyadhar Nagar,"PNB ATM, Alka Cinema Road, Vidyadhar Nagar"
INC-10433,Ajmer,KYC Fraud,46155,12:26,12-24 Hours,Bani Park,"HDFC ATM, Sindhi Camp Bus Stand Road, Bani Park"
INC-10434,Ajmer,KYC Fraud,21257,18:48,1-2 Hours,Bani Park,"PNB ATM, Sindhi Camp Bus Stand Road, Bani Park"
INC-10435,Alwar,Sextortion,62634,01:15,12-24 Hours,Sitapura Industrial,"Bank of Baroda ATM, Tonk Road Junction, Sitapura Industrial"
INC-10436,Pali,Job Fraud,91277,18:16,12-24 Hours,Bani Park,"HDFC ATM, Peetal Factory, Bani Park"
INC-10437,Ajmer,OLX Scam,29157,17:02,1-2 Hours,Vaishali Nagar,"Union Bank ATM, Nursery Circle, Vaishali Nagar"
INC-10438,Jaipur,Credit Card Cloning,82500,00:13,12-24 Hours,Pratap Nagar,"SBI ATM, Haldi Ghati Marg, Pratap Nagar"
INC-10439,Sikar,Investment Scam,217499,12:47,12-24 Hours,C-Scheme,"Kotak Mahindra ATM, Ahinsa Circle, C-Scheme"
INC-10440,Sikar,UPI Scam,30652,09:04,12-24 Hours,Mansarovar,"PNB ATM, Kaveri Path, Mansarovar"
INC-10441,Ajmer,OLX Scam,8647,13:43,1-2 Hours,Vaishali Nagar,"SBI ATM, Nursery Circle, Vaishali Nagar"
INC-10442,Jaipur,UPI Scam,30830,10:59,12-24 Hours,Mansarovar,"HDFC ATM, Patrakar Colony, Mansarovar"
INC-10443,Udaipur,OLX Scam,19591,15:52,1-2 Hours,Vaishali Nagar,"Kotak Mahindra ATM, Nursery Circle, Vaishali Nagar"
INC-10444,Alwar,Sextortion,59902,21:19,12-24 Hours,Sitapura Industrial,"PNB ATM, India Gate, Sitapura Industrial"
INC-10445,Sikar,Loan App Fraud,58678,16:02,12-24 Hours,Vidyadhar Nagar,"ICICI ATM, Central Spine, Vidyadhar Nagar"
INC-10446,Jaipur,Job Fraud,79830,17:26,12-24 Hours,C-Scheme,"Bank of Baroda ATM, Statue Circle, C-Scheme"
INC-10447,Pali,Investment Scam,83156,11:42,12-24 Hours,C-Scheme,"HDFC ATM, Statue Circle, C-Scheme"
INC-10448,Bikaner,Investment Scam,213455,17:42,12-24 Hours,Bani Park,"HDFC ATM, Kabir Marg, Bani Park"
INC-10449,Jaipur,UPI Scam,31108,14:18,12-24 Hours,Mansarovar,"Axis Bank ATM, Madhyam Marg, Mansarovar"
INC-10450,Alwar,Loan App Fraud,24615,14:51,1-2 Hours,Vidyadhar Nagar,"ICICI ATM, National Highway 52 Bypass, Vidyadhar Nagar"
INC-10451,Jaipur,KYC Fraud,3941,12:53,1-2 Hours,Mansarovar,"Kotak Mahindra ATM, Patrakar Colony, Mansarovar"
INC-10452,Jodhpur,Credit Card Cloning,84308,17:41,12-24 Hours,Bani Park,"HDFC ATM, Sindhi Camp Bus Stand Road, Bani Park"
INC-10453,Alwar,Investment Scam,215615,11:57,12-24 Hours,C-Scheme,"HDFC ATM, Ahinsa Circle, C-Scheme"
INC-10454,Jaipur,Sextortion,15634,00:16,1-2 Hours,Sitapura Industrial,"SBI ATM, Mahatma Gandhi Hospital Road, Sitapura Industrial"
INC-10455,Ajmer,Loan App Fraud,33687,16:29,12-24 Hours,Bani Park,"PNB ATM, Sindhi Camp Bus Stand Road, Bani Park"
INC-10456,Udaipur,UPI Scam,16010,08:08,1-2 Hours,Mansarovar,"ICICI ATM, Kaveri Path, Mansarovar"
INC-10457,Jodhpur,UPI Scam,47509,15:02,12-24 Hours,Bani Park,"Union Bank ATM, Kabir Marg, Bani Park"
INC-10458,Jaipur,Sextortion,20095,22:30,1-2 Hours,Sitapura Industrial,"Bank of Baroda ATM, Tonk Road Junction, Sitapura Industrial"
INC-10459,Pali,Loan App Fraud,9130,15:37,1-2 Hours,Vaishali Nagar,"PNB ATM, Queens Road, Vaishali Nagar"
INC-10460,Ajmer,UPI Scam,27542,13:58,1-2 Hours,Mansarovar,"PNB ATM, Kissan Dharam Kanta, Mansarovar"
INC-10461,Jaipur,KYC Fraud,48865,13:56,12-24 Hours,Malviya Nagar,"SBI ATM, Sector 3 Market, Malviya Nagar"
INC-10462,Jaipur,UPI Scam,6914,15:45,1-2 Hours,Mansarovar,"Bank of Baroda ATM, Kaveri Path, Mansarovar"
INC-10463,Bikaner,Credit Card Cloning,98151,13:01,12-24 Hours,Bani Park,"ICICI ATM, Peetal Factory, Bani Park"
INC-10464,Jaipur,UPI Scam,24785,11:10,1-2 Hours,Mansarovar,"ICICI ATM, Madhyam Marg, Mansarovar"
INC-10465,Jaipur,UPI Scam,48729,15:28,12-24 Hours,Jhotwara,"HDFC ATM, Panchawala, Jhotwara"
INC-10466,Alwar,Sextortion,55032,22:42,12-24 Hours,Sitapura Industrial,"ICICI ATM, Mahatma Gandhi Hospital Road, Sitapura Industrial"
INC-10467,Udaipur,UPI Scam,29074,19:08,1-2 Hours,Mansarovar,"Kotak Mahindra ATM, Kissan Dharam Kanta, Mansarovar"
INC-10468,Jaipur,OLX Scam,26355,14:30,1-2 Hours,Vaishali Nagar,"HDFC ATM, Gandhi Path, Vaishali Nagar"
INC-10469,Pali,Job Fraud,138241,13:57,12-24 Hours,Bani Park,"ICICI ATM, Collectorate Circle, Bani Park"
INC-10470,Pali,Credit Card Cloning,101083,20:22,12-24 Hours,Bani Park,"Union Bank ATM, Peetal Factory, Bani Park"
INC-10471,Ajmer,Investment Scam,190371,14:58,12-24 Hours,C-Scheme,"Union Bank ATM, Statue Circle, C-Scheme"
INC-10472,Bhilwara,OLX Scam,27217,13:33,1-2 Hours,Vaishali Nagar,"SBI ATM, Hanuman Nagar, Vaishali Nagar"
INC-10473,Jaipur,UPI Scam,27583,16:41,1-2 Hours,Mansarovar,"ICICI ATM, Kissan Dharam Kanta, Mansarovar"
INC-10474,Ajmer,OLX Scam,15198,14:26,1-2 Hours,Vaishali Nagar,"Kotak Mahindra ATM, Gandhi Path, Vaishali Nagar"
INC-10475,Ajmer,Job Fraud,39925,13:47,12-24 Hours,Jagatpura,"Bank of Baroda ATM, Ramnagariya, Jagatpura"
INC-10476,Jaipur,Investment Scam,77744,11:32,12-24 Hours,C-Scheme,"HDFC ATM, Statue Circle, C-Scheme"
INC-10477,Jodhpur,KYC Fraud,31176,16:52,12-24 Hours,Bani Park,"SBI ATM, Collectorate Circle, Bani Park"
INC-10478,Jaipur,Loan App Fraud,31419,11:24,12-24 Hours,Mansarovar,"SBI ATM, Rajat Path, Mansarovar"
INC-10479,Pali,KYC Fraud,37296,12:28,12-24 Hours,Bani Park,"ICICI ATM, Peetal Factory, Bani Park"
INC-10480,Jaipur,Investment Scam,240926,13:10,12-24 Hours,C-Scheme,"Axis Bank ATM, MI Road Junction, C-Scheme"
INC-10481,Sikar,KYC Fraud,37224,21:42,12-24 Hours,Jhotwara,"Kotak Mahindra ATM, Kanta Chauraha, Jhotwara"
INC-10482,Jodhpur,Job Fraud,77336,15:58,12-24 Hours,C-Scheme,"PNB ATM, MI Road Junction, C-Scheme"
INC-10483,Ajmer,KYC Fraud,48719,12:16,12-24 Hours,Bani Park,"Kotak Mahindra ATM, Collectorate Circle, Bani Park"
INC-10484,Jaipur,Sextortion,62365,23:52,12-24 Hours,Sitapura Industrial,"PNB ATM, Mahatma Gandhi Hospital Road, Sitapura Industrial"
INC-10485,Bikaner,OLX Scam,12817,13:43,1-2 Hours,Vaishali Nagar,"Bank of Baroda ATM, Nursery Circle, Vaishali Nagar"
INC-10486,Udaipur,Job Fraud,18663,10:51,1-2 Hours,C-Scheme,"Axis Bank ATM, Statue Circle, C-Scheme"
INC-10487,Jaipur,Loan App Fraud,36537,09:43,12-24 Hours,C-Scheme,"HDFC ATM, Subhash Marg, C-Scheme"
INC-10488,Kota,KYC Fraud,31393,11:47,12-24 Hours,C-Scheme,"PNB ATM, Statue Circle, C-Scheme"
INC-10489,Sikar,Loan App Fraud,35399,12:12,12-24 Hours,Vidyadhar Nagar,"Axis Bank ATM, Sector 2, Vidyadhar Nagar"
INC-10490,Bikaner,Investment Scam,119844,15:00,12-24 Hours,C-Scheme,"Union Bank ATM, MI Road Junction, C-Scheme"
INC-10491,Kota,Job Fraud,21984,13:11,1-2 Hours,Jagatpura,"PNB ATM, Ramnagariya, Jagatpura"
INC-10492,Tonk,Loan App Fraud,22570,12:34,1-2 Hours,Vidyadhar Nagar,"Kotak Mahindra ATM, Alka Cinema Road, Vidyadhar Nagar"
INC-10493,Jaipur,KYC Fraud,52789,17:44,12-24 Hours,Jhotwara,"Union Bank ATM, Kanta Chauraha, Jhotwara"
INC-10494,Jaipur,Credit Card Cloning,92174,16:17,12-24 Hours,Pratap Nagar,"PNB ATM, Kumbha Marg, Pratap Nagar"
INC-10495,Udaipur,Job Fraud,59347,13:54,12-24 Hours,C-Scheme,"Bank of Baroda ATM, Ashok Marg, C-Scheme"
INC-10496,Jodhpur,Sextortion,63643,04:35,12-24 Hours,Sitapura Industrial,"PNB ATM, India Gate, Sitapura Industrial"
INC-10497,Jodhpur,KYC Fraud,12691,20:31,1-2 Hours,Jhotwara,"ICICI ATM, Triton Mall Road, Jhotwara"
INC-10498,Jaipur,Loan App Fraud,44532,15:54,12-24 Hours,Mansarovar,"PNB ATM, Kaveri Path, Mansarovar"
INC-10499,Ajmer,KYC Fraud,39486,10:47,12-24 Hours,Bani Park,"HDFC ATM, Peetal Factory, Bani Park"
INC-10500,Jaipur,KYC Fraud,31710,19:12,12-24 Hours,Sitapura Industrial,"Bank of Baroda ATM, Mahatma Gandhi Hospital Road, Sitapura Industrial"
INC-10501,Ajmer,Credit Card Cloning,120766,15:24,12-24 Hours,Pratap Nagar,"Union Bank ATM, Haldi Ghati Marg, Pratap Nagar"
INC-10502,Alwar,Sextortion,122518,02:36,12-24 Hours,Sitapura Industrial,"Kotak Mahindra ATM, Mahatma Gandhi Hospital Road, Sitapura Industrial"
INC-10503,Jodhpur,Loan App Fraud,12039,13:41,1-2 Hours,Jhotwara,"PNB ATM, Lata Circle, Jhotwara"
INC-10504,Jodhpur,Loan App Fraud,57286,18:10,12-24 Hours,Bani Park,"Union Bank ATM, Peetal Factory, Bani Park"
INC-10505,Jaipur,UPI Scam,31223,15:10,12-24 Hours,Mansarovar,"HDFC ATM, VT Road Chauraha, Mansarovar"
INC-10506,Jodhpur,UPI Scam,46134,14:16,12-24 Hours,Mansarovar,"HDFC ATM, Madhyam Marg, Mansarovar"
INC-10507,Alwar,UPI Scam,45574,13:08,12-24 Hours,Mansarovar,"Union Bank ATM, Rajat Path, Mansarovar"
INC-10508,Jaipur,Investment Scam,48284,14:55,12-24 Hours,C-Scheme,"Union Bank ATM, Subhash Marg, C-Scheme"
INC-10509,Ajmer,OLX Scam,12868,20:27,1-2 Hours,Malviya Nagar,"Union Bank ATM, Sector 3 Market, Malviya Nagar"
INC-10510,Ajmer,Credit Card Cloning,80802,17:16,12-24 Hours,Pratap Nagar,"Bank of Baroda ATM, Sector 16 Market, Pratap Nagar"
INC-10511,Jaipur,UPI Scam,21920,16:59,1-2 Hours,Mansarovar,"SBI ATM, Rajat Path, Mansarovar"
INC-10512,Udaipur,Investment Scam,111592,15:23,12-24 Hours,C-Scheme,"SBI ATM, MI Road Junction, C-Scheme"
INC-10513,Jaipur,Loan App Fraud,31524,13:16,12-24 Hours,Malviya Nagar,"Kotak Mahindra ATM, Calgiri Road, Malviya Nagar"
INC-10514,Jaipur,Job Fraud,77192,15:41,12-24 Hours,Jagatpura,"PNB ATM, SKIT College Road, Jagatpura"
INC-10515,Kota,Investment Scam,127984,16:28,12-24 Hours,C-Scheme,"Union Bank ATM, MI Road Junction, C-Scheme"
INC-10516,Jaipur,Job Fraud,40812,09:18,12-24 Hours,Vaishali Nagar,"ICICI ATM, Amrapali Circle, Vaishali Nagar"
INC-10517,Jaipur,Credit Card Cloning,162184,14:23,12-24 Hours,Pratap Nagar,"PNB ATM, Sector 16 Market, Pratap Nagar"
INC-10518,Udaipur,Investment Scam,116161,16:34,12-24 Hours,Bani Park,"Kotak Mahindra ATM, Collectorate Circle, Bani Park"
INC-10519,Udaipur,UPI Scam,38045,17:49,12-24 Hours,Mansarovar,"Axis Bank ATM, Kissan Dharam Kanta, Mansarovar"
INC-10520,Tonk,OLX Scam,37308,11:24,12-24 Hours,Vaishali Nagar,"Axis Bank ATM, Nursery Circle, Vaishali Nagar"
INC-10521,Sikar,KYC Fraud,20079,15:30,1-2 Hours,Malviya Nagar,"HDFC ATM, Apex Circle, Malviya Nagar"
INC-10522,Alwar,UPI Scam,41502,18:00,12-24 Hours,Mansarovar,"Kotak Mahindra ATM, Patrakar Colony, Mansarovar"
INC-10523,Jaipur,OLX Scam,5830,17:38,1-2 Hours,Mansarovar,"Union Bank ATM, Rajat Path, Mansarovar"
INC-10524,Jaipur,Investment Scam,103452,13:22,12-24 Hours,C-Scheme,"SBI ATM, Ahinsa Circle, C-Scheme"
INC-10525,Alwar,Credit Card Cloning,179526,15:46,12-24 Hours,Vidyadhar Nagar,"Bank of Baroda ATM, Alka Cinema Road, Vidyadhar Nagar"
INC-10526,Jaipur,Credit Card Cloning,88644,20:44,12-24 Hours,Pratap Nagar,"PNB ATM, Tonk Road, Pratap Nagar"
INC-10527,Udaipur,Job Fraud,80673,12:33,12-24 Hours,Bani Park,"ICICI ATM, Collectorate Circle, Bani Park"
INC-10528,Jaipur,OLX Scam,8746,13:11,1-2 Hours,Mansarovar,"Kotak Mahindra ATM, Rajat Path, Mansarovar"
INC-10529,Bhilwara,Job Fraud,59142,14:33,12-24 Hours,C-Scheme,"Kotak Mahindra ATM, Statue Circle, C-Scheme"
INC-10530,Sikar,Investment Scam,85694,12:42,12-24 Hours,C-Scheme,"HDFC ATM, MI Road Junction, C-Scheme"
INC-10531,Jaipur,Investment Scam,80280,16:36,12-24 Hours,C-Scheme,"HDFC ATM, Ahinsa Circle, C-Scheme"
INC-10532,Alwar,KYC Fraud,27985,15:00,1-2 Hours,Bani Park,"Axis Bank ATM, Collectorate Circle, Bani Park"
INC-10533,Pali,OLX Scam,14031,18:35,1-2 Hours,Vaishali Nagar,"SBI ATM, Queens Road, Vaishali Nagar"
INC-10534,Kota,Loan App Fraud,61497,17:53,12-24 Hours,Vidyadhar Nagar,"SBI ATM, Central Spine, Vidyadhar Nagar"
INC-10535,Jaipur,Loan App Fraud,81881,11:33,12-24 Hours,Bani Park,"Axis Bank ATM, Sindhi Camp Bus Stand Road, Bani Park"
INC-10536,Alwar,Job Fraud,159529,13:44,12-24 Hours,Bani Park,"Bank of Baroda ATM, Peetal Factory, Bani Park"
INC-10537,Alwar,Loan App Fraud,16690,12:59,1-2 Hours,Vidyadhar Nagar,"ICICI ATM, Alka Cinema Road, Vidyadhar Nagar"
INC-10538,Jodhpur,KYC Fraud,73271,12:38,12-24 Hours,Bani Park,"Kotak Mahindra ATM, Kabir Marg, Bani Park"
INC-10539,Jaipur,Job Fraud,60365,13:25,12-24 Hours,Jagatpura,"Union Bank ATM, Ramnagariya, Jagatpura"
INC-10540,Jaipur,UPI Scam,13346,09:14,1-2 Hours,Mansarovar,"SBI ATM, Patrakar Colony, Mansarovar"
INC-10541,Jaipur,KYC Fraud,45188,20:02,12-24 Hours,Jhotwara,"ICICI ATM, Kalwar Road, Jhotwara"
INC-10542,Udaipur,UPI Scam,12715,18:36,1-2 Hours,Mansarovar,"PNB ATM, Madhyam Marg, Mansarovar"
INC-10543,Jodhpur,Loan App Fraud,52951,16:02,12-24 Hours,Vidyadhar Nagar,"HDFC ATM, National Highway 52 Bypass, Vidyadhar Nagar"
INC-10544,Kota,Job Fraud,28143,10:59,1-2 Hours,Jagatpura,"Kotak Mahindra ATM, Ramnagariya, Jagatpura"
INC-10545,Bhilwara,Investment Scam,99675,14:33,12-24 Hours,Pratap Nagar,"SBI ATM, Sector 11, Pratap Nagar"
INC-10546,Jaipur,Job Fraud,36951,13:48,12-24 Hours,Jagatpura,"Kotak Mahindra ATM, Ramnagariya, Jagatpura"
INC-10547,Ajmer,Sextortion,33657,22:36,12-24 Hours,Sitapura Industrial,"HDFC ATM, Tonk Road Junction, Sitapura Industrial"
INC-10548,Kota,Job Fraud,48315,12:35,12-24 Hours,Jagatpura,"ICICI ATM, Ramnagariya, Jagatpura"
INC-10549,Jaipur,KYC Fraud,32317,14:17,12-24 Hours,Jagatpura,"Axis Bank ATM, Mahal Road, Jagatpura"
INC-10550,Kota,KYC Fraud,59941,10:20,12-24 Hours,Bani Park,"Bank of Baroda ATM, Sindhi Camp Bus Stand Road, Bani Park"
INC-10551,Jaipur,Credit Card Cloning,173390,16:02,12-24 Hours,Pratap Nagar,"ICICI ATM, Sector 16 Market, Pratap Nagar"
INC-10552,Pali,OLX Scam,19574,11:39,1-2 Hours,Bani Park,"SBI ATM, Sindhi Camp Bus Stand Road, Bani Park"
INC-10553,Pali,Investment Scam,204788,09:01,12-24 Hours,C-Scheme,"Union Bank ATM, Subhash Marg, C-Scheme"
INC-10554,Jaipur,Investment Scam,97023,13:24,12-24 Hours,C-Scheme,"ICICI ATM, Ahinsa Circle, C-Scheme"
INC-10555,Ajmer,Credit Card Cloning,35110,15:41,12-24 Hours,Bani Park,"SBI ATM, Peetal Factory, Bani Park"
INC-10556,Tonk,UPI Scam,27857,15:18,1-2 Hours,Mansarovar,"HDFC ATM, Madhyam Marg, Mansarovar"
INC-10557,Bhilwara,Credit Card Cloning,68676,21:12,12-24 Hours,Pratap Nagar,"HDFC ATM, Kumbha Marg, Pratap Nagar"
INC-10558,Udaipur,Sextortion,114202,20:25,12-24 Hours,Sitapura Industrial,"Bank of Baroda ATM, Tonk Road Junction, Sitapura Industrial"
INC-10559,Kota,UPI Scam,29011,13:40,1-2 Hours,Mansarovar,"PNB ATM, Madhyam Marg, Mansarovar"
INC-10560,Jaipur,KYC Fraud,79494,21:21,12-24 Hours,Jhotwara,"Axis Bank ATM, Panchawala, Jhotwara"
INC-10561,Pali,Credit Card Cloning,45680,21:15,12-24 Hours,Pratap Nagar,"Axis Bank ATM, Sector 16 Market, Pratap Nagar"
INC-10562,Ajmer,KYC Fraud,19609,15:55,1-2 Hours,Bani Park,"ICICI ATM, Sindhi Camp Bus Stand Road, Bani Park"
INC-10563,Jaipur,Credit Card Cloning,216009,17:04,12-24 Hours,Pratap Nagar,"ICICI ATM, Sector 11, Pratap Nagar"
INC-10564,Ajmer,Loan App Fraud,14281,13:26,1-2 Hours,Vidyadhar Nagar,"Bank of Baroda ATM, Alka Cinema Road, Vidyadhar Nagar"
INC-10565,Jaipur,Investment Scam,205203,14:08,12-24 Hours,C-Scheme,"Axis Bank ATM, Ahinsa Circle, C-Scheme"
INC-10566,Jaipur,Investment Scam,160157,11:43,12-24 Hours,C-Scheme,"Axis Bank ATM, Statue Circle, C-Scheme"
INC-10567,Jaipur,UPI Scam,34120,11:54,12-24 Hours,Mansarovar,"Bank of Baroda ATM, VT Road Chauraha, Mansarovar"
INC-10568,Jodhpur,Sextortion,29366,22:14,1-2 Hours,Sitapura Industrial,"PNB ATM, Tonk Road Junction, Sitapura Industrial"
INC-10569,Kota,Loan App Fraud,55081,11:55,12-24 Hours,Vidyadhar Nagar,"Union Bank ATM, National Highway 52 Bypass, Vidyadhar Nagar"
INC-10570,Udaipur,OLX Scam,11908,09:39,1-2 Hours,Vaishali Nagar,"Bank of Baroda ATM, Nursery Circle, Vaishali Nagar"
INC-10571,Pali,Job Fraud,79701,14:29,12-24 Hours,Bani Park,"HDFC ATM, Peetal Factory, Bani Park"
INC-10572,Bikaner,UPI Scam,56441,14:48,12-24 Hours,Mansarovar,"Kotak Mahindra ATM, Kaveri Path, Mansarovar"
INC-10573,Alwar,UPI Scam,13565,13:27,1-2 Hours,Mansarovar,"Union Bank ATM, VT Road Chauraha, Mansarovar"
INC-10574,Jaipur,Loan App Fraud,49180,18:07,12-24 Hours,Malviya Nagar,"HDFC ATM, Sector 3 Market, Malviya Nagar"
INC-10575,Jaipur,Job Fraud,142581,13:29,12-24 Hours,C-Scheme,"SBI ATM, Statue Circle, C-Scheme"
INC-10576,Ajmer,Credit Card Cloning,64319,15:05,12-24 Hours,Pratap Nagar,"ICICI ATM, Haldi Ghati Marg, Pratap Nagar"
INC-10577,Jaipur,Sextortion,44716,23:35,12-24 Hours,Sitapura Industrial,"ICICI ATM, Tonk Road Junction, Sitapura Industrial"
INC-10578,Jodhpur,Investment Scam,233498,13:49,12-24 Hours,Bani Park,"ICICI ATM, Sindhi Camp Bus Stand Road, Bani Park"
INC-10579,Sikar,KYC Fraud,19483,17:12,1-2 Hours,Jhotwara,"HDFC ATM, Panchawala, Jhotwara"
INC-10580,Jaipur,Investment Scam,38488,13:13,12-24 Hours,C-Scheme,"Union Bank ATM, Statue Circle, C-Scheme"
INC-10581,Ajmer,Sextortion,48692,21:40,12-24 Hours,Sitapura Industrial,"PNB ATM, Mahatma Gandhi Hospital Road, Sitapura Industrial"
INC-10582,Ajmer,Investment Scam,57010,11:53,12-24 Hours,C-Scheme,"SBI ATM, MI Road Junction, C-Scheme"
INC-10583,Alwar,KYC Fraud,10271,10:42,1-2 Hours,Jagatpura,"PNB ATM, 7 Number Stand, Jagatpura"
INC-10584,Sikar,Job Fraud,118538,11:49,12-24 Hours,Bani Park,"SBI ATM, Collectorate Circle, Bani Park"
INC-10585,Jaipur,KYC Fraud,22606,10:08,1-2 Hours,Malviya Nagar,"PNB ATM, JLN Marg, Malviya Nagar"
INC-10586,Jaipur,Investment Scam,116010,12:36,12-24 Hours,C-Scheme,"SBI ATM, Ahinsa Circle, C-Scheme"
INC-10587,Sikar,Job Fraud,180008,13:38,12-24 Hours,Bani Park,"PNB ATM, Peetal Factory, Bani Park"
INC-10588,Bhilwara,OLX Scam,16265,15:46,1-2 Hours,Vaishali Nagar,"Union Bank ATM, Hanuman Nagar, Vaishali Nagar"
INC-10589,Alwar,Sextortion,30545,00:01,12-24 Hours,Vidyadhar Nagar,"SBI ATM, Central Spine, Vidyadhar Nagar"
INC-10590,Udaipur,Investment Scam,184971,11:22,12-24 Hours,C-Scheme,"SBI ATM, Ashok Marg, C-Scheme"
INC-10591,Ajmer,Credit Card Cloning,22799,15:07,1-2 Hours,Bani Park,"Bank of Baroda ATM, Collectorate Circle, Bani Park"
INC-10592,Sikar,KYC Fraud,41767,15:59,12-24 Hours,Malviya Nagar,"Bank of Baroda ATM, Apex Circle, Malviya Nagar"
INC-10593,Sikar,Loan App Fraud,58904,15:50,12-24 Hours,Vidyadhar Nagar,"Bank of Baroda ATM, Alka Cinema Road, Vidyadhar Nagar"
INC-10594,Bikaner,Loan App Fraud,10448,15:36,1-2 Hours,Bani Park,"SBI ATM, Sindhi Camp Bus Stand Road, Bani Park"
INC-10595,Sikar,Investment Scam,224878,12:24,12-24 Hours,Bani Park,"SBI ATM, Kabir Marg, Bani Park"
INC-10596,Alwar,Investment Scam,152954,12:45,12-24 Hours,C-Scheme,"PNB ATM, Ashok Marg, C-Scheme"
INC-10597,Jaipur,KYC Fraud,28351,12:19,1-2 Hours,Malviya Nagar,"Axis Bank ATM, Sector 3 Market, Malviya Nagar"
INC-10598,Jaipur,KYC Fraud,7401,11:09,1-2 Hours,Mansarovar,"Union Bank ATM, Kaveri Path, Mansarovar"
INC-10599,Jaipur,Loan App Fraud,52790,15:13,12-24 Hours,Vidyadhar Nagar,"HDFC ATM, Sector 2, Vidyadhar Nagar"
INC-10600,Sikar,Sextortion,79417,23:29,12-24 Hours,Sitapura Industrial,"HDFC ATM, EPI Zone, Sitapura Industrial"
INC-10601,Bhilwara,UPI Scam,33330,16:12,12-24 Hours,Mansarovar,"Axis Bank ATM, Patrakar Colony, Mansarovar"
INC-10602,Jaipur,OLX Scam,9953,13:00,1-2 Hours,Vaishali Nagar,"PNB ATM, Amrapali Circle, Vaishali Nagar"
INC-10603,Tonk,Job Fraud,31433,13:15,12-24 Hours,Jagatpura,"PNB ATM, 7 Number Stand, Jagatpura"
INC-10604,Jaipur,KYC Fraud,56093,14:03,12-24 Hours,Mansarovar,"HDFC ATM, Kissan Dharam Kanta, Mansarovar"
INC-10605,Jaipur,KYC Fraud,40422,18:22,12-24 Hours,Malviya Nagar,"Union Bank ATM, Sector 3 Market, Malviya Nagar"
INC-10606,Jaipur,Investment Scam,179709,14:08,12-24 Hours,C-Scheme,"Union Bank ATM, MI Road Junction, C-Scheme"
INC-10607,Jaipur,Investment Scam,176750,10:14,12-24 Hours,C-Scheme,"Union Bank ATM, Subhash Marg, C-Scheme"
INC-10608,Tonk,UPI Scam,42188,12:29,12-24 Hours,Mansarovar,"Bank of Baroda ATM, Patrakar Colony, Mansarovar"
INC-10609,Udaipur,UPI Scam,8052,14:36,1-2 Hours,Mansarovar,"Bank of Baroda ATM, Kaveri Path, Mansarovar"
INC-10610,Jaipur,UPI Scam,36441,17:29,12-24 Hours,Mansarovar,"PNB ATM, Kaveri Path, Mansarovar"
INC-10611,Jodhpur,KYC Fraud,35157,14:52,12-24 Hours,Bani Park,"Bank of Baroda ATM, Sindhi Camp Bus Stand Road, Bani Park"
INC-10612,Sikar,KYC Fraud,69753,14:47,12-24 Hours,Jhotwara,"ICICI ATM, Kalwar Road, Jhotwara"
INC-10613,Pali,Job Fraud,73441,14:19,12-24 Hours,Bani Park,"Union Bank ATM, Sindhi Camp Bus Stand Road, Bani Park"
INC-10614,Tonk,UPI Scam,7930,17:42,1-2 Hours,Mansarovar,"Union Bank ATM, Rajat Path, Mansarovar"
INC-10615,Jaipur,OLX Scam,6210,15:28,1-2 Hours,Vaishali Nagar,"ICICI ATM, Gandhi Path, Vaishali Nagar"
INC-10616,Ajmer,KYC Fraud,32686,11:45,12-24 Hours,Bani Park,"PNB ATM, Peetal Factory, Bani Park"
INC-10617,Tonk,KYC Fraud,10345,08:03,1-2 Hours,Jagatpura,"ICICI ATM, SKIT College Road, Jagatpura"
INC-10618,Jodhpur,Job Fraud,24042,14:15,1-2 Hours,Jagatpura,"PNB ATM, Mahal Road, Jagatpura"
INC-10619,Jodhpur,Job Fraud,91864,14:30,12-24 Hours,Bani Park,"Axis Bank ATM, Sindhi Camp Bus Stand Road, Bani Park"
INC-10620,Jaipur,Job Fraud,130085,12:00,12-24 Hours,C-Scheme,"ICICI ATM, Statue Circle, C-Scheme"
INC-10621,Jaipur,UPI Scam,30885,14:41,12-24 Hours,Mansarovar,"HDFC ATM, VT Road Chauraha, Mansarovar"
INC-10622,Bikaner,Investment Scam,226764,14:35,12-24 Hours,Bani Park,"Union Bank ATM, Peetal Factory, Bani Park"
INC-10623,Bikaner,KYC Fraud,15917,13:17,1-2 Hours,Vaishali Nagar,"Axis Bank ATM, Hanuman Nagar, Vaishali Nagar"
INC-10624,Jodhpur,Job Fraud,59463,18:44,12-24 Hours,Bani Park,"HDFC ATM, Peetal Factory, Bani Park"
INC-10625,Jaipur,Investment Scam,145504,16:56,12-24 Hours,C-Scheme,"HDFC ATM, MI Road Junction, C-Scheme"
INC-10626,Alwar,OLX Scam,17870,15:03,1-2 Hours,Vaishali Nagar,"PNB ATM, Hanuman Nagar, Vaishali Nagar"
INC-10627,Pali,Job Fraud,13579,13:22,1-2 Hours,Jagatpura,"Bank of Baroda ATM, Ramnagariya, Jagatpura"
INC-10628,Tonk,Investment Scam,109988,10:40,12-24 Hours,C-Scheme,"PNB ATM, Ahinsa Circle, C-Scheme"
INC-10629,Udaipur,UPI Scam,5930,21:05,1-2 Hours,Mansarovar,"PNB ATM, Kissan Dharam Kanta, Mansarovar"
INC-10630,Jaipur,UPI Scam,34353,12:47,12-24 Hours,Mansarovar,"PNB ATM, Madhyam Marg, Mansarovar"
INC-10631,Jaipur,UPI Scam,24760,11:15,1-2 Hours,Mansarovar,"PNB ATM, Rajat Path, Mansarovar"
INC-10632,Udaipur,Investment Scam,216607,12:48,12-24 Hours,C-Scheme,"ICICI ATM, Subhash Marg, C-Scheme"
INC-10633,Tonk,Investment Scam,101624,12:41,12-24 Hours,C-Scheme,"Bank of Baroda ATM, Ahinsa Circle, C-Scheme"
INC-10634,Jaipur,Investment Scam,58349,13:43,12-24 Hours,C-Scheme,"Axis Bank ATM, Subhash Marg, C-Scheme"
INC-10635,Sikar,Sextortion,27938,02:43,1-2 Hours,Sitapura Industrial,"Union Bank ATM, Tonk Road Junction, Sitapura Industrial"
INC-10636,Jaipur,Job Fraud,162894,10:58,12-24 Hours,C-Scheme,"Kotak Mahindra ATM, MI Road Junction, C-Scheme"
INC-10637,Alwar,OLX Scam,8895,17:46,1-2 Hours,Vaishali Nagar,"Union Bank ATM, Gandhi Path, Vaishali Nagar"
INC-10638,Sikar,Investment Scam,144454,14:53,12-24 Hours,Bani Park,"SBI ATM, Collectorate Circle, Bani Park"
INC-10639,Jaipur,KYC Fraud,29820,16:02,1-2 Hours,Malviya Nagar,"PNB ATM, Calgiri Road, Malviya Nagar"
INC-10640,Jaipur,UPI Scam,46323,15:07,12-24 Hours,Mansarovar,"HDFC ATM, Rajat Path, Mansarovar"
INC-10641,Jaipur,Job Fraud,60465,15:44,12-24 Hours,Jagatpura,"ICICI ATM, Mahal Road, Jagatpura"
INC-10642,Jaipur,OLX Scam,18782,10:16,1-2 Hours,Vaishali Nagar,"Kotak Mahindra ATM, Queens Road, Vaishali Nagar"
INC-10643,Jaipur,UPI Scam,33961,13:28,12-24 Hours,Mansarovar,"PNB ATM, VT Road Chauraha, Mansarovar"
INC-10644,Jaipur,Loan App Fraud,18401,14:39,1-2 Hours,Malviya Nagar,"Kotak Mahindra ATM, Calgiri Road, Malviya Nagar"
INC-10645,Alwar,Loan App Fraud,51310,11:01,12-24 Hours,Vidyadhar Nagar,"PNB ATM, Alka Cinema Road, Vidyadhar Nagar"
INC-10646,Pali,UPI Scam,26923,19:36,1-2 Hours,Mansarovar,"Bank of Baroda ATM, Kissan Dharam Kanta, Mansarovar"
INC-10647,Jaipur,Credit Card Cloning,173750,16:14,12-24 Hours,Pratap Nagar,"HDFC ATM, Tonk Road, Pratap Nagar"
INC-10648,Jaipur,Loan App Fraud,61061,14:43,12-24 Hours,C-Scheme,"Bank of Baroda ATM, Ashok Marg, C-Scheme"
INC-10649,Jaipur,UPI Scam,56987,15:53,12-24 Hours,Mansarovar,"Bank of Baroda ATM, Madhyam Marg, Mansarovar"
INC-10650,Udaipur,Investment Scam,166766,11:44,12-24 Hours,C-Scheme,"Axis Bank ATM, Ashok Marg, C-Scheme"
INC-10651,Jodhpur,UPI Scam,29234,14:02,1-2 Hours,Bani Park,"Axis Bank ATM, Sindhi Camp Bus Stand Road, Bani Park"
INC-10652,Jaipur,Credit Card Cloning,131682,12:02,12-24 Hours,Pratap Nagar,"Union Bank ATM, Haldi Ghati Marg, Pratap Nagar"
INC-10653,Jaipur,KYC Fraud,41532,13:09,12-24 Hours,Vaishali Nagar,"Union Bank ATM, Hanuman Nagar, Vaishali Nagar"
INC-10654,Kota,OLX Scam,4748,16:44,1-2 Hours,Vidyadhar Nagar,"SBI ATM, Sector 2, Vidyadhar Nagar"
INC-10655,Alwar,UPI Scam,26572,19:04,1-2 Hours,Mansarovar,"ICICI ATM, Kaveri Path, Mansarovar"
INC-10656,Bikaner,UPI Scam,20889,17:51,1-2 Hours,Mansarovar,"Kotak Mahindra ATM, Patrakar Colony, Mansarovar"
INC-10657,Bikaner,Investment Scam,126395,10:48,12-24 Hours,Bani Park,"Bank of Baroda ATM, Sindhi Camp Bus Stand Road, Bani Park"
INC-10658,Jaipur,UPI Scam,6403,12:10,1-2 Hours,Mansarovar,"Bank of Baroda ATM, Kaveri Path, Mansarovar"
INC-10659,Jodhpur,Loan App Fraud,9201,11:56,1-2 Hours,Bani Park,"ICICI ATM, Collectorate Circle, Bani Park"
INC-10660,Udaipur,UPI Scam,10038,10:51,1-2 Hours,Mansarovar,"Kotak Mahindra ATM, Rajat Path, Mansarovar"
INC-10661,Bikaner,Sextortion,26447,21:39,1-2 Hours,Sitapura Industrial,"Axis Bank ATM, India Gate, Sitapura Industrial"
INC-10662,Sikar,Job Fraud,106067,14:26,12-24 Hours,C-Scheme,"PNB ATM, Ashok Marg, C-Scheme"
INC-10663,Jaipur,OLX Scam,5787,14:49,1-2 Hours,Vaishali Nagar,"Axis Bank ATM, Nursery Circle, Vaishali Nagar"
INC-10664,Alwar,OLX Scam,4217,10:11,1-2 Hours,Vaishali Nagar,"Union Bank ATM, Nursery Circle, Vaishali Nagar"
INC-10665,Jaipur,Loan App Fraud,10296,14:06,1-2 Hours,Mansarovar,"Union Bank ATM, Madhyam Marg, Mansarovar"
INC-10666,Kota,Loan App Fraud,17146,17:37,1-2 Hours,Vidyadhar Nagar,"Axis Bank ATM, Alka Cinema Road, Vidyadhar Nagar"
INC-10667,Ajmer,KYC Fraud,43374,19:15,12-24 Hours,Bani Park,"Axis Bank ATM, Collectorate Circle, Bani Park"
INC-10668,Kota,Investment Scam,122593,11:13,12-24 Hours,C-Scheme,"Kotak Mahindra ATM, Statue Circle, C-Scheme"
INC-10669,Pali,Sextortion,46751,21:21,12-24 Hours,Sitapura Industrial,"PNB ATM, India Gate, Sitapura Industrial"
INC-10670,Jaipur,Credit Card Cloning,39410,20:56,12-24 Hours,C-Scheme,"Bank of Baroda ATM, Statue Circle, C-Scheme"
INC-10671,Jaipur,UPI Scam,35001,20:26,12-24 Hours,Mansarovar,"Axis Bank ATM, Madhyam Marg, Mansarovar"
INC-10672,Bhilwara,Sextortion,141314,00:15,12-24 Hours,Sitapura Industrial,"Kotak Mahindra ATM, India Gate, Sitapura Industrial"
INC-10673,Jaipur,Job Fraud,141904,14:02,12-24 Hours,C-Scheme,"SBI ATM, Subhash Marg, C-Scheme"
INC-10674,Jaipur,Sextortion,86547,20:31,12-24 Hours,Sitapura Industrial,"HDFC ATM, Tonk Road Junction, Sitapura Industrial"
INC-10675,Jaipur,Job Fraud,14208,15:41,1-2 Hours,Jagatpura,"PNB ATM, NRI Colony, Jagatpura"
INC-10676,Tonk,UPI Scam,28270,11:29,1-2 Hours,Mansarovar,"SBI ATM, Kissan Dharam Kanta, Mansarovar"
INC-10677,Kota,Loan App Fraud,29620,17:24,1-2 Hours,Vidyadhar Nagar,"SBI ATM, Central Spine, Vidyadhar Nagar"
INC-10678,Pali,KYC Fraud,7051,13:39,1-2 Hours,Jhotwara,"Axis Bank ATM, Kalwar Road, Jhotwara"
INC-10679,Bhilwara,Investment Scam,59176,17:23,12-24 Hours,C-Scheme,"HDFC ATM, Subhash Marg, C-Scheme"
INC-10680,Udaipur,UPI Scam,16099,15:21,1-2 Hours,Mansarovar,"Axis Bank ATM, VT Road Chauraha, Mansarovar"
INC-10681,Jaipur,UPI Scam,20170,19:48,1-2 Hours,Mansarovar,"Axis Bank ATM, Rajat Path, Mansarovar"
INC-10682,Jaipur,KYC Fraud,17663,16:31,1-2 Hours,Vaishali Nagar,"Bank of Baroda ATM, Nursery Circle, Vaishali Nagar"
INC-10683,Udaipur,Investment Scam,136587,13:23,12-24 Hours,C-Scheme,"Union Bank ATM, MI Road Junction, C-Scheme"
INC-10684,Bikaner,Loan App Fraud,60091,18:05,12-24 Hours,Jhotwara,"Union Bank ATM, Kalwar Road, Jhotwara"
INC-10685,Jodhpur,UPI Scam,48731,10:09,12-24 Hours,Mansarovar,"ICICI ATM, Kissan Dharam Kanta, Mansarovar"
INC-10686,Bhilwara,Sextortion,69468,22:22,12-24 Hours,Vidyadhar Nagar,"ICICI ATM, Alka Cinema Road, Vidyadhar Nagar"
INC-10687,Jodhpur,Investment Scam,44526,11:37,12-24 Hours,C-Scheme,"Bank of Baroda ATM, Subhash Marg, C-Scheme"
INC-10688,Jaipur,Credit Card Cloning,83461,19:08,12-24 Hours,Pratap Nagar,"PNB ATM, Tonk Road, Pratap Nagar"
INC-10689,Pali,OLX Scam,23284,12:22,1-2 Hours,Vaishali Nagar,"SBI ATM, Gandhi Path, Vaishali Nagar"
INC-10690,Jaipur,Loan App Fraud,43637,12:10,12-24 Hours,Vaishali Nagar,"ICICI ATM, Gandhi Path, Vaishali Nagar"
INC-10691,Jaipur,UPI Scam,14406,11:20,1-2 Hours,Mansarovar,"SBI ATM, Rajat Path, Mansarovar"
INC-10692,Tonk,UPI Scam,19038,21:59,1-2 Hours,Mansarovar,"SBI ATM, Kissan Dharam Kanta, Mansarovar"
INC-10693,Udaipur,UPI Scam,19397,12:45,1-2 Hours,Mansarovar,"Bank of Baroda ATM, Rajat Path, Mansarovar"
INC-10694,Jaipur,Loan App Fraud,84088,16:44,12-24 Hours,Vidyadhar Nagar,"Union Bank ATM, National Highway 52 Bypass, Vidyadhar Nagar"
INC-10695,Jaipur,Sextortion,17054,00:22,1-2 Hours,Vidyadhar Nagar,"Axis Bank ATM, Alka Cinema Road, Vidyadhar Nagar"
INC-10696,Jaipur,UPI Scam,26968,15:01,1-2 Hours,Mansarovar,"PNB ATM, VT Road Chauraha, Mansarovar"
INC-10697,Jaipur,Investment Scam,172423,18:38,12-24 Hours,C-Scheme,"Union Bank ATM, Ashok Marg, C-Scheme"
INC-10698,Alwar,Loan App Fraud,72384,14:23,12-24 Hours,Vidyadhar Nagar,"Bank of Baroda ATM, Alka Cinema Road, Vidyadhar Nagar"
INC-10699,Jaipur,KYC Fraud,19420,13:51,1-2 Hours,Malviya Nagar,"Union Bank ATM, JLN Marg, Malviya Nagar"
INC-10700,Jodhpur,UPI Scam,31235,19:13,12-24 Hours,Bani Park,"HDFC ATM, Sindhi Camp Bus Stand Road, Bani Park"
INC-10701,Jaipur,Loan App Fraud,37117,13:00,12-24 Hours,Jagatpura,"Kotak Mahindra ATM, Mahal Road, Jagatpura"
INC-10702,Jodhpur,Loan App Fraud,30164,15:11,12-24 Hours,Bani Park,"ICICI ATM, Sindhi Camp Bus Stand Road, Bani Park"
INC-10703,Bikaner,OLX Scam,14010,17:47,1-2 Hours,Vaishali Nagar,"Union Bank ATM, Hanuman Nagar, Vaishali Nagar"
INC-10704,Udaipur,UPI Scam,2465,12:41,1-2 Hours,Vaishali Nagar,"Union Bank ATM, Amrapali Circle, Vaishali Nagar"
INC-10705,Alwar,OLX Scam,7013,19:38,1-2 Hours,Jhotwara,"Union Bank ATM, Kalwar Road, Jhotwara"
INC-10706,Kota,Job Fraud,83578,16:32,12-24 Hours,Jagatpura,"HDFC ATM, SKIT College Road, Jagatpura"
INC-10707,Kota,UPI Scam,12540,15:10,1-2 Hours,Mansarovar,"ICICI ATM, Patrakar Colony, Mansarovar"
INC-10708,Jaipur,KYC Fraud,36076,20:12,12-24 Hours,Mansarovar,"HDFC ATM, Kaveri Path, Mansarovar"
INC-10709,Kota,UPI Scam,7495,16:43,1-2 Hours,Mansarovar,"PNB ATM, Patrakar Colony, Mansarovar"
INC-10710,Sikar,KYC Fraud,30307,13:49,12-24 Hours,Jhotwara,"PNB ATM, Kanta Chauraha, Jhotwara"
INC-10711,Udaipur,KYC Fraud,58247,10:26,12-24 Hours,Bani Park,"Axis Bank ATM, Collectorate Circle, Bani Park"
INC-10712,Udaipur,UPI Scam,36525,19:52,12-24 Hours,Mansarovar,"Bank of Baroda ATM, VT Road Chauraha, Mansarovar"
INC-10713,Jodhpur,Loan App Fraud,36973,19:08,12-24 Hours,Bani Park,"HDFC ATM, Sindhi Camp Bus Stand Road, Bani Park"
INC-10714,Bhilwara,UPI Scam,11495,11:01,1-2 Hours,Mansarovar,"HDFC ATM, Madhyam Marg, Mansarovar"
INC-10715,Kota,Investment Scam,54503,10:07,12-24 Hours,C-Scheme,"SBI ATM, Subhash Marg, C-Scheme"
INC-10716,Pali,UPI Scam,13909,08:57,1-2 Hours,Mansarovar,"Axis Bank ATM, Kaveri Path, Mansarovar"
INC-10717,Jaipur,Credit Card Cloning,30598,19:54,12-24 Hours,C-Scheme,"Bank of Baroda ATM, Statue Circle, C-Scheme"
INC-10718,Udaipur,Investment Scam,102286,13:13,12-24 Hours,C-Scheme,"SBI ATM, MI Road Junction, C-Scheme"
INC-10719,Sikar,Loan App Fraud,16939,16:54,1-2 Hours,Mansarovar,"Axis Bank ATM, Kaveri Path, Mansarovar"
INC-10720,Sikar,KYC Fraud,33332,13:27,12-24 Hours,Bani Park,"Bank of Baroda ATM, Peetal Factory, Bani Park"
INC-10721,Jaipur,OLX Scam,5691,21:48,1-2 Hours,Vaishali Nagar,"ICICI ATM, Nursery Circle, Vaishali Nagar"
INC-10722,Jodhpur,OLX Scam,20805,10:43,1-2 Hours,Bani Park,"Union Bank ATM, Kabir Marg, Bani Park"
INC-10723,Tonk,Sextortion,61899,22:43,12-24 Hours,Sitapura Industrial,"HDFC ATM, Tonk Road Junction, Sitapura Industrial"
INC-10724,Jodhpur,UPI Scam,28517,15:09,1-2 Hours,Mansarovar,"HDFC ATM, Madhyam Marg, Mansarovar"
INC-10725,Jodhpur,Credit Card Cloning,260490,20:12,12-24 Hours,Pratap Nagar,"Axis Bank ATM, Sector 11, Pratap Nagar"
INC-10726,Ajmer,Loan App Fraud,14506,17:22,1-2 Hours,Vidyadhar Nagar,"PNB ATM, Alka Cinema Road, Vidyadhar Nagar"
INC-10727,Udaipur,Job Fraud,63687,13:16,12-24 Hours,C-Scheme,"HDFC ATM, Ahinsa Circle, C-Scheme"
INC-10728,Udaipur,OLX Scam,31261,09:11,12-24 Hours,Vaishali Nagar,"Union Bank ATM, Amrapali Circle, Vaishali Nagar"
INC-10729,Jodhpur,Credit Card Cloning,57060,13:12,12-24 Hours,Pratap Nagar,"Union Bank ATM, Sector 16 Market, Pratap Nagar"
INC-10730,Jaipur,Sextortion,57175,23:27,12-24 Hours,Sitapura Industrial,"SBI ATM, RIICO Phase 1, Sitapura Industrial"
INC-10731,Bhilwara,UPI Scam,19101,18:42,1-2 Hours,Mansarovar,"ICICI ATM, Kaveri Path, Mansarovar"
INC-10732,Bhilwara,OLX Scam,20258,14:36,1-2 Hours,Vaishali Nagar,"Union Bank ATM, Amrapali Circle, Vaishali Nagar"
INC-10733,Sikar,Credit Card Cloning,152020,17:31,12-24 Hours,Pratap Nagar,"Kotak Mahindra ATM, Sector 11, Pratap Nagar"
INC-10734,Ajmer,KYC Fraud,38576,17:53,12-24 Hours,Bani Park,"SBI ATM, Sindhi Camp Bus Stand Road, Bani Park"
INC-10735,Jodhpur,Investment Scam,155196,15:22,12-24 Hours,C-Scheme,"Kotak Mahindra ATM, Ashok Marg, C-Scheme"
INC-10736,Jodhpur,UPI Scam,12052,12:07,1-2 Hours,Mansarovar,"HDFC ATM, Patrakar Colony, Mansarovar"
INC-10737,Jaipur,UPI Scam,14724,14:01,1-2 Hours,Mansarovar,"Kotak Mahindra ATM, Patrakar Colony, Mansarovar"
INC-10738,Sikar,Job Fraud,178925,12:44,12-24 Hours,Bani Park,"Union Bank ATM, Collectorate Circle, Bani Park"
INC-10739,Sikar,KYC Fraud,28645,17:12,1-2 Hours,Jhotwara,"Bank of Baroda ATM, Triton Mall Road, Jhotwara"
INC-10740,Udaipur,Investment Scam,196426,16:36,12-24 Hours,C-Scheme,"SBI ATM, Ashok Marg, C-Scheme"
INC-10741,Jodhpur,OLX Scam,21536,10:04,1-2 Hours,Bani Park,"Bank of Baroda ATM, Kabir Marg, Bani Park"
INC-10742,Ajmer,Job Fraud,66305,12:42,12-24 Hours,C-Scheme,"PNB ATM, Subhash Marg, C-Scheme"
INC-10743,Ajmer,OLX Scam,11848,15:40,1-2 Hours,Vaishali Nagar,"ICICI ATM, Amrapali Circle, Vaishali Nagar"
INC-10744,Sikar,Investment Scam,153962,11:59,12-24 Hours,Bani Park,"Union Bank ATM, Kabir Marg, Bani Park"
INC-10745,Alwar,Investment Scam,213860,17:23,12-24 Hours,Vidyadhar Nagar,"SBI ATM, Sector 2, Vidyadhar Nagar"
INC-10746,Udaipur,OLX Scam,21663,17:54,1-2 Hours,Bani Park,"HDFC ATM, Sindhi Camp Bus Stand Road, Bani Park"
INC-10747,Jodhpur,Investment Scam,166436,11:12,12-24 Hours,C-Scheme,"HDFC ATM, Statue Circle, C-Scheme"
INC-10748,Jaipur,Investment Scam,113248,13:10,12-24 Hours,C-Scheme,"SBI ATM, Statue Circle, C-Scheme"
INC-10749,Jaipur,UPI Scam,34705,12:31,12-24 Hours,Mansarovar,"SBI ATM, Rajat Path, Mansarovar"
INC-10750,Kota,UPI Scam,42257,12:42,12-24 Hours,Mansarovar,"Kotak Mahindra ATM, Patrakar Colony, Mansarovar"
INC-10751,Alwar,UPI Scam,46851,16:42,12-24 Hours,Mansarovar,"HDFC ATM, Kaveri Path, Mansarovar"
INC-10752,Bikaner,Loan App Fraud,76122,13:21,12-24 Hours,Vidyadhar Nagar,"HDFC ATM, National Highway 52 Bypass, Vidyadhar Nagar"
INC-10753,Bikaner,Investment Scam,201078,15:13,12-24 Hours,Bani Park,"HDFC ATM, Sindhi Camp Bus Stand Road, Bani Park"
INC-10754,Tonk,KYC Fraud,17110,15:34,1-2 Hours,Jhotwara,"HDFC ATM, Kanta Chauraha, Jhotwara"
INC-10755,Jodhpur,Credit Card Cloning,249470,21:41,12-24 Hours,Pratap Nagar,"PNB ATM, Haldi Ghati Marg, Pratap Nagar"
INC-10756,Tonk,Job Fraud,129672,14:35,12-24 Hours,Jagatpura,"Axis Bank ATM, SKIT College Road, Jagatpura"
INC-10757,Jodhpur,Credit Card Cloning,155649,18:00,12-24 Hours,Bani Park,"Union Bank ATM, Peetal Factory, Bani Park"
INC-10758,Pali,KYC Fraud,69196,12:13,12-24 Hours,Jhotwara,"Axis Bank ATM, Kanta Chauraha, Jhotwara"
INC-10759,Bhilwara,UPI Scam,18684,12:55,1-2 Hours,Mansarovar,"SBI ATM, Patrakar Colony, Mansarovar"
INC-10760,Jaipur,Investment Scam,139941,15:52,12-24 Hours,C-Scheme,"Kotak Mahindra ATM, Ahinsa Circle, C-Scheme"
INC-10761,Jaipur,OLX Scam,4597,13:44,1-2 Hours,Vaishali Nagar,"Bank of Baroda ATM, Nursery Circle, Vaishali Nagar"
INC-10762,Jaipur,UPI Scam,26981,15:40,1-2 Hours,Mansarovar,"Kotak Mahindra ATM, VT Road Chauraha, Mansarovar"
INC-10763,Jaipur,Job Fraud,32503,11:43,12-24 Hours,Jagatpura,"ICICI ATM, 7 Number Stand, Jagatpura"
INC-10764,Jodhpur,Loan App Fraud,32405,17:12,12-24 Hours,Bani Park,"Bank of Baroda ATM, Kabir Marg, Bani Park"
INC-10765,Jaipur,KYC Fraud,23282,13:59,1-2 Hours,Malviya Nagar,"SBI ATM, Gaurav Tower (GT) Road, Malviya Nagar"
INC-10766,Ajmer,Job Fraud,44873,10:25,12-24 Hours,Bani Park,"ICICI ATM, Collectorate Circle, Bani Park"
INC-10767,Alwar,Job Fraud,36916,18:27,12-24 Hours,C-Scheme,"SBI ATM, MI Road Junction, C-Scheme"
INC-10768,Kota,Loan App Fraud,62067,14:47,12-24 Hours,Vidyadhar Nagar,"PNB ATM, National Highway 52 Bypass, Vidyadhar Nagar"
INC-10769,Udaipur,UPI Scam,39095,15:11,12-24 Hours,Bani Park,"Axis Bank ATM, Peetal Factory, Bani Park"
INC-10770,Jodhpur,UPI Scam,13532,12:43,1-2 Hours,Mansarovar,"Bank of Baroda ATM, Kaveri Path, Mansarovar"
INC-10771,Alwar,UPI Scam,19805,18:45,1-2 Hours,Bani Park,"Axis Bank ATM, Peetal Factory, Bani Park"
INC-10772,Jodhpur,Job Fraud,27329,13:38,1-2 Hours,C-Scheme,"Union Bank ATM, Ashok Marg, C-Scheme"
INC-10773,Pali,Loan App Fraud,42149,16:25,12-24 Hours,Mansarovar,"Kotak Mahindra ATM, Patrakar Colony, Mansarovar"
INC-10774,Sikar,UPI Scam,41893,09:56,12-24 Hours,Mansarovar,"Union Bank ATM, Patrakar Colony, Mansarovar"
INC-10775,Udaipur,UPI Scam,30312,13:55,12-24 Hours,Mansarovar,"ICICI ATM, Kissan Dharam Kanta, Mansarovar"
INC-10776,Tonk,OLX Scam,10882,13:20,1-2 Hours,Vaishali Nagar,"PNB ATM, Hanuman Nagar, Vaishali Nagar"
INC-10777,Jodhpur,UPI Scam,31708,14:12,12-24 Hours,Bani Park,"Union Bank ATM, Collectorate Circle, Bani Park"
INC-10778,Jaipur,OLX Scam,3644,12:28,1-2 Hours,Vaishali Nagar,"Union Bank ATM, Amrapali Circle, Vaishali Nagar"
INC-10779,Jodhpur,Credit Card Cloning,110712,20:55,12-24 Hours,Bani Park,"HDFC ATM, Sindhi Camp Bus Stand Road, Bani Park"
INC-10780,Jaipur,Investment Scam,187736,16:00,12-24 Hours,C-Scheme,"Axis Bank ATM, MI Road Junction, C-Scheme"
INC-10781,Ajmer,Job Fraud,65064,10:18,12-24 Hours,Bani Park,"Bank of Baroda ATM, Collectorate Circle, Bani Park"
INC-10782,Sikar,Credit Card Cloning,94657,21:53,12-24 Hours,Pratap Nagar,"HDFC ATM, Sector 16 Market, Pratap Nagar"
INC-10783,Sikar,Sextortion,69585,22:28,12-24 Hours,Sitapura Industrial,"SBI ATM, Mahatma Gandhi Hospital Road, Sitapura Industrial"
INC-10784,Jaipur,Investment Scam,184284,18:20,12-24 Hours,C-Scheme,"SBI ATM, Ashok Marg, C-Scheme"
INC-10785,Bikaner,Investment Scam,148926,14:05,12-24 Hours,C-Scheme,"Axis Bank ATM, Subhash Marg, C-Scheme"
INC-10786,Jaipur,OLX Scam,11525,13:19,1-2 Hours,Vaishali Nagar,"ICICI ATM, Amrapali Circle, Vaishali Nagar"
INC-10787,Udaipur,KYC Fraud,47952,12:32,12-24 Hours,Bani Park,"HDFC ATM, Kabir Marg, Bani Park"
INC-10788,Jaipur,Sextortion,46815,22:39,12-24 Hours,Sitapura Industrial,"Kotak Mahindra ATM, EPI Zone, Sitapura Industrial"
INC-10789,Jaipur,Credit Card Cloning,46712,21:33,12-24 Hours,Pratap Nagar,"ICICI ATM, Sector 16 Market, Pratap Nagar"
INC-10790,Alwar,Sextortion,38906,23:43,12-24 Hours,Vidyadhar Nagar,"ICICI ATM, Sector 2, Vidyadhar Nagar"
INC-10791,Pali,Investment Scam,144964,12:06,12-24 Hours,C-Scheme,"SBI ATM, MI Road Junction, C-Scheme"
INC-10792,Udaipur,KYC Fraud,26713,16:07,1-2 Hours,Bani Park,"HDFC ATM, Collectorate Circle, Bani Park"
INC-10793,Kota,Sextortion,89004,02:37,12-24 Hours,Sitapura Industrial,"PNB ATM, EPI Zone, Sitapura Industrial"
INC-10794,Sikar,Investment Scam,133499,15:11,12-24 Hours,C-Scheme,"ICICI ATM, Statue Circle, C-Scheme"
INC-10795,Jaipur,Loan App Fraud,21451,16:10,1-2 Hours,Pratap Nagar,"HDFC ATM, Haldi Ghati Marg, Pratap Nagar"
INC-10796,Alwar,Sextortion,48258,00:44,12-24 Hours,Vidyadhar Nagar,"PNB ATM, National Highway 52 Bypass, Vidyadhar Nagar"
INC-10797,Sikar,Credit Card Cloning,94797,13:54,12-24 Hours,Jhotwara,"SBI ATM, Panchawala, Jhotwara"
INC-10798,Jaipur,Sextortion,27939,22:19,1-2 Hours,Sitapura Industrial,"Axis Bank ATM, RIICO Phase 1, Sitapura Industrial"
INC-10799,Kota,UPI Scam,18064,10:30,1-2 Hours,Vaishali Nagar,"Union Bank ATM, Nursery Circle, Vaishali Nagar"
INC-10800,Jaipur,Sextortion,35203,22:06,12-24 Hours,Sitapura Industrial,"Bank of Baroda ATM, RIICO Phase 1, Sitapura Industrial"
INC-10801,Alwar,Credit Card Cloning,262215,19:31,12-24 Hours,Pratap Nagar,"PNB ATM, Haldi Ghati Marg, Pratap Nagar"
INC-10802,Jodhpur,Sextortion,80778,03:33,12-24 Hours,Sitapura Industrial,"Axis Bank ATM, RIICO Phase 1, Sitapura Industrial"
INC-10803,Jaipur,Job Fraud,81939,11:39,12-24 Hours,Jagatpura,"HDFC ATM, Ramnagariya, Jagatpura"
INC-10804,Pali,KYC Fraud,39945,09:14,12-24 Hours,Bani Park,"Bank of Baroda ATM, Peetal Factory, Bani Park"
INC-10805,Udaipur,Job Fraud,100860,17:56,12-24 Hours,Bani Park,"Union Bank ATM, Sindhi Camp Bus Stand Road, Bani Park"
INC-10806,Jaipur,Credit Card Cloning,247107,18:13,12-24 Hours,Pratap Nagar,"ICICI ATM, Tonk Road, Pratap Nagar"
INC-10807,Jaipur,Investment Scam,170461,11:31,12-24 Hours,C-Scheme,"HDFC ATM, Subhash Marg, C-Scheme"
INC-10808,Jaipur,OLX Scam,4029,09:52,1-2 Hours,Vaishali Nagar,"ICICI ATM, Gandhi Path, Vaishali Nagar"
INC-10809,Bhilwara,Sextortion,92022,22:16,12-24 Hours,Sitapura Industrial,"Axis Bank ATM, Tonk Road Junction, Sitapura Industrial"
INC-10810,Tonk,Investment Scam,192187,15:59,12-24 Hours,C-Scheme,"HDFC ATM, Ahinsa Circle, C-Scheme"
INC-10811,Tonk,Investment Scam,256611,15:32,12-24 Hours,Bani Park,"HDFC ATM, Collectorate Circle, Bani Park"
INC-10812,Jaipur,Job Fraud,136527,17:31,12-24 Hours,C-Scheme,"Union Bank ATM, MI Road Junction, C-Scheme"
INC-10813,Kota,UPI Scam,27235,13:49,1-2 Hours,Mansarovar,"Union Bank ATM, Kissan Dharam Kanta, Mansarovar"
INC-10814,Kota,OLX Scam,24092,13:23,1-2 Hours,Vaishali Nagar,"Bank of Baroda ATM, Nursery Circle, Vaishali Nagar"
INC-10815,Alwar,OLX Scam,21910,14:58,1-2 Hours,Vaishali Nagar,"Kotak Mahindra ATM, Nursery Circle, Vaishali Nagar"
INC-10816,Jodhpur,Sextortion,99321,01:04,12-24 Hours,Vaishali Nagar,"SBI ATM, Hanuman Nagar, Vaishali Nagar"
INC-10817,Jaipur,KYC Fraud,70214,11:03,12-24 Hours,Vaishali Nagar,"ICICI ATM, Hanuman Nagar, Vaishali Nagar"
INC-10818,Tonk,Loan App Fraud,59089,18:58,12-24 Hours,Vidyadhar Nagar,"PNB ATM, National Highway 52 Bypass, Vidyadhar Nagar"
INC-10819,Jaipur,Investment Scam,229081,14:39,12-24 Hours,C-Scheme,"Axis Bank ATM, MI Road Junction, C-Scheme"
INC-10820,Kota,Credit Card Cloning,154893,19:02,12-24 Hours,Pratap Nagar,"PNB ATM, Haldi Ghati Marg, Pratap Nagar"
INC-10821,Ajmer,KYC Fraud,41386,18:32,12-24 Hours,Bani Park,"Axis Bank ATM, Collectorate Circle, Bani Park"
INC-10822,Ajmer,Sextortion,84982,21:53,12-24 Hours,Sitapura Industrial,"PNB ATM, India Gate, Sitapura Industrial"
INC-10823,Kota,Investment Scam,274359,10:03,12-24 Hours,C-Scheme,"Bank of Baroda ATM, Ahinsa Circle, C-Scheme"
INC-10824,Kota,Loan App Fraud,32236,15:36,12-24 Hours,Jhotwara,"Axis Bank ATM, Lata Circle, Jhotwara"
INC-10825,Sikar,Loan App Fraud,47215,17:33,12-24 Hours,Jhotwara,"ICICI ATM, Triton Mall Road, Jhotwara"
INC-10826,Kota,UPI Scam,21647,11:27,1-2 Hours,Mansarovar,"ICICI ATM, Rajat Path, Mansarovar"
INC-10827,Bikaner,UPI Scam,6363,18:33,1-2 Hours,Mansarovar,"Bank of Baroda ATM, Rajat Path, Mansarovar"
INC-10828,Jodhpur,Job Fraud,116930,16:46,12-24 Hours,Bani Park,"Union Bank ATM, Peetal Factory, Bani Park"
INC-10829,Tonk,Investment Scam,83574,11:29,12-24 Hours,C-Scheme,"HDFC ATM, Statue Circle, C-Scheme"
INC-10830,Udaipur,Investment Scam,246907,12:07,12-24 Hours,Bani Park,"Kotak Mahindra ATM, Collectorate Circle, Bani Park"
INC-10831,Jodhpur,OLX Scam,14845,10:01,1-2 Hours,Vaishali Nagar,"PNB ATM, Nursery Circle, Vaishali Nagar"
INC-10832,Bikaner,UPI Scam,24668,09:52,1-2 Hours,Bani Park,"Axis Bank ATM, Sindhi Camp Bus Stand Road, Bani Park"
INC-10833,Kota,UPI Scam,22900,10:28,1-2 Hours,Mansarovar,"PNB ATM, Kaveri Path, Mansarovar"
INC-10834,Pali,Investment Scam,137370,15:42,12-24 Hours,C-Scheme,"Union Bank ATM, Subhash Marg, C-Scheme"
INC-10835,Jodhpur,Investment Scam,115426,15:21,12-24 Hours,Bani Park,"Axis Bank ATM, Peetal Factory, Bani Park"
INC-10836,Ajmer,Loan App Fraud,69735,16:35,12-24 Hours,Vidyadhar Nagar,"SBI ATM, National Highway 52 Bypass, Vidyadhar Nagar"
INC-10837,Alwar,Credit Card Cloning,45138,17:32,12-24 Hours,Bani Park,"Axis Bank ATM, Peetal Factory, Bani Park"
INC-10838,Pali,UPI Scam,46067,11:53,12-24 Hours,Mansarovar,"Axis Bank ATM, Rajat Path, Mansarovar"
INC-10839,Bhilwara,Sextortion,92038,00:27,12-24 Hours,Sitapura Industrial,"SBI ATM, EPI Zone, Sitapura Industrial"
INC-10840,Jaipur,UPI Scam,22104,13:09,1-2 Hours,Mansarovar,"ICICI ATM, Patrakar Colony, Mansarovar"
INC-10841,Jaipur,Investment Scam,85714,17:01,12-24 Hours,C-Scheme,"Bank of Baroda ATM, Statue Circle, C-Scheme"
INC-10842,Sikar,OLX Scam,5388,11:12,1-2 Hours,Bani Park,"HDFC ATM, Collectorate Circle, Bani Park"
INC-10843,Jaipur,Job Fraud,45658,13:20,12-24 Hours,Jagatpura,"PNB ATM, Mahal Road, Jagatpura"
INC-10844,Udaipur,KYC Fraud,27694,13:15,1-2 Hours,Bani Park,"PNB ATM, Collectorate Circle, Bani Park"
INC-10845,Kota,Credit Card Cloning,52671,17:34,12-24 Hours,Vidyadhar Nagar,"ICICI ATM, National Highway 52 Bypass, Vidyadhar Nagar"
INC-10846,Tonk,Investment Scam,147330,12:53,12-24 Hours,C-Scheme,"SBI ATM, Subhash Marg, C-Scheme"
INC-10847,Alwar,Credit Card Cloning,59265,03:53,12-24 Hours,Pratap Nagar,"Kotak Mahindra ATM, Sector 11, Pratap Nagar"
INC-10848,Alwar,Job Fraud,76397,10:25,12-24 Hours,Bani Park,"PNB ATM, Collectorate Circle, Bani Park"
INC-10849,Sikar,Investment Scam,182287,19:40,12-24 Hours,Bani Park,"Bank of Baroda ATM, Kabir Marg, Bani Park"
INC-10850,Jaipur,Investment Scam,133919,11:21,12-24 Hours,C-Scheme,"Union Bank ATM, MI Road Junction, C-Scheme"
INC-10851,Jaipur,Credit Card Cloning,143132,03:57,12-24 Hours,Vaishali Nagar,"Kotak Mahindra ATM, Hanuman Nagar, Vaishali Nagar"
INC-10852,Sikar,Sextortion,47212,21:43,12-24 Hours,Jhotwara,"SBI ATM, Triton Mall Road, Jhotwara"
INC-10853,Jaipur,Loan App Fraud,27925,15:29,1-2 Hours,Vaishali Nagar,"SBI ATM, Amrapali Circle, Vaishali Nagar"
INC-10854,Jodhpur,UPI Scam,3387,16:05,1-2 Hours,Mansarovar,"Bank of Baroda ATM, VT Road Chauraha, Mansarovar"
INC-10855,Bikaner,Job Fraud,122686,11:31,12-24 Hours,Jagatpura,"SBI ATM, SKIT College Road, Jagatpura"
INC-10856,Pali,Credit Card Cloning,65378,19:35,12-24 Hours,Pratap Nagar,"Union Bank ATM, Kumbha Marg, Pratap Nagar"
INC-10857,Jaipur,Investment Scam,171461,14:16,12-24 Hours,C-Scheme,"HDFC ATM, Statue Circle, C-Scheme"
INC-10858,Pali,Investment Scam,222557,15:39,12-24 Hours,C-Scheme,"SBI ATM, MI Road Junction, C-Scheme"
INC-10859,Jaipur,Job Fraud,69472,17:27,12-24 Hours,Bani Park,"SBI ATM, Kabir Marg, Bani Park"
INC-10860,Bhilwara,KYC Fraud,11744,14:03,1-2 Hours,Jhotwara,"SBI ATM, Panchawala, Jhotwara"
INC-10861,Jaipur,KYC Fraud,25933,08:44,1-2 Hours,Malviya Nagar,"SBI ATM, Calgiri Road, Malviya Nagar"
INC-10862,Jodhpur,UPI Scam,12234,11:30,1-2 Hours,Mansarovar,"HDFC ATM, Madhyam Marg, Mansarovar"
INC-10863,Jodhpur,UPI Scam,35163,19:21,12-24 Hours,Bani Park,"Union Bank ATM, Sindhi Camp Bus Stand Road, Bani Park"
INC-10864,Bikaner,Investment Scam,144410,11:40,12-24 Hours,C-Scheme,"Union Bank ATM, Ahinsa Circle, C-Scheme"
INC-10865,Jodhpur,UPI Scam,51197,19:03,12-24 Hours,Bani Park,"HDFC ATM, Sindhi Camp Bus Stand Road, Bani Park"
INC-10866,Pali,Sextortion,39753,00:54,12-24 Hours,Sitapura Industrial,"SBI ATM, EPI Zone, Sitapura Industrial"
INC-10867,Jodhpur,UPI Scam,32531,12:24,12-24 Hours,Mansarovar,"SBI ATM, Kissan Dharam Kanta, Mansarovar"
INC-10868,Udaipur,KYC Fraud,35118,10:33,12-24 Hours,Bani Park,"SBI ATM, Peetal Factory, Bani Park"
INC-10869,Jaipur,UPI Scam,7749,15:08,1-2 Hours,Mansarovar,"Axis Bank ATM, Kaveri Path, Mansarovar"
INC-10870,Alwar,OLX Scam,12292,16:08,1-2 Hours,Vaishali Nagar,"SBI ATM, Amrapali Circle, Vaishali Nagar"
INC-10871,Jaipur,KYC Fraud,65387,16:30,12-24 Hours,Malviya Nagar,"ICICI ATM, Calgiri Road, Malviya Nagar"
INC-10872,Jaipur,KYC Fraud,22140,08:32,1-2 Hours,Malviya Nagar,"SBI ATM, Calgiri Road, Malviya Nagar"
INC-10873,Bikaner,Job Fraud,24305,12:21,1-2 Hours,Jagatpura,"Axis Bank ATM, Mahal Road, Jagatpura"
INC-10874,Jaipur,Sextortion,76775,23:19,12-24 Hours,Sitapura Industrial,"Bank of Baroda ATM, Mahatma Gandhi Hospital Road, Sitapura Industrial"
INC-10875,Jodhpur,UPI Scam,19257,17:14,1-2 Hours,Mansarovar,"SBI ATM, Rajat Path, Mansarovar"
INC-10876,Sikar,Sextortion,32990,23:25,12-24 Hours,Jhotwara,"Kotak Mahindra ATM, Panchawala, Jhotwara"
INC-10877,Jaipur,Loan App Fraud,27146,11:12,1-2 Hours,Mansarovar,"PNB ATM, Kissan Dharam Kanta, Mansarovar"
INC-10878,Alwar,Loan App Fraud,26980,19:46,1-2 Hours,Vidyadhar Nagar,"Axis Bank ATM, National Highway 52 Bypass, Vidyadhar Nagar"
INC-10879,Jaipur,Investment Scam,102988,11:53,12-24 Hours,C-Scheme,"HDFC ATM, Ahinsa Circle, C-Scheme"
INC-10880,Sikar,KYC Fraud,46421,10:51,12-24 Hours,Bani Park,"Axis Bank ATM, Kabir Marg, Bani Park"
INC-10881,Jodhpur,UPI Scam,22065,17:09,1-2 Hours,Bani Park,"HDFC ATM, Collectorate Circle, Bani Park"
INC-10882,Bhilwara,UPI Scam,10350,14:15,1-2 Hours,Mansarovar,"Kotak Mahindra ATM, Rajat Path, Mansarovar"
INC-10883,Pali,Investment Scam,155782,16:40,12-24 Hours,C-Scheme,"Axis Bank ATM, Ahinsa Circle, C-Scheme"
INC-10884,Bikaner,Loan App Fraud,64829,19:50,12-24 Hours,Vidyadhar Nagar,"HDFC ATM, Alka Cinema Road, Vidyadhar Nagar"
INC-10885,Alwar,UPI Scam,21337,16:29,1-2 Hours,Mansarovar,"Union Bank ATM, Kaveri Path, Mansarovar"
INC-10886,Jaipur,Credit Card Cloning,118267,21:14,12-24 Hours,Pratap Nagar,"SBI ATM, Kumbha Marg, Pratap Nagar"
INC-10887,Pali,Sextortion,34580,22:16,12-24 Hours,Sitapura Industrial,"ICICI ATM, EPI Zone, Sitapura Industrial"
INC-10888,Ajmer,UPI Scam,7153,13:39,1-2 Hours,Mansarovar,"Union Bank ATM, Kaveri Path, Mansarovar"
INC-10889,Jaipur,Sextortion,50630,22:28,12-24 Hours,Sitapura Industrial,"SBI ATM, India Gate, Sitapura Industrial"
INC-10890,Jaipur,Credit Card Cloning,88796,04:06,12-24 Hours,Pratap Nagar,"PNB ATM, Kumbha Marg, Pratap Nagar"
INC-10891,Jaipur,KYC Fraud,30930,13:45,12-24 Hours,Malviya Nagar,"PNB ATM, Calgiri Road, Malviya Nagar"
INC-10892,Alwar,UPI Scam,38998,16:52,12-24 Hours,Mansarovar,"PNB ATM, Patrakar Colony, Mansarovar"
INC-10893,Jaipur,Loan App Fraud,78755,17:14,12-24 Hours,Jagatpura,"ICICI ATM, Ramnagariya, Jagatpura"
INC-10894,Jaipur,Investment Scam,137248,13:50,12-24 Hours,C-Scheme,"Union Bank ATM, Ashok Marg, C-Scheme"
INC-10895,Jaipur,Investment Scam,130327,17:08,12-24 Hours,C-Scheme,"SBI ATM, Ashok Marg, C-Scheme"
INC-10896,Ajmer,UPI Scam,46873,08:26,12-24 Hours,Malviya Nagar,"Bank of Baroda ATM, Calgiri Road, Malviya Nagar"
INC-10897,Jodhpur,Investment Scam,190671,14:09,12-24 Hours,C-Scheme,"SBI ATM, Statue Circle, C-Scheme"
INC-10898,Tonk,Loan App Fraud,40025,17:13,12-24 Hours,Vidyadhar Nagar,"Kotak Mahindra ATM, Alka Cinema Road, Vidyadhar Nagar"
INC-10899,Tonk,UPI Scam,16797,14:10,1-2 Hours,Mansarovar,"PNB ATM, Madhyam Marg, Mansarovar"
INC-10900,Jaipur,Job Fraud,19792,14:18,1-2 Hours,Jagatpura,"HDFC ATM, Ramnagariya, Jagatpura"
INC-10901,Jaipur,OLX Scam,14887,13:10,1-2 Hours,C-Scheme,"Kotak Mahindra ATM, Subhash Marg, C-Scheme"
INC-10902,Tonk,UPI Scam,17938,16:55,1-2 Hours,Mansarovar,"Axis Bank ATM, VT Road Chauraha, Mansarovar"
INC-10903,Jaipur,KYC Fraud,40758,14:45,12-24 Hours,Malviya Nagar,"Axis Bank ATM, Sector 3 Market, Malviya Nagar"
INC-10904,Sikar,OLX Scam,2205,11:21,1-2 Hours,Vaishali Nagar,"Axis Bank ATM, Hanuman Nagar, Vaishali Nagar"
INC-10905,Pali,Loan App Fraud,32944,15:44,12-24 Hours,Bani Park,"Union Bank ATM, Kabir Marg, Bani Park"
INC-10906,Bhilwara,Investment Scam,124817,16:46,12-24 Hours,C-Scheme,"ICICI ATM, MI Road Junction, C-Scheme"
INC-10907,Jodhpur,KYC Fraud,37477,16:56,12-24 Hours,Jhotwara,"SBI ATM, Panchawala, Jhotwara"
INC-10908,Bhilwara,OLX Scam,17793,12:26,1-2 Hours,Vaishali Nagar,"Axis Bank ATM, Nursery Circle, Vaishali Nagar"
INC-10909,Tonk,Job Fraud,187912,10:28,12-24 Hours,Sitapura Industrial,"Bank of Baroda ATM, Tonk Road Junction, Sitapura Industrial"
INC-10910,Jaipur,OLX Scam,3950,09:21,1-2 Hours,Vaishali Nagar,"Union Bank ATM, Nursery Circle, Vaishali Nagar"
INC-10911,Kota,Investment Scam,125622,09:31,12-24 Hours,C-Scheme,"Bank of Baroda ATM, Subhash Marg, C-Scheme"
INC-10912,Udaipur,UPI Scam,27699,16:10,1-2 Hours,Mansarovar,"PNB ATM, VT Road Chauraha, Mansarovar"
INC-10913,Bikaner,Job Fraud,39780,11:09,12-24 Hours,Bani Park,"SBI ATM, Kabir Marg, Bani Park"
INC-10914,Jodhpur,UPI Scam,30525,18:51,12-24 Hours,Mansarovar,"SBI ATM, Rajat Path, Mansarovar"
INC-10915,Ajmer,Credit Card Cloning,146178,18:49,12-24 Hours,Pratap Nagar,"SBI ATM, Sector 16 Market, Pratap Nagar"
INC-10916,Jaipur,OLX Scam,29000,11:43,1-2 Hours,Mansarovar,"Bank of Baroda ATM, VT Road Chauraha, Mansarovar"
INC-10917,Alwar,OLX Scam,27506,17:26,1-2 Hours,Vaishali Nagar,"ICICI ATM, Amrapali Circle, Vaishali Nagar"
INC-10918,Udaipur,Investment Scam,115053,14:07,12-24 Hours,C-Scheme,"Kotak Mahindra ATM, Subhash Marg, C-Scheme"
INC-10919,Jaipur,UPI Scam,14631,09:04,1-2 Hours,Malviya Nagar,"Union Bank ATM, Calgiri Road, Malviya Nagar"
INC-10920,Alwar,OLX Scam,17668,09:45,1-2 Hours,Vaishali Nagar,"Union Bank ATM, Amrapali Circle, Vaishali Nagar"
INC-10921,Ajmer,Loan App Fraud,64707,12:21,12-24 Hours,Vidyadhar Nagar,"Kotak Mahindra ATM, Sector 2, Vidyadhar Nagar"
INC-10922,Jaipur,Investment Scam,174526,18:58,12-24 Hours,C-Scheme,"SBI ATM, MI Road Junction, C-Scheme"
INC-10923,Ajmer,KYC Fraud,36339,12:39,12-24 Hours,Bani Park,"Axis Bank ATM, Collectorate Circle, Bani Park"
INC-10924,Kota,UPI Scam,11804,13:31,1-2 Hours,Mansarovar,"ICICI ATM, Patrakar Colony, Mansarovar"
INC-10925,Jaipur,UPI Scam,10804,09:56,1-2 Hours,Mansarovar,"Union Bank ATM, Rajat Path, Mansarovar"
INC-10926,Jaipur,OLX Scam,18261,17:14,1-2 Hours,Vaishali Nagar,"PNB ATM, Amrapali Circle, Vaishali Nagar"
INC-10927,Bhilwara,KYC Fraud,16604,14:38,1-2 Hours,Bani Park,"Axis Bank ATM, Sindhi Camp Bus Stand Road, Bani Park"
INC-10928,Bhilwara,Sextortion,30810,00:40,12-24 Hours,Sitapura Industrial,"Axis Bank ATM, RIICO Phase 1, Sitapura Industrial"
INC-10929,Tonk,Loan App Fraud,14648,12:32,1-2 Hours,Vidyadhar Nagar,"Axis Bank ATM, Sector 2, Vidyadhar Nagar"
INC-10930,Jaipur,Investment Scam,113386,15:18,12-24 Hours,C-Scheme,"Axis Bank ATM, Ashok Marg, C-Scheme"
INC-10931,Ajmer,Loan App Fraud,18438,17:24,1-2 Hours,Bani Park,"Bank of Baroda ATM, Peetal Factory, Bani Park"
INC-10932,Jaipur,Sextortion,57221,01:48,12-24 Hours,Sitapura Industrial,"Union Bank ATM, RIICO Phase 1, Sitapura Industrial"
INC-10933,Jodhpur,Investment Scam,189757,17:24,12-24 Hours,C-Scheme,"ICICI ATM, Ashok Marg, C-Scheme"
INC-10934,Udaipur,Sextortion,45729,00:09,12-24 Hours,Sitapura Industrial,"Union Bank ATM, India Gate, Sitapura Industrial"
INC-10935,Pali,UPI Scam,39485,16:47,12-24 Hours,Mansarovar,"Kotak Mahindra ATM, Kissan Dharam Kanta, Mansarovar"
INC-10936,Jodhpur,Sextortion,70970,00:59,12-24 Hours,Sitapura Industrial,"HDFC ATM, Tonk Road Junction, Sitapura Industrial"
INC-10937,Ajmer,UPI Scam,18590,12:44,1-2 Hours,Vaishali Nagar,"Union Bank ATM, Queens Road, Vaishali Nagar"
INC-10938,Jaipur,KYC Fraud,24729,12:44,1-2 Hours,Malviya Nagar,"Bank of Baroda ATM, Gaurav Tower (GT) Road, Malviya Nagar"
INC-10939,Alwar,UPI Scam,25355,20:07,1-2 Hours,Mansarovar,"ICICI ATM, Madhyam Marg, Mansarovar"
INC-10940,Kota,Credit Card Cloning,223941,18:10,12-24 Hours,Vidyadhar Nagar,"Axis Bank ATM, Alka Cinema Road, Vidyadhar Nagar"
INC-10941,Bikaner,OLX Scam,9582,20:48,1-2 Hours,Bani Park,"PNB ATM, Peetal Factory, Bani Park"
INC-10942,Bhilwara,Investment Scam,69884,14:47,12-24 Hours,C-Scheme,"ICICI ATM, Ashok Marg, C-Scheme"
INC-10943,Jaipur,Investment Scam,176834,09:49,12-24 Hours,C-Scheme,"HDFC ATM, Ahinsa Circle, C-Scheme"
INC-10944,Sikar,Sextortion,72467,01:31,12-24 Hours,Sitapura Industrial,"ICICI ATM, India Gate, Sitapura Industrial"
INC-10945,Jaipur,Loan App Fraud,32354,17:16,12-24 Hours,Mansarovar,"ICICI ATM, VT Road Chauraha, Mansarovar"
INC-10946,Tonk,Loan App Fraud,31745,18:05,12-24 Hours,Vidyadhar Nagar,"HDFC ATM, National Highway 52 Bypass, Vidyadhar Nagar"
INC-10947,Jodhpur,OLX Scam,10465,15:03,1-2 Hours,Vaishali Nagar,"HDFC ATM, Amrapali Circle, Vaishali Nagar"
INC-10948,Jaipur,Loan App Fraud,47200,17:38,12-24 Hours,Mansarovar,"SBI ATM, Kissan Dharam Kanta, Mansarovar"
INC-10949,Ajmer,Loan App Fraud,21798,14:43,1-2 Hours,Vidyadhar Nagar,"Bank of Baroda ATM, National Highway 52 Bypass, Vidyadhar Nagar"
INC-10950,Pali,Loan App Fraud,60940,18:55,12-24 Hours,Vidyadhar Nagar,"SBI ATM, National Highway 52 Bypass, Vidyadhar Nagar"
INC-10951,Jaipur,UPI Scam,19355,16:38,1-2 Hours,Mansarovar,"ICICI ATM, Madhyam Marg, Mansarovar"
INC-10952,Jaipur,Job Fraud,160925,15:26,12-24 Hours,C-Scheme,"Union Bank ATM, MI Road Junction, C-Scheme"
INC-10953,Alwar,UPI Scam,26819,20:20,1-2 Hours,Mansarovar,"SBI ATM, Rajat Path, Mansarovar"
INC-10954,Sikar,OLX Scam,13856,16:46,1-2 Hours,Vaishali Nagar,"Union Bank ATM, Amrapali Circle, Vaishali Nagar"
INC-10955,Jodhpur,Job Fraud,105198,16:31,12-24 Hours,Bani Park,"SBI ATM, Sindhi Camp Bus Stand Road, Bani Park"
INC-10956,Bikaner,OLX Scam,19179,14:30,1-2 Hours,Bani Park,"Union Bank ATM, Collectorate Circle, Bani Park"
INC-10957,Alwar,OLX Scam,7668,16:10,1-2 Hours,Vaishali Nagar,"Kotak Mahindra ATM, Amrapali Circle, Vaishali Nagar"
INC-10958,Pali,KYC Fraud,22816,12:59,1-2 Hours,Bani Park,"HDFC ATM, Sindhi Camp Bus Stand Road, Bani Park"
INC-10959,Ajmer,Investment Scam,70323,14:24,12-24 Hours,Bani Park,"HDFC ATM, Kabir Marg, Bani Park"
INC-10960,Pali,Investment Scam,182278,14:14,12-24 Hours,Bani Park,"Kotak Mahindra ATM, Sindhi Camp Bus Stand Road, Bani Park"
INC-10961,Jaipur,OLX Scam,5660,13:23,1-2 Hours,Vaishali Nagar,"HDFC ATM, Hanuman Nagar, Vaishali Nagar"
INC-10962,Jaipur,KYC Fraud,22664,16:27,1-2 Hours,Malviya Nagar,"Axis Bank ATM, JLN Marg, Malviya Nagar"
INC-10963,Jaipur,KYC Fraud,38757,17:25,12-24 Hours,Malviya Nagar,"Axis Bank ATM, Gaurav Tower (GT) Road, Malviya Nagar"
INC-10964,Jaipur,Investment Scam,114053,15:38,12-24 Hours,C-Scheme,"Union Bank ATM, Statue Circle, C-Scheme"
INC-10965,Jaipur,Investment Scam,212799,16:54,12-24 Hours,C-Scheme,"HDFC ATM, Ashok Marg, C-Scheme"
INC-10966,Sikar,Sextortion,95403,23:52,12-24 Hours,Sitapura Industrial,"Bank of Baroda ATM, India Gate, Sitapura Industrial"
INC-10967,Sikar,Investment Scam,242515,11:46,12-24 Hours,C-Scheme,"ICICI ATM, Subhash Marg, C-Scheme"
INC-10968,Jodhpur,Loan App Fraud,46723,17:43,12-24 Hours,Vidyadhar Nagar,"Bank of Baroda ATM, Alka Cinema Road, Vidyadhar Nagar"
INC-10969,Udaipur,KYC Fraud,23183,10:06,1-2 Hours,Bani Park,"Axis Bank ATM, Peetal Factory, Bani Park"
INC-10970,Jaipur,Investment Scam,154574,15:36,12-24 Hours,C-Scheme,"Union Bank ATM, Statue Circle, C-Scheme"
INC-10971,Jaipur,Credit Card Cloning,77872,15:46,12-24 Hours,Pratap Nagar,"SBI ATM, Sector 11, Pratap Nagar"
INC-10972,Bhilwara,UPI Scam,34456,18:06,12-24 Hours,Mansarovar,"ICICI ATM, Madhyam Marg, Mansarovar"
INC-10973,Jodhpur,Sextortion,119082,21:40,12-24 Hours,Sitapura Industrial,"Kotak Mahindra ATM, India Gate, Sitapura Industrial"
INC-10974,Sikar,OLX Scam,5813,13:49,1-2 Hours,Vaishali Nagar,"ICICI ATM, Nursery Circle, Vaishali Nagar"
INC-10975,Sikar,Investment Scam,168811,15:23,12-24 Hours,C-Scheme,"PNB ATM, Subhash Marg, C-Scheme"
INC-10976,Jaipur,UPI Scam,8321,15:44,1-2 Hours,Mansarovar,"Union Bank ATM, Patrakar Colony, Mansarovar"
INC-10977,Kota,Investment Scam,91209,13:20,12-24 Hours,C-Scheme,"ICICI ATM, Ahinsa Circle, C-Scheme"
INC-10978,Jaipur,Loan App Fraud,58699,12:33,12-24 Hours,Jagatpura,"Union Bank ATM, Mahal Road, Jagatpura"
INC-10979,Bikaner,Job Fraud,124816,14:55,12-24 Hours,Bani Park,"HDFC ATM, Sindhi Camp Bus Stand Road, Bani Park"
INC-10980,Ajmer,UPI Scam,23196,17:10,1-2 Hours,Mansarovar,"Axis Bank ATM, Rajat Path, Mansarovar"
INC-10981,Jaipur,OLX Scam,21905,10:42,1-2 Hours,Vaishali Nagar,"ICICI ATM, Nursery Circle, Vaishali Nagar"
INC-10982,Jaipur,OLX Scam,31555,14:36,12-24 Hours,Vaishali Nagar,"Union Bank ATM, Gandhi Path, Vaishali Nagar"
INC-10983,Udaipur,KYC Fraud,58247,22:15,12-24 Hours,Jhotwara,"HDFC ATM, Kalwar Road, Jhotwara"
INC-10984,Jaipur,UPI Scam,39077,12:08,12-24 Hours,Mansarovar,"Bank of Baroda ATM, Patrakar Colony, Mansarovar"
INC-10985,Sikar,KYC Fraud,31137,12:16,12-24 Hours,Jhotwara,"Union Bank ATM, Kalwar Road, Jhotwara"
INC-10986,Sikar,Loan App Fraud,15521,12:36,1-2 Hours,Vidyadhar Nagar,"Axis Bank ATM, National Highway 52 Bypass, Vidyadhar Nagar"
INC-10987,Alwar,Investment Scam,158894,12:01,12-24 Hours,C-Scheme,"Kotak Mahindra ATM, Subhash Marg, C-Scheme"
INC-10988,Tonk,OLX Scam,8890,14:23,1-2 Hours,Vaishali Nagar,"Bank of Baroda ATM, Amrapali Circle, Vaishali Nagar"
INC-10989,Pali,Investment Scam,84010,15:06,12-24 Hours,C-Scheme,"Axis Bank ATM, Subhash Marg, C-Scheme"
INC-10990,Kota,UPI Scam,22047,18:22,1-2 Hours,Mansarovar,"HDFC ATM, Kaveri Path, Mansarovar"
INC-10991,Sikar,Investment Scam,149659,14:22,12-24 Hours,Bani Park,"Kotak Mahindra ATM, Sindhi Camp Bus Stand Road, Bani Park"
INC-10992,Bikaner,Credit Card Cloning,178743,20:43,12-24 Hours,Pratap Nagar,"PNB ATM, Haldi Ghati Marg, Pratap Nagar"
INC-10993,Udaipur,UPI Scam,8448,13:49,1-2 Hours,Mansarovar,"Bank of Baroda ATM, Rajat Path, Mansarovar"
INC-10994,Jaipur,Job Fraud,104353,11:27,12-24 Hours,Jagatpura,"PNB ATM, SKIT College Road, Jagatpura"
INC-10995,Ajmer,Credit Card Cloning,227180,18:40,12-24 Hours,Pratap Nagar,"Bank of Baroda ATM, Haldi Ghati Marg, Pratap Nagar"
INC-10996,Jaipur,Investment Scam,247287,11:27,12-24 Hours,C-Scheme,"Union Bank ATM, Ahinsa Circle, C-Scheme"
INC-10997,Sikar,Loan App Fraud,15185,14:00,1-2 Hours,Vidyadhar Nagar,"HDFC ATM, Alka Cinema Road, Vidyadhar Nagar"
INC-10998,Alwar,Loan App Fraud,53994,16:38,12-24 Hours,Vidyadhar Nagar,"Axis Bank ATM, Central Spine, Vidyadhar Nagar"
INC-10999,Jodhpur,UPI Scam,45427,17:32,12-24 Hours,Bani Park,"Bank of Baroda ATM, Sindhi Camp Bus Stand Road, Bani Park"
INC-11000,Jodhpur,UPI Scam,20825,11:18,1-2 Hours,Bani Park,"Axis Bank ATM, Collectorate Circle, Bani Park"
INC-11001,Jaipur,OLX Scam,7697,16:52,1-2 Hours,Vaishali Nagar,"PNB ATM, Hanuman Nagar, Vaishali Nagar"
INC-11002,Pali,Loan App Fraud,70075,17:22,12-24 Hours,Bani Park,"Bank of Baroda ATM, Kabir Marg, Bani Park"
INC-11003,Jaipur,KYC Fraud,41631,13:33,12-24 Hours,Mansarovar,"Axis Bank ATM, Madhyam Marg, Mansarovar"
INC-11004,Udaipur,UPI Scam,8374,14:25,1-2 Hours,Mansarovar,"Axis Bank ATM, Kissan Dharam Kanta, Mansarovar"
INC-11005,Jodhpur,KYC Fraud,56088,14:08,12-24 Hours,Jhotwara,"Union Bank ATM, Panchawala, Jhotwara"
INC-11006,Jodhpur,KYC Fraud,21702,18:25,1-2 Hours,Bani Park,"SBI ATM, Sindhi Camp Bus Stand Road, Bani Park"
INC-11007,Jodhpur,KYC Fraud,6965,15:26,1-2 Hours,Bani Park,"PNB ATM, Collectorate Circle, Bani Park"
INC-11008,Udaipur,Sextortion,75584,21:46,12-24 Hours,Sitapura Industrial,"Kotak Mahindra ATM, Mahatma Gandhi Hospital Road, Sitapura Industrial"
INC-11009,Pali,Investment Scam,124495,10:00,12-24 Hours,Vaishali Nagar,"Bank of Baroda ATM, Hanuman Nagar, Vaishali Nagar"
INC-11010,Kota,OLX Scam,19347,13:18,1-2 Hours,Malviya Nagar,"Kotak Mahindra ATM, JLN Marg, Malviya Nagar"
INC-11011,Jaipur,UPI Scam,18321,15:55,1-2 Hours,Mansarovar,"PNB ATM, Madhyam Marg, Mansarovar"
INC-11012,Jaipur,Credit Card Cloning,147608,17:54,12-24 Hours,Pratap Nagar,"ICICI ATM, Kumbha Marg, Pratap Nagar"
INC-11013,Ajmer,Credit Card Cloning,68408,12:39,12-24 Hours,Bani Park,"Kotak Mahindra ATM, Collectorate Circle, Bani Park"
INC-11014,Jaipur,Investment Scam,123279,13:27,12-24 Hours,C-Scheme,"Axis Bank ATM, Ashok Marg, C-Scheme"
INC-11015,Udaipur,Sextortion,71281,22:15,12-24 Hours,Sitapura Industrial,"Bank of Baroda ATM, Tonk Road Junction, Sitapura Industrial"
INC-11016,Jaipur,UPI Scam,5443,09:58,1-2 Hours,Mansarovar,"Union Bank ATM, Patrakar Colony, Mansarovar"
INC-11017,Alwar,KYC Fraud,17024,14:49,1-2 Hours,Malviya Nagar,"SBI ATM, Sector 3 Market, Malviya Nagar"
INC-11018,Bhilwara,KYC Fraud,42957,13:41,12-24 Hours,Bani Park,"Bank of Baroda ATM, Sindhi Camp Bus Stand Road, Bani Park"
INC-11019,Jaipur,Job Fraud,29400,10:58,1-2 Hours,Jagatpura,"SBI ATM, 7 Number Stand, Jagatpura"
INC-11020,Bhilwara,Investment Scam,93498,13:46,12-24 Hours,C-Scheme,"Bank of Baroda ATM, Ashok Marg, C-Scheme"
INC-11021,Udaipur,Investment Scam,146675,11:22,12-24 Hours,C-Scheme,"PNB ATM, MI Road Junction, C-Scheme"
INC-11022,Pali,Sextortion,79868,03:38,12-24 Hours,Sitapura Industrial,"SBI ATM, India Gate, Sitapura Industrial"
INC-11023,Jaipur,Loan App Fraud,23077,19:52,1-2 Hours,Mansarovar,"Axis Bank ATM, Rajat Path, Mansarovar"
INC-11024,Jodhpur,Credit Card Cloning,204973,14:38,12-24 Hours,Bani Park,"Kotak Mahindra ATM, Peetal Factory, Bani Park"
INC-11025,Jaipur,UPI Scam,9450,12:45,1-2 Hours,Mansarovar,"Union Bank ATM, Kaveri Path, Mansarovar"
INC-11026,Sikar,OLX Scam,26014,12:34,1-2 Hours,Vaishali Nagar,"Axis Bank ATM, Amrapali Circle, Vaishali Nagar"
INC-11027,Jaipur,UPI Scam,9095,18:15,1-2 Hours,Mansarovar,"SBI ATM, Rajat Path, Mansarovar"
INC-11028,Tonk,OLX Scam,5760,15:45,1-2 Hours,Vaishali Nagar,"Bank of Baroda ATM, Amrapali Circle, Vaishali Nagar"
INC-11029,Bhilwara,OLX Scam,6106,19:14,1-2 Hours,Vaishali Nagar,"SBI ATM, Queens Road, Vaishali Nagar"
INC-11030,Kota,OLX Scam,8590,09:41,1-2 Hours,Vaishali Nagar,"HDFC ATM, Nursery Circle, Vaishali Nagar"
INC-11031,Jaipur,Job Fraud,88894,11:40,12-24 Hours,C-Scheme,"Axis Bank ATM, MI Road Junction, C-Scheme"
INC-11032,Bikaner,Investment Scam,86015,11:31,12-24 Hours,Bani Park,"Union Bank ATM, Collectorate Circle, Bani Park"
INC-11033,Jaipur,UPI Scam,39537,11:19,12-24 Hours,Mansarovar,"PNB ATM, Madhyam Marg, Mansarovar"
INC-11034,Jaipur,UPI Scam,17072,15:58,1-2 Hours,Mansarovar,"Axis Bank ATM, Kissan Dharam Kanta, Mansarovar"
INC-11035,Alwar,KYC Fraud,41760,11:01,12-24 Hours,Sitapura Industrial,"Kotak Mahindra ATM, Tonk Road Junction, Sitapura Industrial"
INC-11036,Jaipur,UPI Scam,37294,19:40,12-24 Hours,Mansarovar,"PNB ATM, VT Road Chauraha, Mansarovar"
INC-11037,Ajmer,Investment Scam,36220,15:08,12-24 Hours,Bani Park,"HDFC ATM, Sindhi Camp Bus Stand Road, Bani Park"
INC-11038,Udaipur,Job Fraud,68330,11:44,12-24 Hours,C-Scheme,"SBI ATM, MI Road Junction, C-Scheme"
INC-11039,Jaipur,Job Fraud,17031,10:00,1-2 Hours,Jagatpura,"Kotak Mahindra ATM, NRI Colony, Jagatpura"
INC-11040,Pali,UPI Scam,18255,11:56,1-2 Hours,Mansarovar,"Kotak Mahindra ATM, Rajat Path, Mansarovar"
INC-11041,Sikar,Loan App Fraud,34937,20:04,12-24 Hours,Jhotwara,"PNB ATM, Kanta Chauraha, Jhotwara"
INC-11042,Alwar,UPI Scam,44727,19:33,12-24 Hours,Mansarovar,"ICICI ATM, Kissan Dharam Kanta, Mansarovar"
INC-11043,Jaipur,UPI Scam,18186,18:56,1-2 Hours,Mansarovar,"PNB ATM, Patrakar Colony, Mansarovar"
INC-11044,Jaipur,Loan App Fraud,46917,18:55,12-24 Hours,C-Scheme,"HDFC ATM, Ahinsa Circle, C-Scheme"
INC-11045,Pali,UPI Scam,27644,12:07,1-2 Hours,Mansarovar,"Union Bank ATM, Madhyam Marg, Mansarovar"
INC-11046,Ajmer,Loan App Fraud,22474,11:20,1-2 Hours,Vidyadhar Nagar,"Kotak Mahindra ATM, National Highway 52 Bypass, Vidyadhar Nagar"
INC-11047,Udaipur,Sextortion,128265,00:26,12-24 Hours,Sitapura Industrial,"Axis Bank ATM, Tonk Road Junction, Sitapura Industrial"
INC-11048,Ajmer,Job Fraud,74179,13:44,12-24 Hours,Bani Park,"Kotak Mahindra ATM, Sindhi Camp Bus Stand Road, Bani Park"
INC-11049,Jaipur,KYC Fraud,14994,18:03,1-2 Hours,Malviya Nagar,"ICICI ATM, Gaurav Tower (GT) Road, Malviya Nagar"
INC-11050,Pali,KYC Fraud,51731,17:13,12-24 Hours,Jhotwara,"Kotak Mahindra ATM, Panchawala, Jhotwara"
INC-11051,Bikaner,UPI Scam,8787,20:27,1-2 Hours,Mansarovar,"SBI ATM, Rajat Path, Mansarovar"
INC-11052,Jodhpur,Credit Card Cloning,146792,04:05,12-24 Hours,Pratap Nagar,"Bank of Baroda ATM, Kumbha Marg, Pratap Nagar"
INC-11053,Jaipur,UPI Scam,37331,13:33,12-24 Hours,Mansarovar,"ICICI ATM, Rajat Path, Mansarovar"
INC-11054,Sikar,OLX Scam,12066,13:09,1-2 Hours,Vaishali Nagar,"PNB ATM, Amrapali Circle, Vaishali Nagar"
INC-11055,Jaipur,Credit Card Cloning,134020,14:45,12-24 Hours,Pratap Nagar,"Union Bank ATM, Tonk Road, Pratap Nagar"
INC-11056,Bikaner,Loan App Fraud,35584,16:08,12-24 Hours,Bani Park,"HDFC ATM, Peetal Factory, Bani Park"
INC-11057,Kota,KYC Fraud,8609,13:30,1-2 Hours,Bani Park,"HDFC ATM, Peetal Factory, Bani Park"
INC-11058,Jaipur,Credit Card Cloning,190350,19:04,12-24 Hours,Pratap Nagar,"HDFC ATM, Haldi Ghati Marg, Pratap Nagar"
INC-11059,Jodhpur,Investment Scam,116919,11:00,12-24 Hours,C-Scheme,"Axis Bank ATM, MI Road Junction, C-Scheme"
INC-11060,Kota,OLX Scam,15619,15:50,1-2 Hours,Vaishali Nagar,"SBI ATM, Hanuman Nagar, Vaishali Nagar"
INC-11061,Udaipur,UPI Scam,7453,12:12,1-2 Hours,Pratap Nagar,"Kotak Mahindra ATM, Tonk Road, Pratap Nagar"
INC-11062,Jaipur,KYC Fraud,21548,11:51,1-2 Hours,Malviya Nagar,"HDFC ATM, Sector 3 Market, Malviya Nagar"
INC-11063,Kota,UPI Scam,35093,14:43,12-24 Hours,Mansarovar,"ICICI ATM, VT Road Chauraha, Mansarovar"
INC-11064,Udaipur,Loan App Fraud,12902,16:32,1-2 Hours,Vidyadhar Nagar,"ICICI ATM, Sector 2, Vidyadhar Nagar"
INC-11065,Udaipur,Investment Scam,167449,17:23,12-24 Hours,C-Scheme,"Bank of Baroda ATM, Ashok Marg, C-Scheme"
INC-11066,Alwar,Loan App Fraud,9140,16:36,1-2 Hours,Vidyadhar Nagar,"HDFC ATM, Sector 2, Vidyadhar Nagar"
INC-11067,Alwar,Sextortion,91710,21:06,12-24 Hours,Vidyadhar Nagar,"HDFC ATM, Alka Cinema Road, Vidyadhar Nagar"
INC-11068,Udaipur,UPI Scam,13710,10:45,1-2 Hours,Mansarovar,"HDFC ATM, VT Road Chauraha, Mansarovar"
INC-11069,Kota,OLX Scam,13572,12:36,1-2 Hours,Vaishali Nagar,"ICICI ATM, Amrapali Circle, Vaishali Nagar"
INC-11070,Udaipur,KYC Fraud,18488,13:32,1-2 Hours,Bani Park,"Union Bank ATM, Kabir Marg, Bani Park"
INC-11071,Bhilwara,Loan App Fraud,27770,16:47,1-2 Hours,Vidyadhar Nagar,"SBI ATM, Central Spine, Vidyadhar Nagar"
INC-11072,Bikaner,Credit Card Cloning,125162,13:24,12-24 Hours,Pratap Nagar,"HDFC ATM, Kumbha Marg, Pratap Nagar"
INC-11073,Bhilwara,Credit Card Cloning,87129,17:58,12-24 Hours,Pratap Nagar,"ICICI ATM, Haldi Ghati Marg, Pratap Nagar"
INC-11074,Tonk,KYC Fraud,25166,13:44,1-2 Hours,Vaishali Nagar,"Union Bank ATM, Gandhi Path, Vaishali Nagar"
INC-11075,Kota,UPI Scam,19267,14:36,1-2 Hours,Vaishali Nagar,"Axis Bank ATM, Queens Road, Vaishali Nagar"
INC-11076,Jaipur,Job Fraud,60949,17:03,12-24 Hours,C-Scheme,"Union Bank ATM, Statue Circle, C-Scheme"
INC-11077,Jaipur,UPI Scam,32902,13:17,12-24 Hours,Mansarovar,"ICICI ATM, Madhyam Marg, Mansarovar"
INC-11078,Jodhpur,OLX Scam,20465,18:53,1-2 Hours,Bani Park,"PNB ATM, Sindhi Camp Bus Stand Road, Bani Park"
INC-11079,Jaipur,Loan App Fraud,31005,19:30,12-24 Hours,Vaishali Nagar,"Kotak Mahindra ATM, Nursery Circle, Vaishali Nagar"
INC-11080,Ajmer,Investment Scam,258355,12:04,12-24 Hours,Bani Park,"SBI ATM, Sindhi Camp Bus Stand Road, Bani Park"
INC-11081,Sikar,Job Fraud,36417,14:09,12-24 Hours,Jagatpura,"Bank of Baroda ATM, Mahal Road, Jagatpura"
INC-11082,Pali,Loan App Fraud,35427,13:28,12-24 Hours,Bani Park,"PNB ATM, Collectorate Circle, Bani Park"
INC-11083,Tonk,Investment Scam,164237,14:44,12-24 Hours,C-Scheme,"Axis Bank ATM, Subhash Marg, C-Scheme"
INC-11084,Ajmer,UPI Scam,16486,13:52,1-2 Hours,Bani Park,"SBI ATM, Kabir Marg, Bani Park"
INC-11085,Jodhpur,OLX Scam,9686,17:26,1-2 Hours,Vaishali Nagar,"Union Bank ATM, Nursery Circle, Vaishali Nagar"
INC-11086,Jodhpur,Investment Scam,129891,18:23,12-24 Hours,C-Scheme,"Union Bank ATM, Subhash Marg, C-Scheme"
INC-11087,Jaipur,Job Fraud,80560,12:44,12-24 Hours,Jagatpura,"Kotak Mahindra ATM, SKIT College Road, Jagatpura"
INC-11088,Alwar,Loan App Fraud,65486,20:06,12-24 Hours,Vidyadhar Nagar,"SBI ATM, Alka Cinema Road, Vidyadhar Nagar"
INC-11089,Udaipur,Investment Scam,239439,10:54,12-24 Hours,C-Scheme,"SBI ATM, Ashok Marg, C-Scheme"
INC-11090,Jodhpur,OLX Scam,13108,13:50,1-2 Hours,Vaishali Nagar,"HDFC ATM, Queens Road, Vaishali Nagar"
INC-11091,Pali,KYC Fraud,49137,16:18,12-24 Hours,C-Scheme,"Axis Bank ATM, MI Road Junction, C-Scheme"
INC-11092,Jaipur,Credit Card Cloning,80443,20:01,12-24 Hours,Pratap Nagar,"SBI ATM, Haldi Ghati Marg, Pratap Nagar"
INC-11093,Jaipur,KYC Fraud,48820,17:35,12-24 Hours,Malviya Nagar,"Kotak Mahindra ATM, Calgiri Road, Malviya Nagar"
INC-11094,Tonk,UPI Scam,27112,17:24,1-2 Hours,Mansarovar,"ICICI ATM, Rajat Path, Mansarovar"
INC-11095,Tonk,UPI Scam,42926,14:07,12-24 Hours,Mansarovar,"ICICI ATM, Kaveri Path, Mansarovar"
INC-11096,Alwar,Investment Scam,211055,14:05,12-24 Hours,C-Scheme,"Bank of Baroda ATM, Statue Circle, C-Scheme"
INC-11097,Jaipur,KYC Fraud,35634,15:24,12-24 Hours,Mansarovar,"HDFC ATM, Kaveri Path, Mansarovar"
INC-11098,Jaipur,Investment Scam,271088,14:12,12-24 Hours,C-Scheme,"Axis Bank ATM, Ashok Marg, C-Scheme"
INC-11099,Ajmer,OLX Scam,22921,17:59,1-2 Hours,Bani Park,"PNB ATM, Collectorate Circle, Bani Park"
INC-11100,Jaipur,UPI Scam,53200,18:09,12-24 Hours,Mansarovar,"HDFC ATM, Madhyam Marg, Mansarovar"
INC-11101,Jaipur,Loan App Fraud,12872,14:31,1-2 Hours,Mansarovar,"Kotak Mahindra ATM, Madhyam Marg, Mansarovar"
INC-11102,Bikaner,KYC Fraud,27813,15:51,1-2 Hours,Bani Park,"Bank of Baroda ATM, Peetal Factory, Bani Park"
INC-11103,Jaipur,OLX Scam,28696,15:22,1-2 Hours,Vaishali Nagar,"HDFC ATM, Queens Road, Vaishali Nagar"
INC-11104,Udaipur,Job Fraud,81047,11:34,12-24 Hours,Bani Park,"Axis Bank ATM, Collectorate Circle, Bani Park"
INC-11105,Jaipur,Sextortion,28500,02:14,1-2 Hours,Sitapura Industrial,"Bank of Baroda ATM, India Gate, Sitapura Industrial"
INC-11106,Jaipur,Credit Card Cloning,52842,14:47,12-24 Hours,C-Scheme,"PNB ATM, Subhash Marg, C-Scheme"
INC-11107,Bikaner,KYC Fraud,63130,19:06,12-24 Hours,Jhotwara,"PNB ATM, Triton Mall Road, Jhotwara"
INC-11108,Ajmer,Investment Scam,113404,15:38,12-24 Hours,Bani Park,"Union Bank ATM, Peetal Factory, Bani Park"
INC-11109,Kota,Investment Scam,162140,14:28,12-24 Hours,C-Scheme,"Bank of Baroda ATM, Ahinsa Circle, C-Scheme"
INC-11110,Jaipur,UPI Scam,21445,15:01,1-2 Hours,Mansarovar,"Bank of Baroda ATM, Kissan Dharam Kanta, Mansarovar"
INC-11111,Jaipur,Investment Scam,130415,11:09,12-24 Hours,C-Scheme,"Bank of Baroda ATM, Ashok Marg, C-Scheme"
INC-11112,Kota,UPI Scam,14471,08:35,1-2 Hours,Mansarovar,"Bank of Baroda ATM, VT Road Chauraha, Mansarovar"
INC-11113,Jaipur,OLX Scam,7679,12:57,1-2 Hours,Vaishali Nagar,"HDFC ATM, Hanuman Nagar, Vaishali Nagar"
INC-11114,Alwar,Credit Card Cloning,101733,14:26,12-24 Hours,Pratap Nagar,"SBI ATM, Sector 11, Pratap Nagar"
INC-11115,Jaipur,Sextortion,66723,00:18,12-24 Hours,Mansarovar,"SBI ATM, Kissan Dharam Kanta, Mansarovar"
INC-11116,Jaipur,Loan App Fraud,8866,15:30,1-2 Hours,Vaishali Nagar,"SBI ATM, Amrapali Circle, Vaishali Nagar"
INC-11117,Jaipur,Investment Scam,181898,12:39,12-24 Hours,C-Scheme,"Bank of Baroda ATM, Subhash Marg, C-Scheme"
INC-11118,Jaipur,OLX Scam,35389,14:06,12-24 Hours,Vaishali Nagar,"Bank of Baroda ATM, Hanuman Nagar, Vaishali Nagar"
INC-11119,Jaipur,UPI Scam,3488,10:10,1-2 Hours,Mansarovar,"Kotak Mahindra ATM, VT Road Chauraha, Mansarovar"
INC-11120,Jaipur,Investment Scam,202732,15:07,12-24 Hours,Mansarovar,"PNB ATM, Madhyam Marg, Mansarovar"
INC-11121,Jaipur,OLX Scam,8754,16:37,1-2 Hours,Vaishali Nagar,"ICICI ATM, Gandhi Path, Vaishali Nagar"
INC-11122,Udaipur,UPI Scam,39503,16:28,12-24 Hours,Mansarovar,"Kotak Mahindra ATM, Rajat Path, Mansarovar"
INC-11123,Alwar,Sextortion,35044,23:05,12-24 Hours,Sitapura Industrial,"Union Bank ATM, India Gate, Sitapura Industrial"
INC-11124,Jaipur,OLX Scam,5018,14:04,1-2 Hours,Vaishali Nagar,"Axis Bank ATM, Amrapali Circle, Vaishali Nagar"
INC-11125,Tonk,UPI Scam,3734,12:13,1-2 Hours,Mansarovar,"HDFC ATM, Patrakar Colony, Mansarovar"
INC-11126,Bikaner,Investment Scam,143481,12:58,12-24 Hours,Bani Park,"ICICI ATM, Collectorate Circle, Bani Park"
INC-11127,Jaipur,Loan App Fraud,28459,14:04,1-2 Hours,Vaishali Nagar,"Kotak Mahindra ATM, Gandhi Path, Vaishali Nagar"
INC-11128,Jaipur,UPI Scam,14091,18:07,1-2 Hours,Mansarovar,"HDFC ATM, Rajat Path, Mansarovar"
INC-11129,Jaipur,Loan App Fraud,17708,10:59,1-2 Hours,Malviya Nagar,"PNB ATM, Gaurav Tower (GT) Road, Malviya Nagar"
INC-11130,Ajmer,KYC Fraud,15353,13:23,1-2 Hours,Bani Park,"Union Bank ATM, Kabir Marg, Bani Park"
INC-11131,Jaipur,Credit Card Cloning,163425,15:27,12-24 Hours,Pratap Nagar,"Union Bank ATM, Tonk Road, Pratap Nagar"
INC-11132,Jaipur,UPI Scam,12201,10:04,1-2 Hours,Mansarovar,"PNB ATM, VT Road Chauraha, Mansarovar"
INC-11133,Ajmer,OLX Scam,27523,16:31,1-2 Hours,Vaishali Nagar,"Axis Bank ATM, Queens Road, Vaishali Nagar"
INC-11134,Jaipur,Investment Scam,118660,12:32,12-24 Hours,C-Scheme,"HDFC ATM, Statue Circle, C-Scheme"
INC-11135,Pali,Job Fraud,109776,16:11,12-24 Hours,Bani Park,"HDFC ATM, Sindhi Camp Bus Stand Road, Bani Park"
INC-11136,Jaipur,Sextortion,124369,00:43,12-24 Hours,Jhotwara,"HDFC ATM, Panchawala, Jhotwara"
INC-11137,Kota,UPI Scam,15607,14:02,1-2 Hours,Mansarovar,"Union Bank ATM, Madhyam Marg, Mansarovar"
INC-11138,Bikaner,Job Fraud,182705,16:06,12-24 Hours,Bani Park,"ICICI ATM, Collectorate Circle, Bani Park"
INC-11139,Jaipur,Investment Scam,133903,15:23,12-24 Hours,C-Scheme,"Union Bank ATM, Ashok Marg, C-Scheme"
INC-11140,Udaipur,Investment Scam,111825,12:17,12-24 Hours,C-Scheme,"Union Bank ATM, Ahinsa Circle, C-Scheme"
INC-11141,Sikar,Investment Scam,44091,18:31,12-24 Hours,Bani Park,"ICICI ATM, Kabir Marg, Bani Park"
INC-11142,Jaipur,Job Fraud,102579,12:17,12-24 Hours,C-Scheme,"Kotak Mahindra ATM, Ahinsa Circle, C-Scheme"
INC-11143,Bhilwara,Credit Card Cloning,216249,21:25,12-24 Hours,Pratap Nagar,"Bank of Baroda ATM, Sector 11, Pratap Nagar"
INC-11144,Ajmer,Loan App Fraud,22354,12:50,1-2 Hours,Vidyadhar Nagar,"HDFC ATM, Alka Cinema Road, Vidyadhar Nagar"
INC-11145,Udaipur,Loan App Fraud,58409,13:43,12-24 Hours,Vidyadhar Nagar,"ICICI ATM, Alka Cinema Road, Vidyadhar Nagar"
INC-11146,Jaipur,Loan App Fraud,44020,16:29,12-24 Hours,Mansarovar,"PNB ATM, Madhyam Marg, Mansarovar"
INC-11147,Jaipur,OLX Scam,16771,09:16,1-2 Hours,Vaishali Nagar,"SBI ATM, Amrapali Circle, Vaishali Nagar"
INC-11148,Jaipur,Loan App Fraud,57706,15:09,12-24 Hours,Vidyadhar Nagar,"HDFC ATM, National Highway 52 Bypass, Vidyadhar Nagar"
INC-11149,Tonk,UPI Scam,24479,10:51,1-2 Hours,Mansarovar,"Bank of Baroda ATM, VT Road Chauraha, Mansarovar"
INC-11150,Sikar,KYC Fraud,23546,19:36,1-2 Hours,Bani Park,"PNB ATM, Sindhi Camp Bus Stand Road, Bani Park"
INC-11151,Jodhpur,Loan App Fraud,59633,12:19,12-24 Hours,Bani Park,"Kotak Mahindra ATM, Sindhi Camp Bus Stand Road, Bani Park"
INC-11152,Jaipur,OLX Scam,30169,14:08,12-24 Hours,Vaishali Nagar,"Kotak Mahindra ATM, Amrapali Circle, Vaishali Nagar"
INC-11153,Ajmer,Credit Card Cloning,114165,16:01,12-24 Hours,Pratap Nagar,"Kotak Mahindra ATM, Sector 16 Market, Pratap Nagar"
INC-11154,Pali,UPI Scam,33364,10:32,12-24 Hours,Mansarovar,"Axis Bank ATM, Kaveri Path, Mansarovar"
INC-11155,Jodhpur,Job Fraud,144119,16:42,12-24 Hours,C-Scheme,"ICICI ATM, Subhash Marg, C-Scheme"
INC-11156,Jaipur,Investment Scam,220599,13:38,12-24 Hours,C-Scheme,"HDFC ATM, Ashok Marg, C-Scheme"
INC-11157,Jaipur,OLX Scam,13778,12:33,1-2 Hours,Vaishali Nagar,"SBI ATM, Gandhi Path, Vaishali Nagar"
INC-11158,Jaipur,Investment Scam,140511,11:46,12-24 Hours,C-Scheme,"PNB ATM, Ashok Marg, C-Scheme"
INC-11159,Tonk,UPI Scam,20418,16:15,1-2 Hours,Vidyadhar Nagar,"HDFC ATM, Central Spine, Vidyadhar Nagar"
INC-11160,Jaipur,Sextortion,96050,23:11,12-24 Hours,Sitapura Industrial,"Kotak Mahindra ATM, Tonk Road Junction, Sitapura Industrial"
INC-11161,Bikaner,Investment Scam,148853,16:09,12-24 Hours,Bani Park,"HDFC ATM, Peetal Factory, Bani Park"
INC-11162,Alwar,UPI Scam,36506,15:30,12-24 Hours,Mansarovar,"Axis Bank ATM, Kissan Dharam Kanta, Mansarovar"
INC-11163,Jaipur,Credit Card Cloning,246640,18:26,12-24 Hours,Pratap Nagar,"HDFC ATM, Sector 16 Market, Pratap Nagar"
INC-11164,Bikaner,UPI Scam,13311,11:41,1-2 Hours,Mansarovar,"SBI ATM, Rajat Path, Mansarovar"
INC-11165,Pali,Job Fraud,22058,17:00,1-2 Hours,Jagatpura,"Union Bank ATM, SKIT College Road, Jagatpura"
INC-11166,Tonk,KYC Fraud,52348,14:04,12-24 Hours,Jhotwara,"Kotak Mahindra ATM, Lata Circle, Jhotwara"
INC-11167,Jaipur,UPI Scam,27648,14:50,1-2 Hours,Mansarovar,"ICICI ATM, Patrakar Colony, Mansarovar"
INC-11168,Kota,OLX Scam,11651,19:42,1-2 Hours,Vaishali Nagar,"Union Bank ATM, Hanuman Nagar, Vaishali Nagar"
INC-11169,Jaipur,Credit Card Cloning,114759,15:39,12-24 Hours,Pratap Nagar,"Bank of Baroda ATM, Tonk Road, Pratap Nagar"
INC-11170,Bikaner,UPI Scam,4850,16:30,1-2 Hours,Mansarovar,"Union Bank ATM, Rajat Path, Mansarovar"
INC-11171,Jaipur,OLX Scam,22603,19:48,1-2 Hours,Vaishali Nagar,"ICICI ATM, Nursery Circle, Vaishali Nagar"
INC-11172,Tonk,Loan App Fraud,10882,13:38,1-2 Hours,Jagatpura,"Union Bank ATM, SKIT College Road, Jagatpura"
INC-11173,Alwar,UPI Scam,9875,10:16,1-2 Hours,Mansarovar,"Axis Bank ATM, VT Road Chauraha, Mansarovar"
INC-11174,Udaipur,Credit Card Cloning,67825,17:01,12-24 Hours,Pratap Nagar,"HDFC ATM, Tonk Road, Pratap Nagar"
INC-11175,Alwar,Credit Card Cloning,64556,20:11,12-24 Hours,Pratap Nagar,"HDFC ATM, Sector 11, Pratap Nagar"
INC-11176,Sikar,Loan App Fraud,52425,15:22,12-24 Hours,Jhotwara,"Union Bank ATM, Lata Circle, Jhotwara"
INC-11177,Jodhpur,Loan App Fraud,65057,17:08,12-24 Hours,Bani Park,"HDFC ATM, Collectorate Circle, Bani Park"
INC-11178,Kota,OLX Scam,5795,12:59,1-2 Hours,Vaishali Nagar,"Axis Bank ATM, Queens Road, Vaishali Nagar"
INC-11179,Bikaner,KYC Fraud,21642,18:25,1-2 Hours,Bani Park,"Axis Bank ATM, Kabir Marg, Bani Park"
INC-11180,Alwar,Job Fraud,141900,13:21,12-24 Hours,Vidyadhar Nagar,"SBI ATM, Central Spine, Vidyadhar Nagar"
INC-11181,Jodhpur,OLX Scam,27815,10:15,1-2 Hours,Vaishali Nagar,"Bank of Baroda ATM, Amrapali Circle, Vaishali Nagar"
INC-11182,Udaipur,Investment Scam,151738,14:26,12-24 Hours,C-Scheme,"Bank of Baroda ATM, Ahinsa Circle, C-Scheme"
INC-11183,Ajmer,Job Fraud,28453,13:02,1-2 Hours,Jagatpura,"SBI ATM, Mahal Road, Jagatpura"
INC-11184,Udaipur,OLX Scam,10648,14:59,1-2 Hours,Vaishali Nagar,"Axis Bank ATM, Amrapali Circle, Vaishali Nagar"
INC-11185,Jaipur,Investment Scam,202495,13:30,12-24 Hours,C-Scheme,"SBI ATM, MI Road Junction, C-Scheme"
INC-11186,Jaipur,Investment Scam,176106,12:57,12-24 Hours,C-Scheme,"Union Bank ATM, Ahinsa Circle, C-Scheme"
INC-11187,Alwar,Loan App Fraud,26518,13:14,1-2 Hours,Vidyadhar Nagar,"HDFC ATM, Central Spine, Vidyadhar Nagar"
INC-11188,Jodhpur,Investment Scam,201561,13:04,12-24 Hours,C-Scheme,"Axis Bank ATM, Ahinsa Circle, C-Scheme"
INC-11189,Jaipur,KYC Fraud,18314,12:38,1-2 Hours,Malviya Nagar,"PNB ATM, Calgiri Road, Malviya Nagar"
INC-11190,Jodhpur,Credit Card Cloning,145399,04:28,12-24 Hours,Pratap Nagar,"Bank of Baroda ATM, Kumbha Marg, Pratap Nagar"
INC-11191,Sikar,Loan App Fraud,57211,13:44,12-24 Hours,Vidyadhar Nagar,"PNB ATM, National Highway 52 Bypass, Vidyadhar Nagar"
INC-11192,Ajmer,UPI Scam,15418,13:58,1-2 Hours,Bani Park,"HDFC ATM, Sindhi Camp Bus Stand Road, Bani Park"
INC-11193,Jaipur,Loan App Fraud,19940,16:15,1-2 Hours,Mansarovar,"ICICI ATM, Madhyam Marg, Mansarovar"
INC-11194,Sikar,Credit Card Cloning,105018,17:52,12-24 Hours,Jhotwara,"Kotak Mahindra ATM, Kanta Chauraha, Jhotwara"
INC-11195,Tonk,UPI Scam,38967,13:14,12-24 Hours,Mansarovar,"Union Bank ATM, Madhyam Marg, Mansarovar"
INC-11196,Jaipur,UPI Scam,18399,09:58,1-2 Hours,Mansarovar,"Bank of Baroda ATM, Madhyam Marg, Mansarovar"
INC-11197,Alwar,Loan App Fraud,74624,18:46,12-24 Hours,Vidyadhar Nagar,"SBI ATM, National Highway 52 Bypass, Vidyadhar Nagar"
INC-11198,Bikaner,KYC Fraud,24898,16:46,1-2 Hours,Bani Park,"HDFC ATM, Peetal Factory, Bani Park"
INC-11199,Pali,OLX Scam,36525,14:24,12-24 Hours,Vaishali Nagar,"PNB ATM, Gandhi Path, Vaishali Nagar"
INC-11200,Udaipur,Loan App Fraud,20341,18:15,1-2 Hours,Bani Park,"PNB ATM, Collectorate Circle, Bani Park"
INC-11201,Kota,OLX Scam,16152,09:00,1-2 Hours,Vaishali Nagar,"PNB ATM, Hanuman Nagar, Vaishali Nagar"
INC-11202,Jaipur,Job Fraud,54449,11:29,12-24 Hours,C-Scheme,"Union Bank ATM, Ahinsa Circle, C-Scheme"
INC-11203,Jaipur,KYC Fraud,36166,14:57,12-24 Hours,Malviya Nagar,"HDFC ATM, Apex Circle, Malviya Nagar"
INC-11204,Alwar,KYC Fraud,9068,11:14,1-2 Hours,Bani Park,"Union Bank ATM, Sindhi Camp Bus Stand Road, Bani Park"
INC-11205,Alwar,UPI Scam,25909,09:20,1-2 Hours,Mansarovar,"Union Bank ATM, Kaveri Path, Mansarovar"
INC-11206,Jaipur,Credit Card Cloning,39695,15:45,12-24 Hours,C-Scheme,"Bank of Baroda ATM, MI Road Junction, C-Scheme"
INC-11207,Jaipur,OLX Scam,5614,14:36,1-2 Hours,Vaishali Nagar,"Axis Bank ATM, Queens Road, Vaishali Nagar"
INC-11208,Jodhpur,Investment Scam,128433,14:21,12-24 Hours,Bani Park,"Bank of Baroda ATM, Kabir Marg, Bani Park"
INC-11209,Tonk,Loan App Fraud,27829,18:18,1-2 Hours,Vidyadhar Nagar,"Bank of Baroda ATM, Central Spine, Vidyadhar Nagar"
INC-11210,Pali,Loan App Fraud,7704,15:24,1-2 Hours,Vidyadhar Nagar,"Bank of Baroda ATM, Sector 2, Vidyadhar Nagar"
INC-11211,Bikaner,UPI Scam,31143,13:36,12-24 Hours,Jagatpura,"HDFC ATM, NRI Colony, Jagatpura"
INC-11212,Udaipur,Job Fraud,81277,12:30,12-24 Hours,Jagatpura,"SBI ATM, 7 Number Stand, Jagatpura"
INC-11213,Alwar,Sextortion,40980,22:51,12-24 Hours,Sitapura Industrial,"Bank of Baroda ATM, India Gate, Sitapura Industrial"
INC-11214,Kota,KYC Fraud,26275,16:05,1-2 Hours,Vaishali Nagar,"Kotak Mahindra ATM, Queens Road, Vaishali Nagar"
INC-11215,Jodhpur,Sextortion,111460,00:36,12-24 Hours,Sitapura Industrial,"Kotak Mahindra ATM, India Gate, Sitapura Industrial"
INC-11216,Bikaner,Loan App Fraud,75125,13:50,12-24 Hours,Vidyadhar Nagar,"ICICI ATM, National Highway 52 Bypass, Vidyadhar Nagar"
INC-11217,Jaipur,KYC Fraud,9973,13:56,1-2 Hours,Jagatpura,"Axis Bank ATM, NRI Colony, Jagatpura"
INC-11218,Udaipur,UPI Scam,17946,17:55,1-2 Hours,Mansarovar,"HDFC ATM, VT Road Chauraha, Mansarovar"
INC-11219,Jaipur,KYC Fraud,39454,21:22,12-24 Hours,Malviya Nagar,"Kotak Mahindra ATM, JLN Marg, Malviya Nagar"
INC-11220,Jaipur,Credit Card Cloning,70226,16:04,12-24 Hours,Pratap Nagar,"HDFC ATM, Haldi Ghati Marg, Pratap Nagar"
INC-11221,Kota,KYC Fraud,25935,13:44,1-2 Hours,Jhotwara,"PNB ATM, Triton Mall Road, Jhotwara"
INC-11222,Jaipur,UPI Scam,33317,19:37,12-24 Hours,Mansarovar,"SBI ATM, Kaveri Path, Mansarovar"
INC-11223,Jodhpur,Credit Card Cloning,92165,17:19,12-24 Hours,Bani Park,"HDFC ATM, Sindhi Camp Bus Stand Road, Bani Park"
INC-11224,Udaipur,UPI Scam,21696,14:24,1-2 Hours,Mansarovar,"PNB ATM, Patrakar Colony, Mansarovar"
INC-11225,Jaipur,UPI Scam,8947,17:33,1-2 Hours,Mansarovar,"Axis Bank ATM, Kissan Dharam Kanta, Mansarovar"
INC-11226,Jaipur,Loan App Fraud,24427,14:14,1-2 Hours,Mansarovar,"Union Bank ATM, Kissan Dharam Kanta, Mansarovar"
INC-11227,Bhilwara,OLX Scam,29553,21:06,1-2 Hours,Bani Park,"PNB ATM, Sindhi Camp Bus Stand Road, Bani Park"
INC-11228,Jaipur,Investment Scam,188848,09:31,12-24 Hours,C-Scheme,"Axis Bank ATM, Ahinsa Circle, C-Scheme"
INC-11229,Bikaner,UPI Scam,10765,20:18,1-2 Hours,Mansarovar,"ICICI ATM, Kissan Dharam Kanta, Mansarovar"
INC-11230,Pali,Credit Card Cloning,225001,20:46,12-24 Hours,Pratap Nagar,"ICICI ATM, Sector 11, Pratap Nagar"
INC-11231,Alwar,Loan App Fraud,59557,16:17,12-24 Hours,Vidyadhar Nagar,"ICICI ATM, National Highway 52 Bypass, Vidyadhar Nagar"
INC-11232,Udaipur,Investment Scam,171442,10:06,12-24 Hours,C-Scheme,"SBI ATM, Subhash Marg, C-Scheme"
INC-11233,Pali,Investment Scam,114291,16:15,12-24 Hours,C-Scheme,"SBI ATM, Ahinsa Circle, C-Scheme"
INC-11234,Jaipur,KYC Fraud,62637,16:18,12-24 Hours,Malviya Nagar,"ICICI ATM, JLN Marg, Malviya Nagar"
INC-11235,Jaipur,Credit Card Cloning,45865,19:39,12-24 Hours,C-Scheme,"Union Bank ATM, MI Road Junction, C-Scheme"
INC-11236,Jaipur,UPI Scam,17929,12:33,1-2 Hours,Mansarovar,"Bank of Baroda ATM, Kissan Dharam Kanta, Mansarovar"
INC-11237,Alwar,UPI Scam,13858,12:22,1-2 Hours,Mansarovar,"Kotak Mahindra ATM, Kaveri Path, Mansarovar"
INC-11238,Ajmer,OLX Scam,7818,20:20,1-2 Hours,Bani Park,"Kotak Mahindra ATM, Peetal Factory, Bani Park"
INC-11239,Jaipur,KYC Fraud,13898,20:49,1-2 Hours,Malviya Nagar,"Kotak Mahindra ATM, Calgiri Road, Malviya Nagar"
INC-11240,Bhilwara,Investment Scam,217212,14:03,12-24 Hours,Jhotwara,"Axis Bank ATM, Triton Mall Road, Jhotwara"
INC-11241,Ajmer,KYC Fraud,38481,13:17,12-24 Hours,Bani Park,"PNB ATM, Collectorate Circle, Bani Park"
INC-11242,Udaipur,OLX Scam,18038,09:13,1-2 Hours,Vaishali Nagar,"ICICI ATM, Hanuman Nagar, Vaishali Nagar"
INC-11243,Kota,UPI Scam,50173,15:05,12-24 Hours,Mansarovar,"SBI ATM, Kissan Dharam Kanta, Mansarovar"
INC-11244,Kota,KYC Fraud,21406,17:34,1-2 Hours,Malviya Nagar,"Axis Bank ATM, Apex Circle, Malviya Nagar"
INC-11245,Jaipur,UPI Scam,22418,18:26,1-2 Hours,Mansarovar,"Bank of Baroda ATM, Patrakar Colony, Mansarovar"
INC-11246,Jaipur,Investment Scam,245015,10:25,12-24 Hours,C-Scheme,"HDFC ATM, MI Road Junction, C-Scheme"
INC-11247,Bikaner,UPI Scam,13301,09:47,1-2 Hours,Mansarovar,"SBI ATM, Patrakar Colony, Mansarovar"
INC-11248,Jaipur,Investment Scam,168189,11:04,12-24 Hours,C-Scheme,"HDFC ATM, Ahinsa Circle, C-Scheme"
INC-11249,Udaipur,Credit Card Cloning,163588,04:53,12-24 Hours,Pratap Nagar,"Kotak Mahindra ATM, Kumbha Marg, Pratap Nagar"
INC-11250,Alwar,KYC Fraud,20109,14:16,1-2 Hours,Mansarovar,"Axis Bank ATM, Madhyam Marg, Mansarovar"
INC-11251,Tonk,Job Fraud,60534,12:18,12-24 Hours,C-Scheme,"PNB ATM, Subhash Marg, C-Scheme"
INC-11252,Pali,Job Fraud,46481,09:28,12-24 Hours,Bani Park,"Bank of Baroda ATM, Collectorate Circle, Bani Park"
INC-11253,Jaipur,Loan App Fraud,29147,13:09,1-2 Hours,Vaishali Nagar,"PNB ATM, Queens Road, Vaishali Nagar"
INC-11254,Bikaner,Loan App Fraud,13024,12:09,1-2 Hours,Jagatpura,"Axis Bank ATM, Mahal Road, Jagatpura"
INC-11255,Jodhpur,Investment Scam,145015,16:26,12-24 Hours,Bani Park,"Union Bank ATM, Kabir Marg, Bani Park"
INC-11256,Jaipur,KYC Fraud,12880,12:44,1-2 Hours,Malviya Nagar,"SBI ATM, Apex Circle, Malviya Nagar"
INC-11257,Jaipur,Job Fraud,73700,13:32,12-24 Hours,Jagatpura,"Union Bank ATM, Ramnagariya, Jagatpura"
INC-11258,Ajmer,Investment Scam,184012,17:10,12-24 Hours,C-Scheme,"ICICI ATM, Ahinsa Circle, C-Scheme"
INC-11259,Udaipur,UPI Scam,10587,18:40,1-2 Hours,Mansarovar,"Union Bank ATM, VT Road Chauraha, Mansarovar"
INC-11260,Bikaner,Sextortion,83913,23:46,12-24 Hours,Sitapura Industrial,"Kotak Mahindra ATM, EPI Zone, Sitapura Industrial"
INC-11261,Pali,Credit Card Cloning,117694,16:45,12-24 Hours,Pratap Nagar,"Axis Bank ATM, Tonk Road, Pratap Nagar"
INC-11262,Jodhpur,Job Fraud,71664,11:33,12-24 Hours,Bani Park,"ICICI ATM, Sindhi Camp Bus Stand Road, Bani Park"
INC-11263,Sikar,Sextortion,41040,21:44,12-24 Hours,Sitapura Industrial,"SBI ATM, EPI Zone, Sitapura Industrial"
INC-11264,Jaipur,Credit Card Cloning,120629,12:56,12-24 Hours,Pratap Nagar,"Bank of Baroda ATM, Tonk Road, Pratap Nagar"
INC-11265,Jaipur,Job Fraud,152564,12:39,12-24 Hours,Jagatpura,"PNB ATM, SKIT College Road, Jagatpura"
INC-11266,Kota,Loan App Fraud,39536,15:17,12-24 Hours,Vidyadhar Nagar,"HDFC ATM, Sector 2, Vidyadhar Nagar"
INC-11267,Jaipur,Job Fraud,34407,13:42,12-24 Hours,Jagatpura,"PNB ATM, 7 Number Stand, Jagatpura"
INC-11268,Pali,OLX Scam,1722,12:10,1-2 Hours,Vaishali Nagar,"ICICI ATM, Gandhi Path, Vaishali Nagar"
INC-11269,Udaipur,UPI Scam,6939,20:30,1-2 Hours,Mansarovar,"Kotak Mahindra ATM, Rajat Path, Mansarovar"
INC-11270,Jaipur,Sextortion,25620,23:19,1-2 Hours,Sitapura Industrial,"Union Bank ATM, EPI Zone, Sitapura Industrial"
INC-11271,Bikaner,KYC Fraud,9810,15:53,1-2 Hours,Jhotwara,"PNB ATM, Panchawala, Jhotwara"
INC-11272,Jodhpur,Sextortion,77163,22:01,12-24 Hours,Sitapura Industrial,"Bank of Baroda ATM, India Gate, Sitapura Industrial"
INC-11273,Bhilwara,Investment Scam,192508,12:23,12-24 Hours,C-Scheme,"Axis Bank ATM, Subhash Marg, C-Scheme"
INC-11274,Jaipur,Investment Scam,37287,12:58,12-24 Hours,Jhotwara,"Bank of Baroda ATM, Kalwar Road, Jhotwara"
INC-11275,Jodhpur,OLX Scam,29802,15:02,1-2 Hours,Vaishali Nagar,"Union Bank ATM, Nursery Circle, Vaishali Nagar"
INC-11276,Tonk,Credit Card Cloning,75239,04:40,12-24 Hours,Pratap Nagar,"Union Bank ATM, Tonk Road, Pratap Nagar"
INC-11277,Udaipur,UPI Scam,32419,15:39,12-24 Hours,Mansarovar,"Bank of Baroda ATM, Madhyam Marg, Mansarovar"
INC-11278,Pali,UPI Scam,31672,18:28,12-24 Hours,Mansarovar,"HDFC ATM, Madhyam Marg, Mansarovar"
INC-11279,Alwar,UPI Scam,7588,14:53,1-2 Hours,Malviya Nagar,"SBI ATM, Apex Circle, Malviya Nagar"
INC-11280,Sikar,Loan App Fraud,70813,12:42,12-24 Hours,Vidyadhar Nagar,"Bank of Baroda ATM, Central Spine, Vidyadhar Nagar"
INC-11281,Jodhpur,Investment Scam,170965,10:11,12-24 Hours,Bani Park,"PNB ATM, Collectorate Circle, Bani Park"
INC-11282,Jodhpur,OLX Scam,7403,14:17,1-2 Hours,Vaishali Nagar,"SBI ATM, Queens Road, Vaishali Nagar"
INC-11283,Ajmer,UPI Scam,19705,18:58,1-2 Hours,Mansarovar,"HDFC ATM, Madhyam Marg, Mansarovar"
INC-11284,Jaipur,Investment Scam,92100,14:40,12-24 Hours,C-Scheme,"SBI ATM, Statue Circle, C-Scheme"
INC-11285,Jodhpur,UPI Scam,31039,12:19,12-24 Hours,Malviya Nagar,"Axis Bank ATM, Calgiri Road, Malviya Nagar"
INC-11286,Jaipur,Credit Card Cloning,60812,16:18,12-24 Hours,C-Scheme,"Axis Bank ATM, Statue Circle, C-Scheme"
INC-11287,Jaipur,KYC Fraud,10490,13:02,1-2 Hours,Malviya Nagar,"Union Bank ATM, Calgiri Road, Malviya Nagar"
INC-11288,Tonk,Job Fraud,37599,13:21,12-24 Hours,Jagatpura,"PNB ATM, NRI Colony, Jagatpura"
INC-11289,Sikar,Sextortion,95590,01:29,12-24 Hours,Sitapura Industrial,"PNB ATM, India Gate, Sitapura Industrial"
INC-11290,Jaipur,Loan App Fraud,36572,15:36,12-24 Hours,Vaishali Nagar,"Bank of Baroda ATM, Queens Road, Vaishali Nagar"
INC-11291,Jodhpur,Job Fraud,20199,14:26,1-2 Hours,Jagatpura,"SBI ATM, NRI Colony, Jagatpura"
INC-11292,Udaipur,KYC Fraud,57315,11:28,12-24 Hours,Bani Park,"ICICI ATM, Collectorate Circle, Bani Park"
INC-11293,Bikaner,Sextortion,64104,23:38,12-24 Hours,Sitapura Industrial,"PNB ATM, EPI Zone, Sitapura Industrial"
INC-11294,Jaipur,Credit Card Cloning,79301,20:27,12-24 Hours,Pratap Nagar,"HDFC ATM, Sector 16 Market, Pratap Nagar"
INC-11295,Kota,Loan App Fraud,29348,10:08,1-2 Hours,Vidyadhar Nagar,"Axis Bank ATM, Sector 2, Vidyadhar Nagar"
INC-11296,Alwar,Investment Scam,58812,10:25,12-24 Hours,C-Scheme,"Bank of Baroda ATM, Subhash Marg, C-Scheme"
INC-11297,Jaipur,UPI Scam,9075,18:27,1-2 Hours,Mansarovar,"Axis Bank ATM, VT Road Chauraha, Mansarovar"
INC-11298,Jaipur,OLX Scam,19553,18:30,1-2 Hours,Vaishali Nagar,"Bank of Baroda ATM, Amrapali Circle, Vaishali Nagar"
INC-11299,Ajmer,KYC Fraud,15371,14:24,1-2 Hours,Bani Park,"Axis Bank ATM, Collectorate Circle, Bani Park"
INC-11300,Jaipur,Investment Scam,81145,15:25,12-24 Hours,C-Scheme,"Kotak Mahindra ATM, MI Road Junction, C-Scheme"
INC-11301,Ajmer,KYC Fraud,38155,20:23,12-24 Hours,Malviya Nagar,"ICICI ATM, Calgiri Road, Malviya Nagar"
INC-11302,Jodhpur,Sextortion,7402,00:31,1-2 Hours,Sitapura Industrial,"Axis Bank ATM, India Gate, Sitapura Industrial"
INC-11303,Jaipur,OLX Scam,12638,13:24,1-2 Hours,Vaishali Nagar,"PNB ATM, Queens Road, Vaishali Nagar"
INC-11304,Sikar,Sextortion,36606,04:51,12-24 Hours,Sitapura Industrial,"HDFC ATM, Tonk Road Junction, Sitapura Industrial"
INC-11305,Jaipur,Credit Card Cloning,48345,19:29,12-24 Hours,Mansarovar,"Kotak Mahindra ATM, Rajat Path, Mansarovar"
INC-11306,Jaipur,Credit Card Cloning,148493,12:51,12-24 Hours,Pratap Nagar,"HDFC ATM, Tonk Road, Pratap Nagar"
INC-11307,Bikaner,Sextortion,45535,23:50,12-24 Hours,Sitapura Industrial,"Bank of Baroda ATM, RIICO Phase 1, Sitapura Industrial"
INC-11308,Jaipur,KYC Fraud,44293,18:32,12-24 Hours,Vidyadhar Nagar,"PNB ATM, Sector 2, Vidyadhar Nagar"
INC-11309,Bikaner,Investment Scam,134264,10:23,12-24 Hours,C-Scheme,"Union Bank ATM, Subhash Marg, C-Scheme"
INC-11310,Jaipur,Job Fraud,59722,12:17,12-24 Hours,Jagatpura,"SBI ATM, 7 Number Stand, Jagatpura"
INC-11311,Jaipur,KYC Fraud,5697,12:34,1-2 Hours,Malviya Nagar,"Bank of Baroda ATM, Gaurav Tower (GT) Road, Malviya Nagar"
INC-11312,Kota,OLX Scam,5048,10:22,1-2 Hours,Vaishali Nagar,"Kotak Mahindra ATM, Queens Road, Vaishali Nagar"
INC-11313,Tonk,Credit Card Cloning,70630,20:04,12-24 Hours,Pratap Nagar,"Union Bank ATM, Haldi Ghati Marg, Pratap Nagar"
INC-11314,Jaipur,UPI Scam,25528,16:59,1-2 Hours,Mansarovar,"HDFC ATM, Patrakar Colony, Mansarovar"
INC-11315,Alwar,OLX Scam,11811,11:07,1-2 Hours,Vaishali Nagar,"HDFC ATM, Nursery Circle, Vaishali Nagar"
INC-11316,Bikaner,Job Fraud,187409,14:36,12-24 Hours,Bani Park,"SBI ATM, Kabir Marg, Bani Park"
INC-11317,Udaipur,Investment Scam,131542,15:25,12-24 Hours,C-Scheme,"SBI ATM, MI Road Junction, C-Scheme"
INC-11318,Pali,Credit Card Cloning,75008,11:38,12-24 Hours,Bani Park,"PNB ATM, Peetal Factory, Bani Park"
INC-11319,Bikaner,Credit Card Cloning,47532,19:40,12-24 Hours,Bani Park,"Union Bank ATM, Peetal Factory, Bani Park"
INC-11320,Ajmer,Job Fraud,72089,13:29,12-24 Hours,Bani Park,"Union Bank ATM, Sindhi Camp Bus Stand Road, Bani Park"
INC-11321,Bhilwara,Sextortion,59783,21:35,12-24 Hours,Sitapura Industrial,"HDFC ATM, Tonk Road Junction, Sitapura Industrial"
INC-11322,Tonk,UPI Scam,32313,14:29,12-24 Hours,Mansarovar,"Union Bank ATM, Rajat Path, Mansarovar"
INC-11323,Jaipur,Job Fraud,38734,12:35,12-24 Hours,Jagatpura,"SBI ATM, SKIT College Road, Jagatpura"
INC-11324,Kota,Loan App Fraud,27862,15:25,1-2 Hours,Vidyadhar Nagar,"HDFC ATM, Central Spine, Vidyadhar Nagar"
INC-11325,Jaipur,Loan App Fraud,40203,12:26,12-24 Hours,Mansarovar,"Kotak Mahindra ATM, Kaveri Path, Mansarovar"
INC-11326,Jodhpur,OLX Scam,28511,12:14,1-2 Hours,Bani Park,"Bank of Baroda ATM, Peetal Factory, Bani Park"
INC-11327,Bhilwara,Sextortion,53419,02:18,12-24 Hours,Sitapura Industrial,"ICICI ATM, Tonk Road Junction, Sitapura Industrial"
INC-11328,Jaipur,Investment Scam,190693,14:26,12-24 Hours,C-Scheme,"Kotak Mahindra ATM, Subhash Marg, C-Scheme"
INC-11329,Jaipur,UPI Scam,11420,15:20,1-2 Hours,Mansarovar,"Kotak Mahindra ATM, Madhyam Marg, Mansarovar"
INC-11330,Alwar,UPI Scam,26247,16:54,1-2 Hours,Vidyadhar Nagar,"Kotak Mahindra ATM, Sector 2, Vidyadhar Nagar"
INC-11331,Pali,Sextortion,80583,22:08,12-24 Hours,Sitapura Industrial,"Axis Bank ATM, EPI Zone, Sitapura Industrial"
INC-11332,Jaipur,Loan App Fraud,18725,14:29,1-2 Hours,Mansarovar,"Axis Bank ATM, VT Road Chauraha, Mansarovar"
INC-11333,Udaipur,UPI Scam,25292,12:00,1-2 Hours,Vaishali Nagar,"Union Bank ATM, Amrapali Circle, Vaishali Nagar"
INC-11334,Kota,Credit Card Cloning,96731,17:07,12-24 Hours,Pratap Nagar,"PNB ATM, Tonk Road, Pratap Nagar"
INC-11335,Sikar,Job Fraud,181651,14:51,12-24 Hours,Bani Park,"SBI ATM, Kabir Marg, Bani Park"
INC-11336,Jodhpur,Investment Scam,192044,12:50,12-24 Hours,Bani Park,"Union Bank ATM, Peetal Factory, Bani Park"
INC-11337,Jaipur,UPI Scam,12635,17:26,1-2 Hours,Mansarovar,"ICICI ATM, Patrakar Colony, Mansarovar"
INC-11338,Alwar,UPI Scam,12015,14:57,1-2 Hours,Mansarovar,"HDFC ATM, Kissan Dharam Kanta, Mansarovar"
INC-11339,Sikar,Investment Scam,189329,12:36,12-24 Hours,C-Scheme,"Union Bank ATM, Ashok Marg, C-Scheme"
INC-11340,Jaipur,UPI Scam,8853,14:18,1-2 Hours,Mansarovar,"Bank of Baroda ATM, Rajat Path, Mansarovar"
INC-11341,Jaipur,Credit Card Cloning,126529,19:38,12-24 Hours,Pratap Nagar,"ICICI ATM, Kumbha Marg, Pratap Nagar"
INC-11342,Jaipur,KYC Fraud,36107,09:23,12-24 Hours,Malviya Nagar,"SBI ATM, Apex Circle, Malviya Nagar"
INC-11343,Sikar,Investment Scam,286012,12:37,12-24 Hours,C-Scheme,"Bank of Baroda ATM, Statue Circle, C-Scheme"
INC-11344,Bhilwara,KYC Fraud,22395,18:30,1-2 Hours,Bani Park,"Union Bank ATM, Sindhi Camp Bus Stand Road, Bani Park"
INC-11345,Pali,UPI Scam,47296,13:49,12-24 Hours,Mansarovar,"PNB ATM, Kaveri Path, Mansarovar"
INC-11346,Sikar,UPI Scam,10574,14:54,1-2 Hours,Mansarovar,"SBI ATM, Rajat Path, Mansarovar"
INC-11347,Bikaner,Investment Scam,228348,15:32,12-24 Hours,C-Scheme,"HDFC ATM, Ashok Marg, C-Scheme"
INC-11348,Jaipur,Job Fraud,79519,15:36,12-24 Hours,Jagatpura,"SBI ATM, Ramnagariya, Jagatpura"
INC-11349,Ajmer,OLX Scam,23604,11:11,1-2 Hours,Bani Park,"Axis Bank ATM, Peetal Factory, Bani Park"
INC-11350,Jaipur,Job Fraud,81770,10:33,12-24 Hours,C-Scheme,"HDFC ATM, Statue Circle, C-Scheme"
INC-11351,Jaipur,OLX Scam,8337,17:50,1-2 Hours,Vaishali Nagar,"SBI ATM, Queens Road, Vaishali Nagar"
INC-11352,Alwar,UPI Scam,8155,10:31,1-2 Hours,Mansarovar,"Axis Bank ATM, Kaveri Path, Mansarovar"
INC-11353,Jaipur,UPI Scam,18350,19:51,1-2 Hours,Mansarovar,"Axis Bank ATM, Kaveri Path, Mansarovar"
INC-11354,Alwar,Investment Scam,280221,11:32,12-24 Hours,C-Scheme,"ICICI ATM, Ashok Marg, C-Scheme"
INC-11355,Udaipur,OLX Scam,18312,12:07,1-2 Hours,Vaishali Nagar,"PNB ATM, Nursery Circle, Vaishali Nagar"
INC-11356,Tonk,Loan App Fraud,34667,13:04,12-24 Hours,Vidyadhar Nagar,"ICICI ATM, Sector 2, Vidyadhar Nagar"
INC-11357,Kota,Credit Card Cloning,47030,16:48,12-24 Hours,Vidyadhar Nagar,"Axis Bank ATM, Central Spine, Vidyadhar Nagar"
INC-11358,Jaipur,OLX Scam,9651,17:43,1-2 Hours,Vaishali Nagar,"Axis Bank ATM, Hanuman Nagar, Vaishali Nagar"
INC-11359,Jaipur,UPI Scam,33343,17:33,12-24 Hours,Mansarovar,"ICICI ATM, Patrakar Colony, Mansarovar"
INC-11360,Tonk,Credit Card Cloning,178744,15:09,12-24 Hours,Pratap Nagar,"PNB ATM, Sector 11, Pratap Nagar"
INC-11361,Jaipur,Investment Scam,207227,12:48,12-24 Hours,C-Scheme,"Kotak Mahindra ATM, Ahinsa Circle, C-Scheme"
INC-11362,Pali,UPI Scam,17592,15:52,1-2 Hours,Mansarovar,"PNB ATM, Madhyam Marg, Mansarovar"
INC-11363,Sikar,OLX Scam,20617,12:35,1-2 Hours,Vaishali Nagar,"Kotak Mahindra ATM, Queens Road, Vaishali Nagar"
INC-11364,Ajmer,UPI Scam,11133,14:20,1-2 Hours,Mansarovar,"Axis Bank ATM, VT Road Chauraha, Mansarovar"
INC-11365,Sikar,Loan App Fraud,41769,19:15,12-24 Hours,Vidyadhar Nagar,"Kotak Mahindra ATM, Alka Cinema Road, Vidyadhar Nagar"
INC-11366,Jaipur,Job Fraud,60360,10:59,12-24 Hours,Bani Park,"Bank of Baroda ATM, Peetal Factory, Bani Park"
INC-11367,Jaipur,Sextortion,104467,21:37,12-24 Hours,Sitapura Industrial,"ICICI ATM, India Gate, Sitapura Industrial"
INC-11368,Jaipur,UPI Scam,7285,12:33,1-2 Hours,Mansarovar,"PNB ATM, Kaveri Path, Mansarovar"
INC-11369,Bikaner,Credit Card Cloning,55131,20:47,12-24 Hours,Bani Park,"Bank of Baroda ATM, Peetal Factory, Bani Park"
INC-11370,Bhilwara,UPI Scam,19784,14:38,1-2 Hours,Mansarovar,"PNB ATM, Patrakar Colony, Mansarovar"
INC-11371,Kota,UPI Scam,8237,13:03,1-2 Hours,Mansarovar,"SBI ATM, Kaveri Path, Mansarovar"
INC-11372,Pali,Sextortion,12664,23:31,1-2 Hours,Sitapura Industrial,"Bank of Baroda ATM, Mahatma Gandhi Hospital Road, Sitapura Industrial"
INC-11373,Jaipur,KYC Fraud,9235,10:10,1-2 Hours,Mansarovar,"HDFC ATM, Kaveri Path, Mansarovar"
INC-11374,Bikaner,Investment Scam,69563,17:52,12-24 Hours,Bani Park,"HDFC ATM, Peetal Factory, Bani Park"
INC-11375,Jaipur,Sextortion,104408,01:33,12-24 Hours,Sitapura Industrial,"Bank of Baroda ATM, Tonk Road Junction, Sitapura Industrial"
INC-11376,Kota,Investment Scam,249055,16:00,12-24 Hours,C-Scheme,"Kotak Mahindra ATM, Ahinsa Circle, C-Scheme"
INC-11377,Jaipur,KYC Fraud,17302,12:49,1-2 Hours,Malviya Nagar,"Union Bank ATM, Calgiri Road, Malviya Nagar"
INC-11378,Bikaner,Loan App Fraud,70179,16:19,12-24 Hours,Bani Park,"ICICI ATM, Sindhi Camp Bus Stand Road, Bani Park"
INC-11379,Jaipur,UPI Scam,25201,18:55,1-2 Hours,Mansarovar,"HDFC ATM, Patrakar Colony, Mansarovar"
INC-11380,Jaipur,OLX Scam,7610,12:01,1-2 Hours,Vaishali Nagar,"Axis Bank ATM, Queens Road, Vaishali Nagar"
INC-11381,Jaipur,Loan App Fraud,31679,17:03,12-24 Hours,Vaishali Nagar,"Axis Bank ATM, Nursery Circle, Vaishali Nagar"
INC-11382,Jodhpur,KYC Fraud,15090,13:10,1-2 Hours,Bani Park,"ICICI ATM, Collectorate Circle, Bani Park"
INC-11383,Kota,UPI Scam,20578,15:05,1-2 Hours,Mansarovar,"Axis Bank ATM, VT Road Chauraha, Mansarovar"
INC-11384,Bikaner,KYC Fraud,17151,10:22,1-2 Hours,Pratap Nagar,"Kotak Mahindra ATM, Haldi Ghati Marg, Pratap Nagar"
INC-11385,Jodhpur,OLX Scam,4569,20:56,1-2 Hours,Bani Park,"HDFC ATM, Peetal Factory, Bani Park"
INC-11386,Udaipur,Loan App Fraud,22272,15:36,1-2 Hours,Bani Park,"Axis Bank ATM, Sindhi Camp Bus Stand Road, Bani Park"
INC-11387,Jaipur,Sextortion,27545,23:23,1-2 Hours,Sitapura Industrial,"Axis Bank ATM, EPI Zone, Sitapura Industrial"
INC-11388,Alwar,Investment Scam,128914,11:56,12-24 Hours,C-Scheme,"ICICI ATM, Ashok Marg, C-Scheme"
INC-11389,Pali,Investment Scam,48973,11:20,12-24 Hours,C-Scheme,"PNB ATM, MI Road Junction, C-Scheme"
INC-11390,Jaipur,UPI Scam,4792,14:34,1-2 Hours,Mansarovar,"Kotak Mahindra ATM, Madhyam Marg, Mansarovar"
INC-11391,Jodhpur,Job Fraud,78289,11:04,12-24 Hours,C-Scheme,"HDFC ATM, Subhash Marg, C-Scheme"
INC-11392,Jaipur,Sextortion,132989,02:30,12-24 Hours,Sitapura Industrial,"SBI ATM, EPI Zone, Sitapura Industrial"
INC-11393,Udaipur,Loan App Fraud,14780,16:31,1-2 Hours,Vidyadhar Nagar,"HDFC ATM, Alka Cinema Road, Vidyadhar Nagar"
INC-11394,Kota,Investment Scam,94135,11:47,12-24 Hours,C-Scheme,"Axis Bank ATM, Ahinsa Circle, C-Scheme"
INC-11395,Jaipur,KYC Fraud,55509,10:45,12-24 Hours,Malviya Nagar,"PNB ATM, Apex Circle, Malviya Nagar"
INC-11396,Tonk,Credit Card Cloning,117206,20:42,12-24 Hours,Pratap Nagar,"Kotak Mahindra ATM, Sector 11, Pratap Nagar"
INC-11397,Jaipur,Investment Scam,213269,15:00,12-24 Hours,C-Scheme,"Axis Bank ATM, Statue Circle, C-Scheme"
INC-11398,Jaipur,UPI Scam,35014,11:12,12-24 Hours,Mansarovar,"Union Bank ATM, Patrakar Colony, Mansarovar"
INC-11399,Alwar,Investment Scam,154024,13:47,12-24 Hours,C-Scheme,"Union Bank ATM, Ahinsa Circle, C-Scheme"
INC-11400,Jaipur,Investment Scam,238063,12:29,12-24 Hours,C-Scheme,"Union Bank ATM, MI Road Junction, C-Scheme"
INC-11401,Alwar,Credit Card Cloning,86059,12:14,12-24 Hours,Pratap Nagar,"ICICI ATM, Haldi Ghati Marg, Pratap Nagar"
INC-11402,Tonk,Investment Scam,78033,14:35,12-24 Hours,C-Scheme,"Union Bank ATM, Subhash Marg, C-Scheme"
INC-11403,Tonk,UPI Scam,39883,14:53,12-24 Hours,Mansarovar,"Axis Bank ATM, VT Road Chauraha, Mansarovar"
INC-11404,Sikar,Investment Scam,94585,15:23,12-24 Hours,C-Scheme,"SBI ATM, MI Road Junction, C-Scheme"
INC-11405,Ajmer,Credit Card Cloning,285977,14:34,12-24 Hours,Pratap Nagar,"Axis Bank ATM, Kumbha Marg, Pratap Nagar"
INC-11406,Tonk,Job Fraud,133508,12:57,12-24 Hours,Jagatpura,"PNB ATM, Ramnagariya, Jagatpura"
INC-11407,Ajmer,KYC Fraud,27308,12:45,1-2 Hours,Bani Park,"HDFC ATM, Kabir Marg, Bani Park"
INC-11408,Ajmer,KYC Fraud,59798,15:09,12-24 Hours,Bani Park,"Kotak Mahindra ATM, Sindhi Camp Bus Stand Road, Bani Park"
INC-11409,Udaipur,UPI Scam,50787,21:25,12-24 Hours,Vidyadhar Nagar,"ICICI ATM, Alka Cinema Road, Vidyadhar Nagar"
INC-11410,Ajmer,OLX Scam,10651,12:46,1-2 Hours,Bani Park,"Kotak Mahindra ATM, Collectorate Circle, Bani Park"
INC-11411,Kota,Loan App Fraud,15946,14:33,1-2 Hours,Vidyadhar Nagar,"SBI ATM, Central Spine, Vidyadhar Nagar"
INC-11412,Jaipur,UPI Scam,26385,14:47,1-2 Hours,Mansarovar,"HDFC ATM, Kaveri Path, Mansarovar"
INC-11413,Alwar,UPI Scam,40912,16:53,12-24 Hours,Mansarovar,"SBI ATM, Kissan Dharam Kanta, Mansarovar"
INC-11414,Pali,UPI Scam,19716,15:14,1-2 Hours,Mansarovar,"Union Bank ATM, Patrakar Colony, Mansarovar"
INC-11415,Ajmer,UPI Scam,31434,20:26,12-24 Hours,Bani Park,"Union Bank ATM, Peetal Factory, Bani Park"
INC-11416,Jaipur,UPI Scam,33546,18:42,12-24 Hours,Mansarovar,"Bank of Baroda ATM, Kissan Dharam Kanta, Mansarovar"
INC-11417,Bikaner,Loan App Fraud,12289,11:37,1-2 Hours,Bani Park,"Union Bank ATM, Sindhi Camp Bus Stand Road, Bani Park"
INC-11418,Jodhpur,OLX Scam,38109,17:02,12-24 Hours,Bani Park,"Kotak Mahindra ATM, Peetal Factory, Bani Park"
INC-11419,Alwar,Job Fraud,119752,17:37,12-24 Hours,Bani Park,"Axis Bank ATM, Kabir Marg, Bani Park"
INC-11420,Sikar,Loan App Fraud,30601,14:36,12-24 Hours,Vidyadhar Nagar,"Union Bank ATM, Alka Cinema Road, Vidyadhar Nagar"
INC-11421,Bhilwara,UPI Scam,17231,17:36,1-2 Hours,Mansarovar,"SBI ATM, VT Road Chauraha, Mansarovar"
INC-11422,Jaipur,Credit Card Cloning,83888,16:52,12-24 Hours,Sitapura Industrial,"PNB ATM, EPI Zone, Sitapura Industrial"
INC-11423,Sikar,KYC Fraud,66490,12:13,12-24 Hours,Jhotwara,"PNB ATM, Panchawala, Jhotwara"
INC-11424,Ajmer,Investment Scam,166860,15:54,12-24 Hours,Bani Park,"ICICI ATM, Peetal Factory, Bani Park"
INC-11425,Jaipur,KYC Fraud,30511,17:58,12-24 Hours,Bani Park,"PNB ATM, Collectorate Circle, Bani Park"
INC-11426,Sikar,Credit Card Cloning,81321,14:21,12-24 Hours,Pratap Nagar,"Union Bank ATM, Sector 11, Pratap Nagar"
INC-11427,Bikaner,Loan App Fraud,54803,19:48,12-24 Hours,Bani Park,"PNB ATM, Kabir Marg, Bani Park"
INC-11428,Ajmer,UPI Scam,25932,10:09,1-2 Hours,Mansarovar,"Kotak Mahindra ATM, Patrakar Colony, Mansarovar"
INC-11429,Sikar,Job Fraud,62810,17:36,12-24 Hours,C-Scheme,"PNB ATM, MI Road Junction, C-Scheme"
INC-11430,Tonk,KYC Fraud,15879,17:31,1-2 Hours,Jhotwara,"PNB ATM, Kalwar Road, Jhotwara"
INC-11431,Jaipur,Credit Card Cloning,66849,17:01,12-24 Hours,Pratap Nagar,"PNB ATM, Kumbha Marg, Pratap Nagar"
INC-11432,Bhilwara,Sextortion,51196,23:40,12-24 Hours,Vidyadhar Nagar,"ICICI ATM, Alka Cinema Road, Vidyadhar Nagar"
INC-11433,Ajmer,Loan App Fraud,28548,13:23,1-2 Hours,Vidyadhar Nagar,"PNB ATM, Alka Cinema Road, Vidyadhar Nagar"
INC-11434,Jodhpur,Loan App Fraud,20157,15:50,1-2 Hours,Vaishali Nagar,"Bank of Baroda ATM, Gandhi Path, Vaishali Nagar"
INC-11435,Ajmer,UPI Scam,52400,17:51,12-24 Hours,C-Scheme,"Bank of Baroda ATM, Ahinsa Circle, C-Scheme"
INC-11436,Bikaner,OLX Scam,10604,16:17,1-2 Hours,Bani Park,"Axis Bank ATM, Peetal Factory, Bani Park"
INC-11437,Ajmer,UPI Scam,25947,14:35,1-2 Hours,Mansarovar,"ICICI ATM, Madhyam Marg, Mansarovar"
INC-11438,Jodhpur,Credit Card Cloning,214856,19:16,12-24 Hours,Pratap Nagar,"PNB ATM, Tonk Road, Pratap Nagar"
INC-11439,Tonk,Investment Scam,179859,13:42,12-24 Hours,C-Scheme,"Kotak Mahindra ATM, Statue Circle, C-Scheme"
INC-11440,Udaipur,Job Fraud,99251,12:49,12-24 Hours,Bani Park,"Kotak Mahindra ATM, Sindhi Camp Bus Stand Road, Bani Park"
INC-11441,Ajmer,Credit Card Cloning,81565,04:39,12-24 Hours,Pratap Nagar,"HDFC ATM, Haldi Ghati Marg, Pratap Nagar"
INC-11442,Jaipur,KYC Fraud,13299,11:01,1-2 Hours,Jagatpura,"ICICI ATM, NRI Colony, Jagatpura"
INC-11443,Alwar,Sextortion,25813,21:24,1-2 Hours,Vidyadhar Nagar,"Kotak Mahindra ATM, Alka Cinema Road, Vidyadhar Nagar"
INC-11444,Sikar,UPI Scam,15304,10:05,1-2 Hours,Mansarovar,"PNB ATM, Kissan Dharam Kanta, Mansarovar"
INC-11445,Jaipur,KYC Fraud,15954,21:16,1-2 Hours,Jhotwara,"HDFC ATM, Lata Circle, Jhotwara"
INC-11446,Jaipur,Job Fraud,176309,10:20,12-24 Hours,C-Scheme,"SBI ATM, Ahinsa Circle, C-Scheme"
INC-11447,Jodhpur,UPI Scam,43013,14:11,12-24 Hours,Bani Park,"Axis Bank ATM, Peetal Factory, Bani Park"
INC-11448,Ajmer,Loan App Fraud,13115,16:45,1-2 Hours,Jhotwara,"ICICI ATM, Triton Mall Road, Jhotwara"
INC-11449,Bhilwara,Investment Scam,142423,15:59,12-24 Hours,C-Scheme,"HDFC ATM, Ashok Marg, C-Scheme"
INC-11450,Jaipur,KYC Fraud,14068,14:58,1-2 Hours,Jhotwara,"ICICI ATM, Lata Circle, Jhotwara"
INC-11451,Jaipur,Sextortion,72914,02:15,12-24 Hours,Sitapura Industrial,"HDFC ATM, EPI Zone, Sitapura Industrial"
INC-11452,Jodhpur,OLX Scam,24447,11:06,1-2 Hours,Vaishali Nagar,"Union Bank ATM, Hanuman Nagar, Vaishali Nagar"
INC-11453,Bhilwara,UPI Scam,27595,19:41,1-2 Hours,Mansarovar,"Kotak Mahindra ATM, Kaveri Path, Mansarovar"
INC-11454,Jaipur,KYC Fraud,25886,11:05,1-2 Hours,Bani Park,"Kotak Mahindra ATM, Peetal Factory, Bani Park"
INC-11455,Udaipur,Sextortion,41346,23:33,12-24 Hours,Sitapura Industrial,"PNB ATM, RIICO Phase 1, Sitapura Industrial"
INC-11456,Bikaner,UPI Scam,7324,18:47,1-2 Hours,Vaishali Nagar,"ICICI ATM, Queens Road, Vaishali Nagar"
INC-11457,Jaipur,UPI Scam,49946,13:32,12-24 Hours,Mansarovar,"Kotak Mahindra ATM, Rajat Path, Mansarovar"
INC-11458,Ajmer,UPI Scam,16251,16:45,1-2 Hours,Vaishali Nagar,"ICICI ATM, Gandhi Path, Vaishali Nagar"
INC-11459,Jaipur,Credit Card Cloning,112573,18:00,12-24 Hours,Sitapura Industrial,"HDFC ATM, EPI Zone, Sitapura Industrial"
INC-11460,Pali,Credit Card Cloning,223195,14:09,12-24 Hours,Pratap Nagar,"Kotak Mahindra ATM, Haldi Ghati Marg, Pratap Nagar"
INC-11461,Jaipur,OLX Scam,19035,18:56,1-2 Hours,Vaishali Nagar,"PNB ATM, Gandhi Path, Vaishali Nagar"
INC-11462,Alwar,Loan App Fraud,29848,09:16,1-2 Hours,Vidyadhar Nagar,"Axis Bank ATM, Alka Cinema Road, Vidyadhar Nagar"
INC-11463,Alwar,Job Fraud,62663,14:40,12-24 Hours,Bani Park,"Axis Bank ATM, Collectorate Circle, Bani Park"
INC-11464,Jaipur,UPI Scam,34797,10:45,12-24 Hours,Mansarovar,"PNB ATM, Rajat Path, Mansarovar"
INC-11465,Pali,KYC Fraud,30405,12:52,12-24 Hours,Bani Park,"HDFC ATM, Peetal Factory, Bani Park"
INC-11466,Bhilwara,OLX Scam,5107,18:30,1-2 Hours,Vaishali Nagar,"SBI ATM, Nursery Circle, Vaishali Nagar"
INC-11467,Jaipur,OLX Scam,25123,11:39,1-2 Hours,Vaishali Nagar,"Axis Bank ATM, Nursery Circle, Vaishali Nagar"
INC-11468,Jodhpur,Investment Scam,132304,15:46,12-24 Hours,Bani Park,"Axis Bank ATM, Sindhi Camp Bus Stand Road, Bani Park"
INC-11469,Jaipur,Job Fraud,159950,12:12,12-24 Hours,Jagatpura,"Bank of Baroda ATM, Ramnagariya, Jagatpura"
INC-11470,Pali,UPI Scam,16573,20:42,1-2 Hours,Mansarovar,"Axis Bank ATM, Patrakar Colony, Mansarovar"
INC-11471,Sikar,UPI Scam,18746,18:35,1-2 Hours,Mansarovar,"ICICI ATM, VT Road Chauraha, Mansarovar"
INC-11472,Tonk,UPI Scam,29033,13:59,1-2 Hours,Mansarovar,"ICICI ATM, Rajat Path, Mansarovar"
INC-11473,Jaipur,UPI Scam,42692,16:07,12-24 Hours,Mansarovar,"Kotak Mahindra ATM, Kaveri Path, Mansarovar"
INC-11474,Bhilwara,Investment Scam,51392,13:41,12-24 Hours,C-Scheme,"Union Bank ATM, MI Road Junction, C-Scheme"
INC-11475,Jodhpur,Credit Card Cloning,93406,15:58,12-24 Hours,Bani Park,"Union Bank ATM, Peetal Factory, Bani Park"
INC-11476,Pali,Sextortion,104200,22:56,12-24 Hours,Sitapura Industrial,"Kotak Mahindra ATM, EPI Zone, Sitapura Industrial"
INC-11477,Jaipur,Investment Scam,130765,12:08,12-24 Hours,C-Scheme,"Axis Bank ATM, Subhash Marg, C-Scheme"
INC-11478,Bhilwara,KYC Fraud,62443,13:29,12-24 Hours,Jhotwara,"Union Bank ATM, Triton Mall Road, Jhotwara"
INC-11479,Jodhpur,KYC Fraud,23535,16:55,1-2 Hours,Bani Park,"Axis Bank ATM, Sindhi Camp Bus Stand Road, Bani Park"
INC-11480,Sikar,Investment Scam,120880,13:13,12-24 Hours,C-Scheme,"Bank of Baroda ATM, Ashok Marg, C-Scheme"
INC-11481,Jodhpur,Sextortion,60810,23:12,12-24 Hours,Sitapura Industrial,"Kotak Mahindra ATM, RIICO Phase 1, Sitapura Industrial"
INC-11482,Jaipur,Job Fraud,37705,12:44,12-24 Hours,Jagatpura,"Union Bank ATM, Mahal Road, Jagatpura"
INC-11483,Jaipur,Job Fraud,39296,18:50,12-24 Hours,Jagatpura,"Kotak Mahindra ATM, 7 Number Stand, Jagatpura"
INC-11484,Bikaner,UPI Scam,14401,12:39,1-2 Hours,Mansarovar,"Union Bank ATM, Patrakar Colony, Mansarovar"
INC-11485,Pali,Job Fraud,109126,16:00,12-24 Hours,Bani Park,"HDFC ATM, Collectorate Circle, Bani Park"
INC-11486,Pali,Investment Scam,116344,10:19,12-24 Hours,Bani Park,"ICICI ATM, Sindhi Camp Bus Stand Road, Bani Park"
INC-11487,Bhilwara,KYC Fraud,58060,15:19,12-24 Hours,Bani Park,"ICICI ATM, Kabir Marg, Bani Park"
INC-11488,Jaipur,Job Fraud,144372,11:35,12-24 Hours,C-Scheme,"Kotak Mahindra ATM, Statue Circle, C-Scheme"
INC-11489,Ajmer,Sextortion,132955,01:06,12-24 Hours,Sitapura Industrial,"ICICI ATM, Tonk Road Junction, Sitapura Industrial"
INC-11490,Kota,UPI Scam,16605,13:36,1-2 Hours,C-Scheme,"Union Bank ATM, MI Road Junction, C-Scheme"
INC-11491,Jaipur,Loan App Fraud,84270,19:04,12-24 Hours,Vidyadhar Nagar,"HDFC ATM, National Highway 52 Bypass, Vidyadhar Nagar"
INC-11492,Jaipur,Job Fraud,99671,17:18,12-24 Hours,C-Scheme,"Axis Bank ATM, Ashok Marg, C-Scheme"
INC-11493,Sikar,Loan App Fraud,12288,15:23,1-2 Hours,Vidyadhar Nagar,"Kotak Mahindra ATM, Sector 2, Vidyadhar Nagar"
INC-11494,Bhilwara,UPI Scam,13208,14:41,1-2 Hours,Mansarovar,"ICICI ATM, Madhyam Marg, Mansarovar"
INC-11495,Jaipur,OLX Scam,12968,13:21,1-2 Hours,Vaishali Nagar,"Union Bank ATM, Amrapali Circle, Vaishali Nagar"
INC-11496,Ajmer,UPI Scam,51866,15:24,12-24 Hours,Pratap Nagar,"Axis Bank ATM, Sector 16 Market, Pratap Nagar"
INC-11497,Jodhpur,Credit Card Cloning,74638,16:45,12-24 Hours,Bani Park,"Kotak Mahindra ATM, Peetal Factory, Bani Park"
INC-11498,Jaipur,Loan App Fraud,51629,15:51,12-24 Hours,C-Scheme,"Union Bank ATM, Ahinsa Circle, C-Scheme"
INC-11499,Alwar,KYC Fraud,28957,10:04,1-2 Hours,Bani Park,"HDFC ATM, Sindhi Camp Bus Stand Road, Bani Park"
INC-11500,Jaipur,UPI Scam,23913,12:51,1-2 Hours,Mansarovar,"SBI ATM, Rajat Path, Mansarovar"
INC-11501,Jaipur,Loan App Fraud,11469,15:39,1-2 Hours,Vidyadhar Nagar,"Bank of Baroda ATM, Central Spine, Vidyadhar Nagar"
INC-11502,Jaipur,Credit Card Cloning,63963,13:50,12-24 Hours,C-Scheme,"SBI ATM, Subhash Marg, C-Scheme"
INC-11503,Sikar,OLX Scam,20628,13:38,1-2 Hours,Vaishali Nagar,"Axis Bank ATM, Nursery Circle, Vaishali Nagar"
INC-11504,Sikar,Sextortion,81657,00:11,12-24 Hours,Sitapura Industrial,"SBI ATM, RIICO Phase 1, Sitapura Industrial"
INC-11505,Tonk,OLX Scam,27290,15:11,1-2 Hours,Vaishali Nagar,"HDFC ATM, Gandhi Path, Vaishali Nagar"
INC-11506,Bhilwara,Investment Scam,99850,12:40,12-24 Hours,C-Scheme,"Kotak Mahindra ATM, MI Road Junction, C-Scheme"
INC-11507,Jaipur,KYC Fraud,49487,16:48,12-24 Hours,Malviya Nagar,"PNB ATM, Apex Circle, Malviya Nagar"
INC-11508,Jaipur,UPI Scam,20764,19:43,1-2 Hours,Mansarovar,"Kotak Mahindra ATM, Madhyam Marg, Mansarovar"
INC-11509,Kota,Credit Card Cloning,23190,13:36,1-2 Hours,Vidyadhar Nagar,"Bank of Baroda ATM, Central Spine, Vidyadhar Nagar"
INC-11510,Jaipur,Investment Scam,133626,15:34,12-24 Hours,C-Scheme,"Union Bank ATM, Ashok Marg, C-Scheme"
INC-11511,Tonk,UPI Scam,24565,09:59,1-2 Hours,Mansarovar,"Union Bank ATM, Patrakar Colony, Mansarovar"
INC-11512,Bikaner,Loan App Fraud,29495,17:01,1-2 Hours,Bani Park,"Kotak Mahindra ATM, Peetal Factory, Bani Park"
INC-11513,Bhilwara,Investment Scam,123437,16:09,12-24 Hours,C-Scheme,"Kotak Mahindra ATM, Statue Circle, C-Scheme"
INC-11514,Ajmer,UPI Scam,7505,13:25,1-2 Hours,Mansarovar,"SBI ATM, Kissan Dharam Kanta, Mansarovar"
INC-11515,Jaipur,Investment Scam,214164,12:27,12-24 Hours,C-Scheme,"Union Bank ATM, Subhash Marg, C-Scheme"
INC-11516,Tonk,UPI Scam,50305,10:38,12-24 Hours,Bani Park,"Bank of Baroda ATM, Peetal Factory, Bani Park"
INC-11517,Jaipur,OLX Scam,31332,17:40,12-24 Hours,Jhotwara,"ICICI ATM, Kanta Chauraha, Jhotwara"
INC-11518,Jaipur,Job Fraud,89922,14:23,12-24 Hours,Jagatpura,"Bank of Baroda ATM, NRI Colony, Jagatpura"
INC-11519,Ajmer,Sextortion,13012,22:40,1-2 Hours,Sitapura Industrial,"Axis Bank ATM, EPI Zone, Sitapura Industrial"
INC-11520,Pali,Loan App Fraud,57859,15:20,12-24 Hours,Vidyadhar Nagar,"Axis Bank ATM, Sector 2, Vidyadhar Nagar"
INC-11521,Kota,Job Fraud,147418,14:36,12-24 Hours,Jagatpura,"Axis Bank ATM, Ramnagariya, Jagatpura"
INC-11522,Udaipur,UPI Scam,21430,10:31,1-2 Hours,Mansarovar,"HDFC ATM, Kaveri Path, Mansarovar"
INC-11523,Udaipur,Loan App Fraud,79017,16:45,12-24 Hours,Bani Park,"Axis Bank ATM, Kabir Marg, Bani Park"
INC-11524,Jaipur,Investment Scam,60652,11:09,12-24 Hours,C-Scheme,"Union Bank ATM, MI Road Junction, C-Scheme"
INC-11525,Kota,Loan App Fraud,34483,13:18,12-24 Hours,Vidyadhar Nagar,"Axis Bank ATM, Central Spine, Vidyadhar Nagar"
INC-11526,Kota,Investment Scam,93881,15:19,12-24 Hours,C-Scheme,"Kotak Mahindra ATM, Ahinsa Circle, C-Scheme"
INC-11527,Jaipur,UPI Scam,4601,15:28,1-2 Hours,Mansarovar,"Union Bank ATM, VT Road Chauraha, Mansarovar"
INC-11528,Alwar,Job Fraud,87430,15:45,12-24 Hours,C-Scheme,"PNB ATM, Statue Circle, C-Scheme"
INC-11529,Alwar,OLX Scam,16584,12:30,1-2 Hours,Vaishali Nagar,"Bank of Baroda ATM, Hanuman Nagar, Vaishali Nagar"
INC-11530,Jodhpur,KYC Fraud,41497,14:20,12-24 Hours,Bani Park,"Kotak Mahindra ATM, Sindhi Camp Bus Stand Road, Bani Park"
INC-11531,Alwar,Investment Scam,165979,12:31,12-24 Hours,C-Scheme,"SBI ATM, Statue Circle, C-Scheme"
INC-11532,Jaipur,UPI Scam,9197,14:21,1-2 Hours,Mansarovar,"Bank of Baroda ATM, Patrakar Colony, Mansarovar"
INC-11533,Jaipur,KYC Fraud,9367,13:09,1-2 Hours,Mansarovar,"Kotak Mahindra ATM, Rajat Path, Mansarovar"
INC-11534,Ajmer,UPI Scam,10893,11:03,1-2 Hours,Mansarovar,"Axis Bank ATM, VT Road Chauraha, Mansarovar"
INC-11535,Alwar,Job Fraud,23926,16:09,1-2 Hours,Jagatpura,"Axis Bank ATM, NRI Colony, Jagatpura"
INC-11536,Tonk,UPI Scam,14500,13:01,1-2 Hours,Mansarovar,"PNB ATM, Kissan Dharam Kanta, Mansarovar"
INC-11537,Alwar,Credit Card Cloning,123032,04:22,12-24 Hours,Pratap Nagar,"Union Bank ATM, Haldi Ghati Marg, Pratap Nagar"
INC-11538,Sikar,Job Fraud,59591,17:18,12-24 Hours,C-Scheme,"SBI ATM, MI Road Junction, C-Scheme"
INC-11539,Jaipur,KYC Fraud,23045,18:57,1-2 Hours,Malviya Nagar,"Axis Bank ATM, Apex Circle, Malviya Nagar"
INC-11540,Jaipur,UPI Scam,13375,09:11,1-2 Hours,Mansarovar,"Kotak Mahindra ATM, VT Road Chauraha, Mansarovar"
INC-11541,Jaipur,KYC Fraud,11124,19:56,1-2 Hours,Malviya Nagar,"PNB ATM, Calgiri Road, Malviya Nagar"
INC-11542,Ajmer,OLX Scam,13335,15:32,1-2 Hours,Vaishali Nagar,"PNB ATM, Gandhi Path, Vaishali Nagar"
INC-11543,Jaipur,UPI Scam,37232,18:20,12-24 Hours,Mansarovar,"Kotak Mahindra ATM, Rajat Path, Mansarovar"
INC-11544,Udaipur,KYC Fraud,43868,19:39,12-24 Hours,Bani Park,"Axis Bank ATM, Collectorate Circle, Bani Park"
INC-11545,Jaipur,UPI Scam,4944,09:28,1-2 Hours,Mansarovar,"SBI ATM, Patrakar Colony, Mansarovar"
INC-11546,Jodhpur,Job Fraud,37992,10:04,12-24 Hours,Bani Park,"Kotak Mahindra ATM, Kabir Marg, Bani Park"
INC-11547,Jaipur,Credit Card Cloning,78875,00:58,12-24 Hours,Pratap Nagar,"Axis Bank ATM, Haldi Ghati Marg, Pratap Nagar"
INC-11548,Alwar,Loan App Fraud,58451,18:46,12-24 Hours,Vidyadhar Nagar,"HDFC ATM, Central Spine, Vidyadhar Nagar"
INC-11549,Jaipur,Investment Scam,154469,13:46,12-24 Hours,C-Scheme,"Union Bank ATM, Ahinsa Circle, C-Scheme"
INC-11550,Sikar,OLX Scam,11736,13:11,1-2 Hours,Vaishali Nagar,"Union Bank ATM, Nursery Circle, Vaishali Nagar"
INC-11551,Tonk,Job Fraud,22336,10:12,1-2 Hours,Jagatpura,"PNB ATM, Ramnagariya, Jagatpura"
INC-11552,Bikaner,UPI Scam,12940,18:02,1-2 Hours,Mansarovar,"SBI ATM, Rajat Path, Mansarovar"
INC-11553,Bhilwara,Investment Scam,131303,17:23,12-24 Hours,C-Scheme,"SBI ATM, Ashok Marg, C-Scheme"
INC-11554,Jaipur,KYC Fraud,49163,14:47,12-24 Hours,Malviya Nagar,"ICICI ATM, Apex Circle, Malviya Nagar"
INC-11555,Alwar,KYC Fraud,32814,13:43,12-24 Hours,Bani Park,"ICICI ATM, Peetal Factory, Bani Park"
INC-11556,Ajmer,KYC Fraud,25098,15:28,1-2 Hours,Bani Park,"Bank of Baroda ATM, Peetal Factory, Bani Park"
INC-11557,Kota,Investment Scam,87821,10:21,12-24 Hours,C-Scheme,"ICICI ATM, MI Road Junction, C-Scheme"
INC-11558,Ajmer,Investment Scam,86813,15:05,12-24 Hours,C-Scheme,"Axis Bank ATM, Subhash Marg, C-Scheme"
INC-11559,Bikaner,Loan App Fraud,91106,15:47,12-24 Hours,Bani Park,"PNB ATM, Sindhi Camp Bus Stand Road, Bani Park"
INC-11560,Jaipur,Credit Card Cloning,84847,19:42,12-24 Hours,Pratap Nagar,"Kotak Mahindra ATM, Tonk Road, Pratap Nagar"
INC-11561,Bikaner,OLX Scam,10667,13:53,1-2 Hours,Vaishali Nagar,"Union Bank ATM, Gandhi Path, Vaishali Nagar"
INC-11562,Sikar,Investment Scam,180403,16:58,12-24 Hours,Bani Park,"Union Bank ATM, Sindhi Camp Bus Stand Road, Bani Park"
INC-11563,Jaipur,Loan App Fraud,20530,14:01,1-2 Hours,Malviya Nagar,"HDFC ATM, Calgiri Road, Malviya Nagar"
INC-11564,Jaipur,OLX Scam,7575,17:27,1-2 Hours,Vaishali Nagar,"Union Bank ATM, Amrapali Circle, Vaishali Nagar"
INC-11565,Tonk,Credit Card Cloning,22379,16:37,1-2 Hours,Pratap Nagar,"Union Bank ATM, Tonk Road, Pratap Nagar"
INC-11566,Jaipur,Sextortion,15689,22:49,1-2 Hours,Sitapura Industrial,"Kotak Mahindra ATM, Mahatma Gandhi Hospital Road, Sitapura Industrial"
INC-11567,Jaipur,Credit Card Cloning,137421,21:30,12-24 Hours,Mansarovar,"Union Bank ATM, Madhyam Marg, Mansarovar"
INC-11568,Jaipur,UPI Scam,12088,17:21,1-2 Hours,Mansarovar,"Kotak Mahindra ATM, Rajat Path, Mansarovar"
INC-11569,Jaipur,Loan App Fraud,8615,13:26,1-2 Hours,C-Scheme,"Axis Bank ATM, MI Road Junction, C-Scheme"
INC-11570,Jaipur,Credit Card Cloning,131782,11:17,12-24 Hours,C-Scheme,"ICICI ATM, Subhash Marg, C-Scheme"
INC-11571,Sikar,KYC Fraud,60052,15:57,12-24 Hours,Jhotwara,"Union Bank ATM, Panchawala, Jhotwara"
INC-11572,Udaipur,Investment Scam,53390,14:30,12-24 Hours,C-Scheme,"HDFC ATM, Statue Circle, C-Scheme"
INC-11573,Udaipur,UPI Scam,33881,17:11,12-24 Hours,C-Scheme,"SBI ATM, Ashok Marg, C-Scheme"
INC-11574,Jaipur,Investment Scam,155127,13:10,12-24 Hours,C-Scheme,"HDFC ATM, Ahinsa Circle, C-Scheme"
INC-11575,Jaipur,Investment Scam,248157,13:45,12-24 Hours,C-Scheme,"Kotak Mahindra ATM, Ahinsa Circle, C-Scheme"
INC-11576,Ajmer,Credit Card Cloning,140577,17:04,12-24 Hours,Pratap Nagar,"Kotak Mahindra ATM, Haldi Ghati Marg, Pratap Nagar"
INC-11577,Jaipur,Loan App Fraud,47151,14:01,12-24 Hours,Vaishali Nagar,"ICICI ATM, Amrapali Circle, Vaishali Nagar"
INC-11578,Jaipur,Job Fraud,97710,13:04,12-24 Hours,Jagatpura,"PNB ATM, Ramnagariya, Jagatpura"
INC-11579,Tonk,Credit Card Cloning,129458,12:23,12-24 Hours,Pratap Nagar,"Kotak Mahindra ATM, Haldi Ghati Marg, Pratap Nagar"
INC-11580,Jaipur,Investment Scam,76188,14:55,12-24 Hours,Vaishali Nagar,"Bank of Baroda ATM, Gandhi Path, Vaishali Nagar"
INC-11581,Udaipur,OLX Scam,18893,14:42,1-2 Hours,Vaishali Nagar,"HDFC ATM, Gandhi Path, Vaishali Nagar"
INC-11582,Jaipur,Sextortion,100854,21:40,12-24 Hours,Sitapura Industrial,"ICICI ATM, India Gate, Sitapura Industrial"
INC-11583,Kota,Investment Scam,120642,11:55,12-24 Hours,C-Scheme,"Kotak Mahindra ATM, Ahinsa Circle, C-Scheme"
INC-11584,Jaipur,KYC Fraud,14560,16:30,1-2 Hours,Malviya Nagar,"Axis Bank ATM, Calgiri Road, Malviya Nagar"
INC-11585,Alwar,Investment Scam,225118,14:49,12-24 Hours,C-Scheme,"PNB ATM, Subhash Marg, C-Scheme"
INC-11586,Jaipur,Job Fraud,65168,13:17,12-24 Hours,Jagatpura,"SBI ATM, SKIT College Road, Jagatpura"
INC-11587,Jodhpur,Sextortion,92022,03:54,12-24 Hours,Sitapura Industrial,"Bank of Baroda ATM, EPI Zone, Sitapura Industrial"
INC-11588,Tonk,Sextortion,46646,02:21,12-24 Hours,Sitapura Industrial,"ICICI ATM, Tonk Road Junction, Sitapura Industrial"
INC-11589,Jaipur,Sextortion,43032,23:55,12-24 Hours,Sitapura Industrial,"PNB ATM, EPI Zone, Sitapura Industrial"
INC-11590,Jaipur,Sextortion,40671,03:12,12-24 Hours,Sitapura Industrial,"Bank of Baroda ATM, EPI Zone, Sitapura Industrial"
INC-11591,Bikaner,Sextortion,48811,22:12,12-24 Hours,Sitapura Industrial,"ICICI ATM, EPI Zone, Sitapura Industrial"
INC-11592,Sikar,KYC Fraud,30755,12:46,12-24 Hours,Bani Park,"ICICI ATM, Collectorate Circle, Bani Park"
INC-11593,Sikar,OLX Scam,8402,15:15,1-2 Hours,Vaishali Nagar,"Union Bank ATM, Queens Road, Vaishali Nagar"
INC-11594,Jodhpur,Credit Card Cloning,231450,16:52,12-24 Hours,Pratap Nagar,"HDFC ATM, Sector 16 Market, Pratap Nagar"
INC-11595,Ajmer,KYC Fraud,9205,17:36,1-2 Hours,Jhotwara,"PNB ATM, Lata Circle, Jhotwara"
INC-11596,Jodhpur,OLX Scam,35058,15:20,12-24 Hours,Vaishali Nagar,"Kotak Mahindra ATM, Nursery Circle, Vaishali Nagar"
INC-11597,Jaipur,UPI Scam,15923,17:35,1-2 Hours,Mansarovar,"PNB ATM, Madhyam Marg, Mansarovar"
INC-11598,Ajmer,UPI Scam,7538,16:07,1-2 Hours,Mansarovar,"SBI ATM, Madhyam Marg, Mansarovar"
INC-11599,Jaipur,Job Fraud,49826,12:22,12-24 Hours,Jagatpura,"PNB ATM, 7 Number Stand, Jagatpura"
INC-11600,Bhilwara,UPI Scam,23154,12:34,1-2 Hours,Mansarovar,"Kotak Mahindra ATM, VT Road Chauraha, Mansarovar"
INC-11601,Alwar,Loan App Fraud,12778,16:06,1-2 Hours,Vidyadhar Nagar,"Union Bank ATM, Central Spine, Vidyadhar Nagar"
INC-11602,Jaipur,KYC Fraud,16594,15:00,1-2 Hours,Jhotwara,"PNB ATM, Kalwar Road, Jhotwara"
INC-11603,Jaipur,OLX Scam,16391,15:26,1-2 Hours,Vaishali Nagar,"HDFC ATM, Amrapali Circle, Vaishali Nagar"
INC-11604,Sikar,Sextortion,82631,23:56,12-24 Hours,Sitapura Industrial,"PNB ATM, India Gate, Sitapura Industrial"
INC-11605,Sikar,KYC Fraud,54266,13:38,12-24 Hours,Jhotwara,"Kotak Mahindra ATM, Triton Mall Road, Jhotwara"
INC-11606,Jaipur,UPI Scam,6924,18:13,1-2 Hours,Mansarovar,"Kotak Mahindra ATM, VT Road Chauraha, Mansarovar"
INC-11607,Jaipur,KYC Fraud,16877,12:43,1-2 Hours,Vaishali Nagar,"Union Bank ATM, Amrapali Circle, Vaishali Nagar"
INC-11608,Pali,OLX Scam,19975,13:24,1-2 Hours,Vaishali Nagar,"Bank of Baroda ATM, Queens Road, Vaishali Nagar"
INC-11609,Jaipur,KYC Fraud,25760,13:58,1-2 Hours,Malviya Nagar,"PNB ATM, Apex Circle, Malviya Nagar"
INC-11610,Tonk,Sextortion,29718,02:24,1-2 Hours,Sitapura Industrial,"Axis Bank ATM, RIICO Phase 1, Sitapura Industrial"
INC-11611,Jodhpur,Investment Scam,70192,17:05,12-24 Hours,C-Scheme,"SBI ATM, Ashok Marg, C-Scheme"
INC-11612,Ajmer,OLX Scam,6409,11:26,1-2 Hours,Vaishali Nagar,"ICICI ATM, Gandhi Path, Vaishali Nagar"
INC-11613,Jaipur,Sextortion,34387,21:35,12-24 Hours,Sitapura Industrial,"ICICI ATM, EPI Zone, Sitapura Industrial"
INC-11614,Udaipur,KYC Fraud,13567,09:49,1-2 Hours,Bani Park,"HDFC ATM, Collectorate Circle, Bani Park"
INC-11615,Jaipur,Investment Scam,90742,11:34,12-24 Hours,C-Scheme,"ICICI ATM, Statue Circle, C-Scheme"
INC-11616,Pali,OLX Scam,2306,18:25,1-2 Hours,Bani Park,"SBI ATM, Collectorate Circle, Bani Park"
INC-11617,Jaipur,UPI Scam,9327,11:15,1-2 Hours,Mansarovar,"PNB ATM, Kissan Dharam Kanta, Mansarovar"
INC-11618,Udaipur,Credit Card Cloning,158772,18:18,12-24 Hours,Sitapura Industrial,"ICICI ATM, RIICO Phase 1, Sitapura Industrial"
INC-11619,Udaipur,Investment Scam,172514,12:22,12-24 Hours,C-Scheme,"Union Bank ATM, MI Road Junction, C-Scheme"
INC-11620,Kota,Job Fraud,128824,12:54,12-24 Hours,C-Scheme,"ICICI ATM, MI Road Junction, C-Scheme"
INC-11621,Udaipur,Investment Scam,96112,14:24,12-24 Hours,C-Scheme,"Kotak Mahindra ATM, Subhash Marg, C-Scheme"
INC-11622,Jaipur,UPI Scam,20505,16:55,1-2 Hours,Mansarovar,"ICICI ATM, Kissan Dharam Kanta, Mansarovar"
INC-11623,Ajmer,Investment Scam,82575,15:16,12-24 Hours,C-Scheme,"Axis Bank ATM, Subhash Marg, C-Scheme"
INC-11624,Udaipur,Sextortion,53535,03:09,12-24 Hours,Sitapura Industrial,"SBI ATM, India Gate, Sitapura Industrial"
INC-11625,Pali,Loan App Fraud,23390,10:38,1-2 Hours,Bani Park,"Kotak Mahindra ATM, Collectorate Circle, Bani Park"
INC-11626,Jaipur,Investment Scam,149670,10:21,12-24 Hours,C-Scheme,"HDFC ATM, Ashok Marg, C-Scheme"
INC-11627,Jaipur,Loan App Fraud,16647,20:01,1-2 Hours,Mansarovar,"PNB ATM, Madhyam Marg, Mansarovar"
INC-11628,Udaipur,Credit Card Cloning,90811,16:23,12-24 Hours,Pratap Nagar,"Bank of Baroda ATM, Sector 11, Pratap Nagar"
INC-11629,Jaipur,Sextortion,26141,23:46,1-2 Hours,Sitapura Industrial,"SBI ATM, Mahatma Gandhi Hospital Road, Sitapura Industrial"
INC-11630,Kota,Sextortion,145144,21:09,12-24 Hours,Sitapura Industrial,"Union Bank ATM, EPI Zone, Sitapura Industrial"
INC-11631,Jaipur,Loan App Fraud,12896,14:08,1-2 Hours,Mansarovar,"PNB ATM, Madhyam Marg, Mansarovar"
INC-11632,Jaipur,Job Fraud,65199,16:00,12-24 Hours,C-Scheme,"PNB ATM, Statue Circle, C-Scheme"
INC-11633,Tonk,UPI Scam,5274,16:31,1-2 Hours,Mansarovar,"ICICI ATM, Rajat Path, Mansarovar"
INC-11634,Jaipur,Credit Card Cloning,185517,19:35,12-24 Hours,Pratap Nagar,"PNB ATM, Tonk Road, Pratap Nagar"
INC-11635,Ajmer,Loan App Fraud,53651,15:14,12-24 Hours,Vidyadhar Nagar,"PNB ATM, Sector 2, Vidyadhar Nagar"
INC-11636,Bikaner,KYC Fraud,17869,19:37,1-2 Hours,Bani Park,"Kotak Mahindra ATM, Collectorate Circle, Bani Park"
INC-11637,Jaipur,Investment Scam,74607,11:57,12-24 Hours,C-Scheme,"Axis Bank ATM, Subhash Marg, C-Scheme"
INC-11638,Jaipur,UPI Scam,22682,13:05,1-2 Hours,Mansarovar,"Bank of Baroda ATM, Patrakar Colony, Mansarovar"
INC-11639,Jaipur,Job Fraud,159912,14:25,12-24 Hours,Jagatpura,"SBI ATM, Ramnagariya, Jagatpura"
INC-11640,Bikaner,UPI Scam,19967,09:56,1-2 Hours,Bani Park,"Axis Bank ATM, Peetal Factory, Bani Park"
INC-11641,Tonk,Loan App Fraud,29088,12:21,1-2 Hours,Vidyadhar Nagar,"Axis Bank ATM, Sector 2, Vidyadhar Nagar"
INC-11642,Jaipur,KYC Fraud,22509,10:34,1-2 Hours,Mansarovar,"SBI ATM, VT Road Chauraha, Mansarovar"
INC-11643,Jodhpur,Loan App Fraud,76619,17:30,12-24 Hours,Bani Park,"SBI ATM, Collectorate Circle, Bani Park"
INC-11644,Jaipur,UPI Scam,52959,13:36,12-24 Hours,Mansarovar,"Bank of Baroda ATM, Rajat Path, Mansarovar"
INC-11645,Jaipur,UPI Scam,14178,10:00,1-2 Hours,Jagatpura,"SBI ATM, 7 Number Stand, Jagatpura"
INC-11646,Bikaner,UPI Scam,9750,13:53,1-2 Hours,Jagatpura,"PNB ATM, 7 Number Stand, Jagatpura"
INC-11647,Ajmer,Investment Scam,109244,10:38,12-24 Hours,C-Scheme,"HDFC ATM, Subhash Marg, C-Scheme"
INC-11648,Jaipur,OLX Scam,11639,13:32,1-2 Hours,Vaishali Nagar,"Union Bank ATM, Queens Road, Vaishali Nagar"
INC-11649,Jaipur,Credit Card Cloning,186417,21:15,12-24 Hours,Pratap Nagar,"Bank of Baroda ATM, Kumbha Marg, Pratap Nagar"
INC-11650,Udaipur,Credit Card Cloning,33099,00:46,12-24 Hours,Sitapura Industrial,"ICICI ATM, India Gate, Sitapura Industrial"
INC-11651,Jaipur,Investment Scam,174546,13:46,12-24 Hours,C-Scheme,"HDFC ATM, MI Road Junction, C-Scheme"
INC-11652,Ajmer,Loan App Fraud,18867,14:04,1-2 Hours,Mansarovar,"Axis Bank ATM, Patrakar Colony, Mansarovar"
INC-11653,Jaipur,Investment Scam,200515,12:28,12-24 Hours,C-Scheme,"Kotak Mahindra ATM, Ashok Marg, C-Scheme"
INC-11654,Jaipur,KYC Fraud,66709,13:55,12-24 Hours,Malviya Nagar,"ICICI ATM, Gaurav Tower (GT) Road, Malviya Nagar"
INC-11655,Kota,Loan App Fraud,30241,14:32,12-24 Hours,Vidyadhar Nagar,"ICICI ATM, Sector 2, Vidyadhar Nagar"
INC-11656,Alwar,Loan App Fraud,72213,16:51,12-24 Hours,Vidyadhar Nagar,"Bank of Baroda ATM, National Highway 52 Bypass, Vidyadhar Nagar"
INC-11657,Alwar,KYC Fraud,11032,17:43,1-2 Hours,Bani Park,"ICICI ATM, Kabir Marg, Bani Park"
INC-11658,Alwar,Investment Scam,142048,13:49,12-24 Hours,Bani Park,"Axis Bank ATM, Peetal Factory, Bani Park"
INC-11659,Tonk,Investment Scam,134258,15:18,12-24 Hours,C-Scheme,"Union Bank ATM, Ahinsa Circle, C-Scheme"
INC-11660,Jaipur,KYC Fraud,35523,17:36,12-24 Hours,Malviya Nagar,"Union Bank ATM, Sector 3 Market, Malviya Nagar"
INC-11661,Jaipur,KYC Fraud,33418,13:42,12-24 Hours,Malviya Nagar,"SBI ATM, Calgiri Road, Malviya Nagar"
INC-11662,Pali,OLX Scam,8789,14:25,1-2 Hours,Vaishali Nagar,"Union Bank ATM, Gandhi Path, Vaishali Nagar"
INC-11663,Jaipur,UPI Scam,6880,17:32,1-2 Hours,Mansarovar,"Kotak Mahindra ATM, Madhyam Marg, Mansarovar"
INC-11664,Bhilwara,Investment Scam,191583,15:13,12-24 Hours,C-Scheme,"Union Bank ATM, MI Road Junction, C-Scheme"
INC-11665,Ajmer,Job Fraud,117090,16:34,12-24 Hours,Jagatpura,"Bank of Baroda ATM, NRI Colony, Jagatpura"
INC-11666,Alwar,UPI Scam,18341,12:59,1-2 Hours,Mansarovar,"HDFC ATM, VT Road Chauraha, Mansarovar"
INC-11667,Kota,OLX Scam,18688,15:23,1-2 Hours,Vaishali Nagar,"Axis Bank ATM, Gandhi Path, Vaishali Nagar"
INC-11668,Jaipur,Loan App Fraud,24159,15:54,1-2 Hours,Vaishali Nagar,"ICICI ATM, Amrapali Circle, Vaishali Nagar"
INC-11669,Pali,Loan App Fraud,11169,16:48,1-2 Hours,Jagatpura,"ICICI ATM, Mahal Road, Jagatpura"
INC-11670,Udaipur,UPI Scam,33320,17:22,12-24 Hours,Mansarovar,"PNB ATM, Madhyam Marg, Mansarovar"
INC-11671,Kota,KYC Fraud,23020,11:10,1-2 Hours,Bani Park,"HDFC ATM, Collectorate Circle, Bani Park"
INC-11672,Jaipur,UPI Scam,36291,14:21,12-24 Hours,Mansarovar,"Bank of Baroda ATM, Madhyam Marg, Mansarovar"
INC-11673,Bhilwara,Investment Scam,130864,15:39,12-24 Hours,C-Scheme,"ICICI ATM, Statue Circle, C-Scheme"
INC-11674,Alwar,Investment Scam,187243,10:24,12-24 Hours,Vidyadhar Nagar,"Union Bank ATM, Alka Cinema Road, Vidyadhar Nagar"
INC-11675,Jaipur,KYC Fraud,56966,09:41,12-24 Hours,Malviya Nagar,"SBI ATM, Apex Circle, Malviya Nagar"
INC-11676,Jaipur,Investment Scam,34431,12:33,12-24 Hours,C-Scheme,"HDFC ATM, MI Road Junction, C-Scheme"
INC-11677,Ajmer,UPI Scam,8726,14:39,1-2 Hours,Jagatpura,"Bank of Baroda ATM, Mahal Road, Jagatpura"
INC-11678,Bikaner,Investment Scam,164942,11:03,12-24 Hours,C-Scheme,"SBI ATM, Ahinsa Circle, C-Scheme"
INC-11679,Pali,Credit Card Cloning,289458,19:33,12-24 Hours,Vidyadhar Nagar,"Kotak Mahindra ATM, Central Spine, Vidyadhar Nagar"
INC-11680,Jodhpur,Sextortion,82562,23:55,12-24 Hours,Sitapura Industrial,"ICICI ATM, RIICO Phase 1, Sitapura Industrial"
INC-11681,Jaipur,Sextortion,66526,21:56,12-24 Hours,Sitapura Industrial,"Bank of Baroda ATM, EPI Zone, Sitapura Industrial"
INC-11682,Jaipur,Job Fraud,85831,10:59,12-24 Hours,C-Scheme,"HDFC ATM, MI Road Junction, C-Scheme"
INC-11683,Ajmer,Credit Card Cloning,78834,15:58,12-24 Hours,Pratap Nagar,"SBI ATM, Sector 11, Pratap Nagar"
INC-11684,Bhilwara,UPI Scam,14964,16:57,1-2 Hours,Mansarovar,"SBI ATM, Madhyam Marg, Mansarovar"
INC-11685,Udaipur,Sextortion,44566,23:21,12-24 Hours,Sitapura Industrial,"Axis Bank ATM, RIICO Phase 1, Sitapura Industrial"
INC-11686,Jaipur,Credit Card Cloning,126805,18:47,12-24 Hours,Sitapura Industrial,"ICICI ATM, India Gate, Sitapura Industrial"
INC-11687,Tonk,Investment Scam,142800,19:50,12-24 Hours,Sitapura Industrial,"PNB ATM, Mahatma Gandhi Hospital Road, Sitapura Industrial"
INC-11688,Sikar,Investment Scam,140093,11:52,12-24 Hours,C-Scheme,"Kotak Mahindra ATM, Statue Circle, C-Scheme"
INC-11689,Ajmer,KYC Fraud,23800,15:45,1-2 Hours,Bani Park,"Axis Bank ATM, Collectorate Circle, Bani Park"
INC-11690,Jodhpur,Credit Card Cloning,113020,16:11,12-24 Hours,Pratap Nagar,"ICICI ATM, Tonk Road, Pratap Nagar"
INC-11691,Bikaner,Job Fraud,167998,11:46,12-24 Hours,Bani Park,"Axis Bank ATM, Collectorate Circle, Bani Park"
INC-11692,Jaipur,KYC Fraud,66418,12:26,12-24 Hours,Malviya Nagar,"HDFC ATM, Gaurav Tower (GT) Road, Malviya Nagar"
INC-11693,Jaipur,OLX Scam,6317,16:24,1-2 Hours,Vaishali Nagar,"Bank of Baroda ATM, Nursery Circle, Vaishali Nagar"
INC-11694,Alwar,Credit Card Cloning,103179,18:31,12-24 Hours,Pratap Nagar,"Axis Bank ATM, Sector 16 Market, Pratap Nagar"
INC-11695,Tonk,KYC Fraud,17017,13:33,1-2 Hours,Malviya Nagar,"SBI ATM, JLN Marg, Malviya Nagar"
INC-11696,Jaipur,KYC Fraud,54909,11:50,12-24 Hours,Malviya Nagar,"SBI ATM, JLN Marg, Malviya Nagar"
INC-11697,Kota,UPI Scam,19261,12:24,1-2 Hours,Mansarovar,"PNB ATM, Kissan Dharam Kanta, Mansarovar"
INC-11698,Jaipur,Sextortion,51124,21:35,12-24 Hours,Sitapura Industrial,"Kotak Mahindra ATM, India Gate, Sitapura Industrial"
INC-11699,Udaipur,Loan App Fraud,13829,16:47,1-2 Hours,Vidyadhar Nagar,"PNB ATM, National Highway 52 Bypass, Vidyadhar Nagar"
INC-11700,Jodhpur,UPI Scam,48583,10:40,12-24 Hours,Bani Park,"Axis Bank ATM, Sindhi Camp Bus Stand Road, Bani Park"
INC-11701,Udaipur,Sextortion,28248,20:21,1-2 Hours,Sitapura Industrial,"Kotak Mahindra ATM, Mahatma Gandhi Hospital Road, Sitapura Industrial"
INC-11702,Jaipur,UPI Scam,7922,12:12,1-2 Hours,Mansarovar,"PNB ATM, Kaveri Path, Mansarovar"
INC-11703,Alwar,Credit Card Cloning,247669,16:02,12-24 Hours,Pratap Nagar,"Axis Bank ATM, Sector 11, Pratap Nagar"
INC-11704,Bhilwara,KYC Fraud,44242,14:06,12-24 Hours,Jhotwara,"SBI ATM, Kalwar Road, Jhotwara"
INC-11705,Ajmer,UPI Scam,17662,09:43,1-2 Hours,Mansarovar,"HDFC ATM, Madhyam Marg, Mansarovar"
INC-11706,Tonk,Job Fraud,106272,11:00,12-24 Hours,C-Scheme,"SBI ATM, Ashok Marg, C-Scheme"
INC-11707,Pali,KYC Fraud,73213,15:59,12-24 Hours,Bani Park,"HDFC ATM, Kabir Marg, Bani Park"
INC-11708,Jaipur,UPI Scam,35670,17:30,12-24 Hours,Mansarovar,"Axis Bank ATM, Madhyam Marg, Mansarovar"
INC-11709,Sikar,Job Fraud,96596,14:56,12-24 Hours,Mansarovar,"Axis Bank ATM, Kissan Dharam Kanta, Mansarovar"
INC-11710,Jaipur,UPI Scam,24379,19:48,1-2 Hours,Mansarovar,"Bank of Baroda ATM, Patrakar Colony, Mansarovar"
INC-11711,Udaipur,Credit Card Cloning,29749,04:14,1-2 Hours,Sitapura Industrial,"ICICI ATM, India Gate, Sitapura Industrial"
INC-11712,Kota,Investment Scam,94054,11:39,12-24 Hours,C-Scheme,"Union Bank ATM, Statue Circle, C-Scheme"
INC-11713,Jaipur,UPI Scam,43661,11:27,12-24 Hours,Mansarovar,"PNB ATM, Rajat Path, Mansarovar"
INC-11714,Jaipur,UPI Scam,42660,14:53,12-24 Hours,Mansarovar,"ICICI ATM, Rajat Path, Mansarovar"
INC-11715,Pali,UPI Scam,33230,11:52,12-24 Hours,Mansarovar,"Axis Bank ATM, Rajat Path, Mansarovar"
INC-11716,Jaipur,Credit Card Cloning,158844,17:10,12-24 Hours,Pratap Nagar,"Bank of Baroda ATM, Sector 16 Market, Pratap Nagar"
INC-11717,Bikaner,Job Fraud,97083,11:20,12-24 Hours,Bani Park,"Union Bank ATM, Kabir Marg, Bani Park"
INC-11718,Jaipur,OLX Scam,21199,17:29,1-2 Hours,Vaishali Nagar,"Kotak Mahindra ATM, Hanuman Nagar, Vaishali Nagar"
INC-11719,Pali,Loan App Fraud,14122,16:25,1-2 Hours,Vidyadhar Nagar,"HDFC ATM, Alka Cinema Road, Vidyadhar Nagar"
INC-11720,Pali,Job Fraud,109521,11:15,12-24 Hours,Bani Park,"Axis Bank ATM, Sindhi Camp Bus Stand Road, Bani Park"
INC-11721,Pali,Sextortion,67296,03:34,12-24 Hours,Sitapura Industrial,"Bank of Baroda ATM, Mahatma Gandhi Hospital Road, Sitapura Industrial"
INC-11722,Jaipur,OLX Scam,15543,17:51,1-2 Hours,Vaishali Nagar,"Axis Bank ATM, Gandhi Path, Vaishali Nagar"
INC-11723,Bikaner,Credit Card Cloning,46001,17:29,12-24 Hours,Bani Park,"HDFC ATM, Kabir Marg, Bani Park"
INC-11724,Jaipur,OLX Scam,25767,09:05,1-2 Hours,Vaishali Nagar,"SBI ATM, Amrapali Circle, Vaishali Nagar"
INC-11725,Jaipur,Investment Scam,201622,13:50,12-24 Hours,C-Scheme,"HDFC ATM, Subhash Marg, C-Scheme"
INC-11726,Pali,Credit Card Cloning,38811,21:24,12-24 Hours,Sitapura Industrial,"Bank of Baroda ATM, EPI Zone, Sitapura Industrial"
INC-11727,Sikar,Investment Scam,141894,12:42,12-24 Hours,C-Scheme,"ICICI ATM, MI Road Junction, C-Scheme"
INC-11728,Ajmer,Sextortion,55903,03:39,12-24 Hours,Sitapura Industrial,"PNB ATM, Mahatma Gandhi Hospital Road, Sitapura Industrial"
INC-11729,Kota,KYC Fraud,26924,14:42,1-2 Hours,Jhotwara,"SBI ATM, Kalwar Road, Jhotwara"
INC-11730,Jaipur,OLX Scam,10537,13:24,1-2 Hours,Vaishali Nagar,"ICICI ATM, Nursery Circle, Vaishali Nagar"
INC-11731,Ajmer,OLX Scam,6413,12:19,1-2 Hours,Vaishali Nagar,"SBI ATM, Queens Road, Vaishali Nagar"
INC-11732,Bikaner,Investment Scam,122564,10:13,12-24 Hours,Bani Park,"SBI ATM, Peetal Factory, Bani Park"
INC-11733,Jaipur,Job Fraud,90288,13:04,12-24 Hours,C-Scheme,"ICICI ATM, Statue Circle, C-Scheme"
INC-11734,Jaipur,Investment Scam,239818,16:40,12-24 Hours,C-Scheme,"SBI ATM, Ashok Marg, C-Scheme"
INC-11735,Kota,Loan App Fraud,45527,15:24,12-24 Hours,Vidyadhar Nagar,"Axis Bank ATM, Sector 2, Vidyadhar Nagar"
INC-11736,Sikar,UPI Scam,27265,13:25,1-2 Hours,Mansarovar,"ICICI ATM, Rajat Path, Mansarovar"
INC-11737,Alwar,OLX Scam,6842,14:10,1-2 Hours,Vaishali Nagar,"Kotak Mahindra ATM, Queens Road, Vaishali Nagar"
INC-11738,Jaipur,Loan App Fraud,54961,12:06,12-24 Hours,Vidyadhar Nagar,"Kotak Mahindra ATM, Sector 2, Vidyadhar Nagar"
INC-11739,Jaipur,Investment Scam,67966,16:22,12-24 Hours,C-Scheme,"Kotak Mahindra ATM, Statue Circle, C-Scheme"
INC-11740,Tonk,KYC Fraud,18660,18:34,1-2 Hours,Malviya Nagar,"Bank of Baroda ATM, Apex Circle, Malviya Nagar"
INC-11741,Sikar,OLX Scam,32646,19:26,12-24 Hours,Vaishali Nagar,"Kotak Mahindra ATM, Queens Road, Vaishali Nagar"
INC-11742,Bikaner,Investment Scam,143329,18:46,12-24 Hours,Bani Park,"SBI ATM, Sindhi Camp Bus Stand Road, Bani Park"
INC-11743,Jaipur,OLX Scam,19969,14:39,1-2 Hours,Vaishali Nagar,"ICICI ATM, Nursery Circle, Vaishali Nagar"
INC-11744,Bikaner,UPI Scam,29205,09:13,1-2 Hours,Bani Park,"PNB ATM, Sindhi Camp Bus Stand Road, Bani Park"
INC-11745,Pali,OLX Scam,22349,13:25,1-2 Hours,Vaishali Nagar,"Bank of Baroda ATM, Amrapali Circle, Vaishali Nagar"
INC-11746,Sikar,Investment Scam,201105,10:34,12-24 Hours,C-Scheme,"Union Bank ATM, Ahinsa Circle, C-Scheme"
INC-11747,Jaipur,Loan App Fraud,20491,11:41,1-2 Hours,Malviya Nagar,"ICICI ATM, JLN Marg, Malviya Nagar"
INC-11748,Jaipur,OLX Scam,27512,18:24,1-2 Hours,Vaishali Nagar,"Union Bank ATM, Queens Road, Vaishali Nagar"
INC-11749,Jaipur,Loan App Fraud,65653,17:58,12-24 Hours,Vidyadhar Nagar,"SBI ATM, Central Spine, Vidyadhar Nagar"
INC-11750,Jaipur,Investment Scam,288255,09:08,12-24 Hours,C-Scheme,"HDFC ATM, MI Road Junction, C-Scheme"
INC-11751,Bikaner,Sextortion,11896,01:46,1-2 Hours,Sitapura Industrial,"Union Bank ATM, EPI Zone, Sitapura Industrial"
INC-11752,Jaipur,Loan App Fraud,14349,16:23,1-2 Hours,Vidyadhar Nagar,"Axis Bank ATM, Alka Cinema Road, Vidyadhar Nagar"
INC-11753,Alwar,KYC Fraud,55398,10:34,12-24 Hours,Bani Park,"PNB ATM, Collectorate Circle, Bani Park"
INC-11754,Jaipur,OLX Scam,15033,13:10,1-2 Hours,Vaishali Nagar,"Kotak Mahindra ATM, Gandhi Path, Vaishali Nagar"
INC-11755,Bikaner,UPI Scam,11151,15:21,1-2 Hours,Mansarovar,"PNB ATM, Patrakar Colony, Mansarovar"
INC-11756,Jodhpur,UPI Scam,45807,16:53,12-24 Hours,Bani Park,"Kotak Mahindra ATM, Collectorate Circle, Bani Park"
INC-11757,Jodhpur,UPI Scam,34848,12:07,12-24 Hours,Bani Park,"SBI ATM, Collectorate Circle, Bani Park"
INC-11758,Kota,KYC Fraud,51470,19:23,12-24 Hours,Vidyadhar Nagar,"SBI ATM, Sector 2, Vidyadhar Nagar"
INC-11759,Jodhpur,Loan App Fraud,12611,17:20,1-2 Hours,Vaishali Nagar,"Union Bank ATM, Amrapali Circle, Vaishali Nagar"
INC-11760,Tonk,OLX Scam,32088,17:32,12-24 Hours,Vaishali Nagar,"SBI ATM, Nursery Circle, Vaishali Nagar"
INC-11761,Ajmer,KYC Fraud,11211,15:13,1-2 Hours,Jhotwara,"ICICI ATM, Lata Circle, Jhotwara"
INC-11762,Tonk,Investment Scam,110173,18:28,12-24 Hours,C-Scheme,"SBI ATM, MI Road Junction, C-Scheme"
INC-11763,Kota,KYC Fraud,16402,18:02,1-2 Hours,Bani Park,"ICICI ATM, Peetal Factory, Bani Park"
INC-11764,Jaipur,Credit Card Cloning,136201,13:52,12-24 Hours,Pratap Nagar,"SBI ATM, Tonk Road, Pratap Nagar"
INC-11765,Jaipur,KYC Fraud,31937,16:45,12-24 Hours,Malviya Nagar,"ICICI ATM, Gaurav Tower (GT) Road, Malviya Nagar"
INC-11766,Tonk,Loan App Fraud,41056,12:55,12-24 Hours,Vidyadhar Nagar,"Kotak Mahindra ATM, Alka Cinema Road, Vidyadhar Nagar"
INC-11767,Kota,OLX Scam,15646,15:56,1-2 Hours,Vaishali Nagar,"Union Bank ATM, Amrapali Circle, Vaishali Nagar"
INC-11768,Ajmer,UPI Scam,34339,15:36,12-24 Hours,Mansarovar,"ICICI ATM, Patrakar Colony, Mansarovar"
INC-11769,Jaipur,UPI Scam,21017,12:56,1-2 Hours,Mansarovar,"Axis Bank ATM, VT Road Chauraha, Mansarovar"
INC-11770,Jaipur,UPI Scam,34150,17:36,12-24 Hours,Mansarovar,"Kotak Mahindra ATM, Kissan Dharam Kanta, Mansarovar"
INC-11771,Ajmer,Loan App Fraud,29766,16:29,1-2 Hours,Vidyadhar Nagar,"Kotak Mahindra ATM, Central Spine, Vidyadhar Nagar"
INC-11772,Kota,Loan App Fraud,8236,14:20,1-2 Hours,Vidyadhar Nagar,"Axis Bank ATM, Sector 2, Vidyadhar Nagar"
INC-11773,Sikar,Job Fraud,58891,11:52,12-24 Hours,Jagatpura,"SBI ATM, SKIT College Road, Jagatpura"
INC-11774,Jaipur,KYC Fraud,23940,15:01,1-2 Hours,Bani Park,"Kotak Mahindra ATM, Kabir Marg, Bani Park"
INC-11775,Ajmer,Investment Scam,84209,13:05,12-24 Hours,C-Scheme,"Kotak Mahindra ATM, Ashok Marg, C-Scheme"
INC-11776,Kota,KYC Fraud,22576,13:30,1-2 Hours,Vaishali Nagar,"SBI ATM, Hanuman Nagar, Vaishali Nagar"
INC-11777,Bikaner,UPI Scam,37300,18:59,12-24 Hours,Bani Park,"Bank of Baroda ATM, Kabir Marg, Bani Park"
INC-11778,Kota,OLX Scam,7268,12:17,1-2 Hours,Vaishali Nagar,"PNB ATM, Hanuman Nagar, Vaishali Nagar"
INC-11779,Alwar,UPI Scam,4847,20:54,1-2 Hours,Mansarovar,"SBI ATM, Rajat Path, Mansarovar"
INC-11780,Udaipur,Job Fraud,146232,12:12,12-24 Hours,Jagatpura,"Kotak Mahindra ATM, 7 Number Stand, Jagatpura"
INC-11781,Jaipur,Credit Card Cloning,186317,21:33,12-24 Hours,Pratap Nagar,"HDFC ATM, Sector 16 Market, Pratap Nagar"
INC-11782,Jaipur,Credit Card Cloning,44081,12:55,12-24 Hours,Pratap Nagar,"Kotak Mahindra ATM, Kumbha Marg, Pratap Nagar"
INC-11783,Alwar,UPI Scam,24361,13:40,1-2 Hours,Mansarovar,"Bank of Baroda ATM, VT Road Chauraha, Mansarovar"
INC-11784,Jaipur,UPI Scam,20816,13:46,1-2 Hours,Mansarovar,"Union Bank ATM, VT Road Chauraha, Mansarovar"
INC-11785,Jodhpur,Investment Scam,171307,14:46,12-24 Hours,C-Scheme,"HDFC ATM, Subhash Marg, C-Scheme"
INC-11786,Alwar,Sextortion,46510,20:01,12-24 Hours,Sitapura Industrial,"HDFC ATM, EPI Zone, Sitapura Industrial"
INC-11787,Jodhpur,Sextortion,59909,21:59,12-24 Hours,Sitapura Industrial,"Axis Bank ATM, RIICO Phase 1, Sitapura Industrial"
INC-11788,Jaipur,Loan App Fraud,26864,18:29,1-2 Hours,Mansarovar,"Kotak Mahindra ATM, Madhyam Marg, Mansarovar"
INC-11789,Ajmer,UPI Scam,3512,18:38,1-2 Hours,Bani Park,"HDFC ATM, Collectorate Circle, Bani Park"
INC-11790,Jaipur,KYC Fraud,15633,13:29,1-2 Hours,Malviya Nagar,"Bank of Baroda ATM, Calgiri Road, Malviya Nagar"
INC-11791,Udaipur,Job Fraud,57042,11:16,12-24 Hours,C-Scheme,"PNB ATM, Ashok Marg, C-Scheme"
INC-11792,Ajmer,Investment Scam,88727,13:02,12-24 Hours,C-Scheme,"PNB ATM, MI Road Junction, C-Scheme"
INC-11793,Tonk,UPI Scam,13050,22:25,1-2 Hours,Mansarovar,"PNB ATM, Madhyam Marg, Mansarovar"
INC-11794,Udaipur,UPI Scam,8905,14:04,1-2 Hours,Mansarovar,"ICICI ATM, VT Road Chauraha, Mansarovar"
INC-11795,Jaipur,UPI Scam,7423,14:40,1-2 Hours,Mansarovar,"ICICI ATM, Madhyam Marg, Mansarovar"
INC-11796,Jaipur,Sextortion,128599,21:28,12-24 Hours,Sitapura Industrial,"Union Bank ATM, Mahatma Gandhi Hospital Road, Sitapura Industrial"
INC-11797,Jaipur,KYC Fraud,49650,18:43,12-24 Hours,Malviya Nagar,"ICICI ATM, Sector 3 Market, Malviya Nagar"
INC-11798,Tonk,KYC Fraud,20765,14:34,1-2 Hours,Jhotwara,"Union Bank ATM, Lata Circle, Jhotwara"
INC-11799,Sikar,KYC Fraud,38850,22:15,12-24 Hours,Jhotwara,"Kotak Mahindra ATM, Triton Mall Road, Jhotwara"
INC-11800,Pali,Sextortion,92141,02:09,12-24 Hours,Sitapura Industrial,"Kotak Mahindra ATM, Mahatma Gandhi Hospital Road, Sitapura Industrial"
INC-11801,Jaipur,Investment Scam,91081,14:00,12-24 Hours,C-Scheme,"Kotak Mahindra ATM, Ashok Marg, C-Scheme"
INC-11802,Kota,Job Fraud,68681,10:41,12-24 Hours,C-Scheme,"HDFC ATM, MI Road Junction, C-Scheme"
INC-11803,Kota,UPI Scam,52539,11:37,12-24 Hours,Mansarovar,"SBI ATM, Kaveri Path, Mansarovar"
INC-11804,Ajmer,Credit Card Cloning,69286,17:57,12-24 Hours,Pratap Nagar,"ICICI ATM, Kumbha Marg, Pratap Nagar"
INC-11805,Pali,Investment Scam,199196,17:45,12-24 Hours,C-Scheme,"Kotak Mahindra ATM, MI Road Junction, C-Scheme"
INC-11806,Sikar,Sextortion,38998,21:18,12-24 Hours,Jhotwara,"HDFC ATM, Kalwar Road, Jhotwara"
INC-11807,Jaipur,Job Fraud,76045,18:22,12-24 Hours,Jagatpura,"Union Bank ATM, Mahal Road, Jagatpura"
INC-11808,Pali,OLX Scam,15409,13:59,1-2 Hours,Vaishali Nagar,"ICICI ATM, Amrapali Circle, Vaishali Nagar"
INC-11809,Alwar,OLX Scam,22930,20:39,1-2 Hours,Vaishali Nagar,"Union Bank ATM, Nursery Circle, Vaishali Nagar"
INC-11810,Ajmer,KYC Fraud,12852,15:20,1-2 Hours,Bani Park,"ICICI ATM, Sindhi Camp Bus Stand Road, Bani Park"
INC-11811,Udaipur,UPI Scam,55797,09:41,12-24 Hours,Mansarovar,"SBI ATM, Kissan Dharam Kanta, Mansarovar"
INC-11812,Jaipur,Job Fraud,45758,10:46,12-24 Hours,C-Scheme,"Kotak Mahindra ATM, Subhash Marg, C-Scheme"
INC-11813,Alwar,Credit Card Cloning,126841,00:54,12-24 Hours,Pratap Nagar,"ICICI ATM, Sector 11, Pratap Nagar"
INC-11814,Jodhpur,OLX Scam,30661,13:18,12-24 Hours,Vaishali Nagar,"Bank of Baroda ATM, Hanuman Nagar, Vaishali Nagar"
INC-11815,Jaipur,OLX Scam,31992,16:55,12-24 Hours,Vaishali Nagar,"Kotak Mahindra ATM, Gandhi Path, Vaishali Nagar"
INC-11816,Tonk,Job Fraud,144569,13:43,12-24 Hours,Sitapura Industrial,"PNB ATM, RIICO Phase 1, Sitapura Industrial"
INC-11817,Sikar,KYC Fraud,30233,13:10,12-24 Hours,Bani Park,"Bank of Baroda ATM, Peetal Factory, Bani Park"
INC-11818,Tonk,UPI Scam,47191,12:14,12-24 Hours,Mansarovar,"Bank of Baroda ATM, Madhyam Marg, Mansarovar"
INC-11819,Bhilwara,Loan App Fraud,13632,16:54,1-2 Hours,Bani Park,"PNB ATM, Peetal Factory, Bani Park"
INC-11820,Ajmer,UPI Scam,14533,14:12,1-2 Hours,Mansarovar,"Axis Bank ATM, Madhyam Marg, Mansarovar"
INC-11821,Jaipur,Job Fraud,138241,16:38,12-24 Hours,Jagatpura,"HDFC ATM, Ramnagariya, Jagatpura"
INC-11822,Udaipur,UPI Scam,21849,16:53,1-2 Hours,Mansarovar,"SBI ATM, Madhyam Marg, Mansarovar"
INC-11823,Jodhpur,KYC Fraud,10295,12:13,1-2 Hours,Jhotwara,"Axis Bank ATM, Kalwar Road, Jhotwara"
INC-11824,Sikar,KYC Fraud,55421,17:51,12-24 Hours,Jhotwara,"HDFC ATM, Panchawala, Jhotwara"
INC-11825,Jodhpur,Investment Scam,55808,18:49,12-24 Hours,C-Scheme,"HDFC ATM, Ashok Marg, C-Scheme"
INC-11826,Bikaner,UPI Scam,15665,13:37,1-2 Hours,Mansarovar,"HDFC ATM, Rajat Path, Mansarovar"
INC-11827,Ajmer,Job Fraud,88997,16:54,12-24 Hours,C-Scheme,"ICICI ATM, Statue Circle, C-Scheme"
INC-11828,Udaipur,Job Fraud,114735,12:03,12-24 Hours,Jagatpura,"Kotak Mahindra ATM, Ramnagariya, Jagatpura"
INC-11829,Tonk,Investment Scam,155127,12:55,12-24 Hours,C-Scheme,"PNB ATM, Ashok Marg, C-Scheme"
INC-11830,Jaipur,Sextortion,42665,22:27,12-24 Hours,Sitapura Industrial,"Bank of Baroda ATM, Mahatma Gandhi Hospital Road, Sitapura Industrial"
INC-11831,Tonk,Investment Scam,114261,14:39,12-24 Hours,C-Scheme,"ICICI ATM, Ashok Marg, C-Scheme"
INC-11832,Pali,Loan App Fraud,60471,14:02,12-24 Hours,Bani Park,"SBI ATM, Collectorate Circle, Bani Park"
INC-11833,Jaipur,OLX Scam,18126,15:41,1-2 Hours,Vaishali Nagar,"Axis Bank ATM, Gandhi Path, Vaishali Nagar"
INC-11834,Bhilwara,Loan App Fraud,62047,17:21,12-24 Hours,Vidyadhar Nagar,"SBI ATM, National Highway 52 Bypass, Vidyadhar Nagar"
INC-11835,Udaipur,Sextortion,70134,23:18,12-24 Hours,Sitapura Industrial,"PNB ATM, EPI Zone, Sitapura Industrial"
INC-11836,Bhilwara,Sextortion,46392,00:27,12-24 Hours,Vidyadhar Nagar,"Union Bank ATM, Sector 2, Vidyadhar Nagar"
INC-11837,Jodhpur,Credit Card Cloning,102764,18:18,12-24 Hours,C-Scheme,"ICICI ATM, Ashok Marg, C-Scheme"
INC-11838,Jaipur,Loan App Fraud,37152,17:08,12-24 Hours,Mansarovar,"HDFC ATM, Rajat Path, Mansarovar"
INC-11839,Jaipur,UPI Scam,10674,11:24,1-2 Hours,Jhotwara,"HDFC ATM, Kalwar Road, Jhotwara"
INC-11840,Kota,Loan App Fraud,36740,14:01,12-24 Hours,Vidyadhar Nagar,"Union Bank ATM, National Highway 52 Bypass, Vidyadhar Nagar"
INC-11841,Ajmer,Investment Scam,126688,14:30,12-24 Hours,C-Scheme,"ICICI ATM, Ashok Marg, C-Scheme"
INC-11842,Udaipur,OLX Scam,34049,14:02,12-24 Hours,Vaishali Nagar,"ICICI ATM, Hanuman Nagar, Vaishali Nagar"
INC-11843,Jaipur,Job Fraud,76473,15:25,12-24 Hours,Jagatpura,"Axis Bank ATM, Mahal Road, Jagatpura"
INC-11844,Jaipur,Investment Scam,180844,18:12,12-24 Hours,C-Scheme,"Union Bank ATM, Statue Circle, C-Scheme"
INC-11845,Jodhpur,Credit Card Cloning,66595,18:11,12-24 Hours,Pratap Nagar,"SBI ATM, Sector 11, Pratap Nagar"
INC-11846,Jaipur,Job Fraud,83752,14:51,12-24 Hours,Jagatpura,"HDFC ATM, Ramnagariya, Jagatpura"
INC-11847,Jaipur,Investment Scam,65936,12:41,12-24 Hours,C-Scheme,"ICICI ATM, Ashok Marg, C-Scheme"
INC-11848,Jodhpur,Loan App Fraud,58111,17:26,12-24 Hours,Bani Park,"PNB ATM, Kabir Marg, Bani Park"
INC-11849,Jaipur,Investment Scam,135490,15:15,12-24 Hours,C-Scheme,"Kotak Mahindra ATM, Ashok Marg, C-Scheme"
INC-11850,Tonk,Job Fraud,48159,11:57,12-24 Hours,Jagatpura,"HDFC ATM, NRI Colony, Jagatpura"
INC-11851,Jodhpur,Investment Scam,216184,12:03,12-24 Hours,C-Scheme,"HDFC ATM, Statue Circle, C-Scheme"
INC-11852,Jaipur,Credit Card Cloning,132293,20:37,12-24 Hours,Pratap Nagar,"Bank of Baroda ATM, Kumbha Marg, Pratap Nagar"
INC-11853,Tonk,Loan App Fraud,36698,12:50,12-24 Hours,Vaishali Nagar,"HDFC ATM, Gandhi Path, Vaishali Nagar"
INC-11854,Jodhpur,Investment Scam,182509,10:48,12-24 Hours,C-Scheme,"SBI ATM, Ashok Marg, C-Scheme"
INC-11855,Ajmer,Job Fraud,156635,16:43,12-24 Hours,Bani Park,"Union Bank ATM, Kabir Marg, Bani Park"
INC-11856,Jaipur,Investment Scam,178056,12:51,12-24 Hours,C-Scheme,"Kotak Mahindra ATM, Ahinsa Circle, C-Scheme"
INC-11857,Bikaner,Investment Scam,288878,15:59,12-24 Hours,C-Scheme,"PNB ATM, Statue Circle, C-Scheme"
INC-11858,Jodhpur,UPI Scam,23945,17:13,1-2 Hours,Mansarovar,"Bank of Baroda ATM, VT Road Chauraha, Mansarovar"
INC-11859,Bhilwara,Job Fraud,152781,10:42,12-24 Hours,Bani Park,"ICICI ATM, Kabir Marg, Bani Park"
INC-11860,Jaipur,OLX Scam,13690,15:36,1-2 Hours,Vaishali Nagar,"Axis Bank ATM, Amrapali Circle, Vaishali Nagar"
INC-11861,Jodhpur,Sextortion,32788,00:03,12-24 Hours,Sitapura Industrial,"ICICI ATM, Tonk Road Junction, Sitapura Industrial"
INC-11862,Alwar,Investment Scam,76883,11:29,12-24 Hours,C-Scheme,"Union Bank ATM, Subhash Marg, C-Scheme"
INC-11863,Kota,UPI Scam,8119,17:06,1-2 Hours,Mansarovar,"Kotak Mahindra ATM, Kissan Dharam Kanta, Mansarovar"
INC-11864,Jaipur,UPI Scam,8289,16:12,1-2 Hours,Mansarovar,"Union Bank ATM, VT Road Chauraha, Mansarovar"
INC-11865,Pali,Investment Scam,97424,12:00,12-24 Hours,C-Scheme,"Axis Bank ATM, MI Road Junction, C-Scheme"
INC-11866,Alwar,Sextortion,103714,01:06,12-24 Hours,Sitapura Industrial,"PNB ATM, India Gate, Sitapura Industrial"
INC-11867,Jaipur,UPI Scam,23348,13:42,1-2 Hours,Mansarovar,"SBI ATM, Kaveri Path, Mansarovar"
INC-11868,Jaipur,UPI Scam,24957,13:54,1-2 Hours,Mansarovar,"Axis Bank ATM, Rajat Path, Mansarovar"
INC-11869,Jodhpur,Loan App Fraud,51841,17:45,12-24 Hours,Jhotwara,"SBI ATM, Panchawala, Jhotwara"
INC-11870,Alwar,Job Fraud,34580,14:07,12-24 Hours,Sitapura Industrial,"Axis Bank ATM, Tonk Road Junction, Sitapura Industrial"
INC-11871,Jaipur,UPI Scam,45957,14:54,12-24 Hours,Mansarovar,"ICICI ATM, VT Road Chauraha, Mansarovar"
INC-11872,Jaipur,Loan App Fraud,69470,17:07,12-24 Hours,Mansarovar,"SBI ATM, Kissan Dharam Kanta, Mansarovar"
INC-11873,Jodhpur,UPI Scam,11628,14:46,1-2 Hours,Mansarovar,"SBI ATM, Kissan Dharam Kanta, Mansarovar"
INC-11874,Sikar,UPI Scam,18221,15:41,1-2 Hours,Mansarovar,"PNB ATM, Kaveri Path, Mansarovar"
INC-11875,Tonk,UPI Scam,14500,20:44,1-2 Hours,Mansarovar,"SBI ATM, VT Road Chauraha, Mansarovar"
INC-11876,Sikar,OLX Scam,8458,11:36,1-2 Hours,Vaishali Nagar,"Kotak Mahindra ATM, Nursery Circle, Vaishali Nagar"
INC-11877,Pali,Credit Card Cloning,90363,16:18,12-24 Hours,Jhotwara,"Bank of Baroda ATM, Kanta Chauraha, Jhotwara"
INC-11878,Jodhpur,UPI Scam,12111,14:27,1-2 Hours,Mansarovar,"PNB ATM, Kissan Dharam Kanta, Mansarovar"
INC-11879,Jaipur,UPI Scam,6253,10:51,1-2 Hours,Mansarovar,"Axis Bank ATM, Madhyam Marg, Mansarovar"
INC-11880,Pali,Investment Scam,150046,10:10,12-24 Hours,C-Scheme,"HDFC ATM, Subhash Marg, C-Scheme"
INC-11881,Jodhpur,UPI Scam,3734,10:37,1-2 Hours,Mansarovar,"HDFC ATM, VT Road Chauraha, Mansarovar"
INC-11882,Jaipur,Credit Card Cloning,257625,17:15,12-24 Hours,C-Scheme,"Union Bank ATM, Ahinsa Circle, C-Scheme"
INC-11883,Jaipur,Credit Card Cloning,84401,19:19,12-24 Hours,C-Scheme,"PNB ATM, Subhash Marg, C-Scheme"
INC-11884,Jaipur,KYC Fraud,11438,11:55,1-2 Hours,Mansarovar,"Bank of Baroda ATM, Kaveri Path, Mansarovar"
INC-11885,Ajmer,KYC Fraud,24819,13:12,1-2 Hours,Sitapura Industrial,"SBI ATM, EPI Zone, Sitapura Industrial"
INC-11886,Tonk,Investment Scam,193986,14:53,12-24 Hours,C-Scheme,"Union Bank ATM, Ashok Marg, C-Scheme"
INC-11887,Jodhpur,KYC Fraud,49377,10:01,12-24 Hours,Bani Park,"ICICI ATM, Peetal Factory, Bani Park"
INC-11888,Jaipur,Loan App Fraud,29480,14:50,1-2 Hours,Mansarovar,"SBI ATM, Madhyam Marg, Mansarovar"
INC-11889,Jaipur,Sextortion,55398,23:15,12-24 Hours,Sitapura Industrial,"PNB ATM, Mahatma Gandhi Hospital Road, Sitapura Industrial"
INC-11890,Ajmer,Loan App Fraud,11304,16:20,1-2 Hours,Vidyadhar Nagar,"PNB ATM, Central Spine, Vidyadhar Nagar"
INC-11891,Jaipur,Loan App Fraud,11154,17:19,1-2 Hours,Mansarovar,"SBI ATM, Kaveri Path, Mansarovar"
INC-11892,Alwar,Job Fraud,74714,17:41,12-24 Hours,Jagatpura,"Union Bank ATM, NRI Colony, Jagatpura"
INC-11893,Jaipur,Sextortion,51202,21:26,12-24 Hours,Sitapura Industrial,"PNB ATM, RIICO Phase 1, Sitapura Industrial"
INC-11894,Pali,Loan App Fraud,15777,14:14,1-2 Hours,Vidyadhar Nagar,"PNB ATM, Sector 2, Vidyadhar Nagar"
INC-11895,Bikaner,Investment Scam,131535,11:39,12-24 Hours,Bani Park,"PNB ATM, Collectorate Circle, Bani Park"
INC-11896,Jodhpur,UPI Scam,30375,19:13,12-24 Hours,Mansarovar,"ICICI ATM, Madhyam Marg, Mansarovar"
INC-11897,Udaipur,Sextortion,94007,23:42,12-24 Hours,Sitapura Industrial,"SBI ATM, India Gate, Sitapura Industrial"
INC-11898,Alwar,UPI Scam,35535,15:23,12-24 Hours,Mansarovar,"HDFC ATM, VT Road Chauraha, Mansarovar"
INC-11899,Sikar,Investment Scam,153054,14:57,12-24 Hours,Bani Park,"Union Bank ATM, Sindhi Camp Bus Stand Road, Bani Park"
INC-11900,Jaipur,Loan App Fraud,82330,16:01,12-24 Hours,C-Scheme,"PNB ATM, MI Road Junction, C-Scheme"
INC-11901,Bikaner,Investment Scam,261446,17:48,12-24 Hours,Bani Park,"ICICI ATM, Sindhi Camp Bus Stand Road, Bani Park"
INC-11902,Jaipur,Loan App Fraud,68840,15:28,12-24 Hours,Vidyadhar Nagar,"Union Bank ATM, National Highway 52 Bypass, Vidyadhar Nagar"
INC-11903,Pali,Job Fraud,25523,09:42,1-2 Hours,Bani Park,"Bank of Baroda ATM, Peetal Factory, Bani Park"
INC-11904,Jaipur,Investment Scam,210797,12:59,12-24 Hours,C-Scheme,"HDFC ATM, Ahinsa Circle, C-Scheme"
INC-11905,Jaipur,Loan App Fraud,47916,15:57,12-24 Hours,Malviya Nagar,"Kotak Mahindra ATM, Sector 3 Market, Malviya Nagar"
INC-11906,Udaipur,Sextortion,84331,00:17,12-24 Hours,Vidyadhar Nagar,"Union Bank ATM, Central Spine, Vidyadhar Nagar"
INC-11907,Jaipur,KYC Fraud,41010,12:22,12-24 Hours,Malviya Nagar,"Kotak Mahindra ATM, Gaurav Tower (GT) Road, Malviya Nagar"
INC-11908,Jodhpur,Sextortion,61695,22:46,12-24 Hours,Sitapura Industrial,"Axis Bank ATM, EPI Zone, Sitapura Industrial"
INC-11909,Jodhpur,UPI Scam,45513,15:18,12-24 Hours,Bani Park,"Kotak Mahindra ATM, Sindhi Camp Bus Stand Road, Bani Park"
INC-11910,Alwar,Loan App Fraud,75210,16:46,12-24 Hours,Vidyadhar Nagar,"Kotak Mahindra ATM, Sector 2, Vidyadhar Nagar"
INC-11911,Jaipur,Job Fraud,18224,13:35,1-2 Hours,Jagatpura,"SBI ATM, NRI Colony, Jagatpura"
INC-11912,Jaipur,KYC Fraud,13244,19:34,1-2 Hours,Malviya Nagar,"Kotak Mahindra ATM, Apex Circle, Malviya Nagar"
INC-11913,Ajmer,UPI Scam,50082,20:39,12-24 Hours,Bani Park,"Kotak Mahindra ATM, Sindhi Camp Bus Stand Road, Bani Park"
INC-11914,Jaipur,KYC Fraud,71084,13:36,12-24 Hours,Vaishali Nagar,"Union Bank ATM, Hanuman Nagar, Vaishali Nagar"
INC-11915,Jaipur,UPI Scam,37462,10:57,12-24 Hours,Mansarovar,"HDFC ATM, Kaveri Path, Mansarovar"
INC-11916,Kota,Investment Scam,120085,15:06,12-24 Hours,C-Scheme,"Axis Bank ATM, Subhash Marg, C-Scheme"
INC-11917,Jaipur,Sextortion,48476,20:35,12-24 Hours,Sitapura Industrial,"PNB ATM, EPI Zone, Sitapura Industrial"
INC-11918,Udaipur,KYC Fraud,45822,16:31,12-24 Hours,Bani Park,"PNB ATM, Kabir Marg, Bani Park"
INC-11919,Jaipur,UPI Scam,7585,12:01,1-2 Hours,Mansarovar,"PNB ATM, Patrakar Colony, Mansarovar"
INC-11920,Kota,KYC Fraud,51339,14:44,12-24 Hours,Bani Park,"HDFC ATM, Sindhi Camp Bus Stand Road, Bani Park"
INC-11921,Jaipur,Job Fraud,112215,14:29,12-24 Hours,Jagatpura,"SBI ATM, Ramnagariya, Jagatpura"
INC-11922,Bikaner,UPI Scam,12925,13:53,1-2 Hours,Mansarovar,"HDFC ATM, VT Road Chauraha, Mansarovar"
INC-11923,Jaipur,UPI Scam,17083,13:37,1-2 Hours,Mansarovar,"Axis Bank ATM, Rajat Path, Mansarovar"
INC-11924,Jodhpur,Job Fraud,67859,17:21,12-24 Hours,Bani Park,"HDFC ATM, Kabir Marg, Bani Park"
INC-11925,Ajmer,Loan App Fraud,59550,10:54,12-24 Hours,Bani Park,"ICICI ATM, Collectorate Circle, Bani Park"
INC-11926,Sikar,Sextortion,44581,01:04,12-24 Hours,Sitapura Industrial,"Bank of Baroda ATM, RIICO Phase 1, Sitapura Industrial"
INC-11927,Udaipur,KYC Fraud,42031,12:26,12-24 Hours,Bani Park,"Kotak Mahindra ATM, Sindhi Camp Bus Stand Road, Bani Park"
INC-11928,Jaipur,KYC Fraud,40737,11:03,12-24 Hours,Malviya Nagar,"Bank of Baroda ATM, Sector 3 Market, Malviya Nagar"
INC-11929,Jodhpur,UPI Scam,4569,15:37,1-2 Hours,Mansarovar,"PNB ATM, Kaveri Path, Mansarovar"
INC-11930,Jaipur,UPI Scam,44450,22:31,12-24 Hours,Mansarovar,"Kotak Mahindra ATM, Kissan Dharam Kanta, Mansarovar"
INC-11931,Jodhpur,KYC Fraud,25296,11:55,1-2 Hours,Bani Park,"Bank of Baroda ATM, Peetal Factory, Bani Park"
INC-11932,Jodhpur,Investment Scam,117559,16:14,12-24 Hours,C-Scheme,"PNB ATM, Ashok Marg, C-Scheme"
INC-11933,Jaipur,Sextortion,67476,23:56,12-24 Hours,Sitapura Industrial,"PNB ATM, Tonk Road Junction, Sitapura Industrial"
INC-11934,Jodhpur,UPI Scam,26612,17:40,1-2 Hours,Mansarovar,"HDFC ATM, Kissan Dharam Kanta, Mansarovar"
INC-11935,Jaipur,Job Fraud,44893,10:07,12-24 Hours,Jagatpura,"ICICI ATM, NRI Colony, Jagatpura"
INC-11936,Jaipur,OLX Scam,33022,17:25,12-24 Hours,Vaishali Nagar,"Union Bank ATM, Queens Road, Vaishali Nagar"
INC-11937,Jaipur,KYC Fraud,9247,09:23,1-2 Hours,Mansarovar,"HDFC ATM, Madhyam Marg, Mansarovar"
INC-11938,Pali,Investment Scam,203514,11:48,12-24 Hours,Bani Park,"SBI ATM, Collectorate Circle, Bani Park"
INC-11939,Pali,Job Fraud,32193,13:08,12-24 Hours,Jagatpura,"Union Bank ATM, 7 Number Stand, Jagatpura"
INC-11940,Jaipur,UPI Scam,24164,18:28,1-2 Hours,Mansarovar,"SBI ATM, Patrakar Colony, Mansarovar"
INC-11941,Jaipur,Credit Card Cloning,179833,18:03,12-24 Hours,Pratap Nagar,"HDFC ATM, Kumbha Marg, Pratap Nagar"
INC-11942,Jaipur,OLX Scam,21269,18:03,1-2 Hours,Vaishali Nagar,"Kotak Mahindra ATM, Hanuman Nagar, Vaishali Nagar"
INC-11943,Udaipur,KYC Fraud,49016,11:08,12-24 Hours,Bani Park,"ICICI ATM, Kabir Marg, Bani Park"
INC-11944,Jaipur,Job Fraud,111891,13:02,12-24 Hours,Jagatpura,"PNB ATM, Mahal Road, Jagatpura"
INC-11945,Sikar,KYC Fraud,19307,13:54,1-2 Hours,Jhotwara,"ICICI ATM, Panchawala, Jhotwara"
INC-11946,Bhilwara,UPI Scam,47002,11:39,12-24 Hours,Mansarovar,"Union Bank ATM, Rajat Path, Mansarovar"
INC-11947,Kota,Loan App Fraud,32359,18:31,12-24 Hours,Vidyadhar Nagar,"PNB ATM, Sector 2, Vidyadhar Nagar"
INC-11948,Jaipur,UPI Scam,37434,14:45,12-24 Hours,Mansarovar,"Union Bank ATM, Patrakar Colony, Mansarovar"
INC-11949,Jaipur,Job Fraud,121243,10:21,12-24 Hours,Jagatpura,"SBI ATM, SKIT College Road, Jagatpura"
INC-11950,Sikar,UPI Scam,16804,22:39,1-2 Hours,Bani Park,"ICICI ATM, Kabir Marg, Bani Park"
INC-11951,Pali,KYC Fraud,16073,12:04,1-2 Hours,Malviya Nagar,"HDFC ATM, Sector 3 Market, Malviya Nagar"
INC-11952,Sikar,KYC Fraud,27189,12:17,1-2 Hours,Bani Park,"Bank of Baroda ATM, Sindhi Camp Bus Stand Road, Bani Park"
INC-11953,Jaipur,Loan App Fraud,80749,13:56,12-24 Hours,C-Scheme,"Axis Bank ATM, MI Road Junction, C-Scheme"
INC-11954,Jodhpur,UPI Scam,25238,12:43,1-2 Hours,Mansarovar,"SBI ATM, Rajat Path, Mansarovar"
INC-11955,Alwar,Loan App Fraud,52228,13:55,12-24 Hours,Vidyadhar Nagar,"Union Bank ATM, National Highway 52 Bypass, Vidyadhar Nagar"
INC-11956,Ajmer,KYC Fraud,35230,15:19,12-24 Hours,Bani Park,"ICICI ATM, Collectorate Circle, Bani Park"
INC-11957,Tonk,KYC Fraud,32733,11:16,12-24 Hours,Bani Park,"Union Bank ATM, Sindhi Camp Bus Stand Road, Bani Park"
INC-11958,Jodhpur,UPI Scam,7335,16:16,1-2 Hours,Mansarovar,"Kotak Mahindra ATM, Rajat Path, Mansarovar"
INC-11959,Jaipur,UPI Scam,10784,14:36,1-2 Hours,Mansarovar,"Axis Bank ATM, VT Road Chauraha, Mansarovar"
INC-11960,Bikaner,UPI Scam,8047,15:13,1-2 Hours,Mansarovar,"ICICI ATM, Kaveri Path, Mansarovar"
INC-11961,Tonk,Sextortion,58106,20:07,12-24 Hours,Sitapura Industrial,"ICICI ATM, India Gate, Sitapura Industrial"
INC-11962,Jaipur,UPI Scam,10212,11:27,1-2 Hours,Mansarovar,"Kotak Mahindra ATM, Kissan Dharam Kanta, Mansarovar"
INC-11963,Jodhpur,UPI Scam,4866,18:24,1-2 Hours,Mansarovar,"Union Bank ATM, Rajat Path, Mansarovar"
INC-11964,Jaipur,Job Fraud,124610,11:57,12-24 Hours,C-Scheme,"SBI ATM, Statue Circle, C-Scheme"
INC-11965,Ajmer,Loan App Fraud,45995,15:17,12-24 Hours,Vaishali Nagar,"SBI ATM, Nursery Circle, Vaishali Nagar"
INC-11966,Jodhpur,Investment Scam,214872,14:02,12-24 Hours,C-Scheme,"Bank of Baroda ATM, Ahinsa Circle, C-Scheme"
INC-11967,Jaipur,Investment Scam,283480,13:52,12-24 Hours,C-Scheme,"SBI ATM, Ashok Marg, C-Scheme"
INC-11968,Bikaner,Loan App Fraud,80108,15:27,12-24 Hours,Bani Park,"SBI ATM, Collectorate Circle, Bani Park"
INC-11969,Jodhpur,Loan App Fraud,28713,13:19,1-2 Hours,Vaishali Nagar,"Kotak Mahindra ATM, Queens Road, Vaishali Nagar"
INC-11970,Bhilwara,Credit Card Cloning,156487,21:25,12-24 Hours,Bani Park,"Bank of Baroda ATM, Collectorate Circle, Bani Park"
INC-11971,Alwar,Loan App Fraud,41665,16:49,12-24 Hours,Vidyadhar Nagar,"SBI ATM, National Highway 52 Bypass, Vidyadhar Nagar"
INC-11972,Ajmer,UPI Scam,17985,11:24,1-2 Hours,Mansarovar,"Kotak Mahindra ATM, VT Road Chauraha, Mansarovar"
INC-11973,Alwar,Investment Scam,145756,13:33,12-24 Hours,C-Scheme,"HDFC ATM, Subhash Marg, C-Scheme"
INC-11974,Tonk,Credit Card Cloning,110729,16:29,12-24 Hours,Pratap Nagar,"ICICI ATM, Sector 11, Pratap Nagar"
INC-11975,Bhilwara,Job Fraud,143254,09:27,12-24 Hours,C-Scheme,"HDFC ATM, Statue Circle, C-Scheme"
INC-11976,Bhilwara,Investment Scam,120191,16:00,12-24 Hours,C-Scheme,"ICICI ATM, Subhash Marg, C-Scheme"
INC-11977,Jaipur,UPI Scam,38982,17:50,12-24 Hours,Malviya Nagar,"ICICI ATM, Gaurav Tower (GT) Road, Malviya Nagar"
INC-11978,Udaipur,KYC Fraud,19695,20:31,1-2 Hours,Bani Park,"HDFC ATM, Sindhi Camp Bus Stand Road, Bani Park"
INC-11979,Jaipur,Job Fraud,117918,10:05,12-24 Hours,C-Scheme,"ICICI ATM, Ashok Marg, C-Scheme"
INC-11980,Alwar,Job Fraud,156721,12:32,12-24 Hours,C-Scheme,"Union Bank ATM, Ashok Marg, C-Scheme"
INC-11981,Ajmer,Sextortion,92678,03:58,12-24 Hours,Sitapura Industrial,"Bank of Baroda ATM, EPI Zone, Sitapura Industrial"
INC-11982,Jaipur,Investment Scam,118515,12:49,12-24 Hours,C-Scheme,"Bank of Baroda ATM, Subhash Marg, C-Scheme"
INC-11983,Udaipur,UPI Scam,24170,11:01,1-2 Hours,Vaishali Nagar,"SBI ATM, Hanuman Nagar, Vaishali Nagar"
INC-11984,Pali,UPI Scam,26547,12:29,1-2 Hours,Mansarovar,"PNB ATM, Madhyam Marg, Mansarovar"
INC-11985,Jaipur,Investment Scam,108298,16:00,12-24 Hours,C-Scheme,"Bank of Baroda ATM, Ashok Marg, C-Scheme"
INC-11986,Jaipur,Sextortion,72179,03:15,12-24 Hours,Sitapura Industrial,"PNB ATM, Tonk Road Junction, Sitapura Industrial"
INC-11987,Jaipur,Loan App Fraud,11610,18:30,1-2 Hours,Malviya Nagar,"Bank of Baroda ATM, Gaurav Tower (GT) Road, Malviya Nagar"
INC-11988,Jaipur,Investment Scam,246388,14:23,12-24 Hours,C-Scheme,"HDFC ATM, MI Road Junction, C-Scheme"
INC-11989,Tonk,Job Fraud,130199,16:11,12-24 Hours,Sitapura Industrial,"HDFC ATM, EPI Zone, Sitapura Industrial"
INC-11990,Jodhpur,Investment Scam,54948,12:52,12-24 Hours,Bani Park,"Union Bank ATM, Collectorate Circle, Bani Park"
INC-11991,Ajmer,UPI Scam,5033,10:30,1-2 Hours,Mansarovar,"SBI ATM, Madhyam Marg, Mansarovar"
INC-11992,Jaipur,Credit Card Cloning,271069,04:14,12-24 Hours,Pratap Nagar,"Bank of Baroda ATM, Sector 11, Pratap Nagar"
INC-11993,Bikaner,UPI Scam,23727,14:08,1-2 Hours,Mansarovar,"Kotak Mahindra ATM, Patrakar Colony, Mansarovar"
INC-11994,Ajmer,OLX Scam,13546,10:12,1-2 Hours,Bani Park,"ICICI ATM, Peetal Factory, Bani Park"
INC-11995,Bikaner,Investment Scam,68104,17:02,12-24 Hours,Bani Park,"PNB ATM, Kabir Marg, Bani Park"
INC-11996,Jaipur,Investment Scam,169865,12:56,12-24 Hours,C-Scheme,"PNB ATM, Statue Circle, C-Scheme"
INC-11997,Kota,Investment Scam,131678,13:33,12-24 Hours,Vidyadhar Nagar,"ICICI ATM, Alka Cinema Road, Vidyadhar Nagar"
INC-11998,Jaipur,Investment Scam,267477,12:57,12-24 Hours,C-Scheme,"Axis Bank ATM, Ashok Marg, C-Scheme"
INC-11999,Jaipur,Job Fraud,41543,12:25,12-24 Hours,Jagatpura,"Kotak Mahindra ATM, SKIT College Road, Jagatpura"
INC-12000,Pali,Job Fraud,55509,10:23,12-24 Hours,Bani Park,"SBI ATM, Peetal Factory, Bani Park"
INC-12001,Jodhpur,KYC Fraud,9902,20:02,1-2 Hours,Jhotwara,"SBI ATM, Lata Circle, Jhotwara"
INC-12002,Ajmer,KYC Fraud,44745,10:56,12-24 Hours,Bani Park,"SBI ATM, Collectorate Circle, Bani Park"
INC-12003,Jaipur,Loan App Fraud,94822,14:21,12-24 Hours,C-Scheme,"SBI ATM, Statue Circle, C-Scheme"
INC-12004,Bikaner,Credit Card Cloning,103493,18:23,12-24 Hours,Pratap Nagar,"Kotak Mahindra ATM, Tonk Road, Pratap Nagar"
INC-12005,Pali,KYC Fraud,59390,12:42,12-24 Hours,Bani Park,"SBI ATM, Collectorate Circle, Bani Park"
INC-12006,Jaipur,KYC Fraud,19669,17:10,1-2 Hours,Malviya Nagar,"SBI ATM, Gaurav Tower (GT) Road, Malviya Nagar"
INC-12007,Bhilwara,Investment Scam,176962,10:51,12-24 Hours,C-Scheme,"ICICI ATM, Ashok Marg, C-Scheme"
INC-12008,Alwar,Credit Card Cloning,72998,18:48,12-24 Hours,Pratap Nagar,"Union Bank ATM, Haldi Ghati Marg, Pratap Nagar"
INC-12009,Jodhpur,UPI Scam,8530,15:01,1-2 Hours,Mansarovar,"Bank of Baroda ATM, Rajat Path, Mansarovar"
INC-12010,Pali,Credit Card Cloning,190980,03:49,12-24 Hours,Pratap Nagar,"Axis Bank ATM, Sector 11, Pratap Nagar"
INC-12011,Sikar,OLX Scam,28328,10:27,1-2 Hours,Vaishali Nagar,"SBI ATM, Gandhi Path, Vaishali Nagar"
INC-12012,Jaipur,Job Fraud,170604,12:41,12-24 Hours,C-Scheme,"HDFC ATM, Statue Circle, C-Scheme"
INC-12013,Jaipur,Job Fraud,141927,18:43,12-24 Hours,C-Scheme,"Axis Bank ATM, Ashok Marg, C-Scheme"
INC-12014,Ajmer,UPI Scam,15923,10:01,1-2 Hours,Mansarovar,"SBI ATM, Rajat Path, Mansarovar"
INC-12015,Jodhpur,KYC Fraud,58643,17:16,12-24 Hours,Jhotwara,"Union Bank ATM, Triton Mall Road, Jhotwara"
INC-12016,Jaipur,Credit Card Cloning,70256,15:36,12-24 Hours,Pratap Nagar,"Axis Bank ATM, Kumbha Marg, Pratap Nagar"
INC-12017,Bhilwara,OLX Scam,20018,21:24,1-2 Hours,Pratap Nagar,"Union Bank ATM, Sector 16 Market, Pratap Nagar"
INC-12018,Kota,Investment Scam,116731,09:31,12-24 Hours,C-Scheme,"SBI ATM, Ahinsa Circle, C-Scheme"
INC-12019,Jaipur,KYC Fraud,17144,19:37,1-2 Hours,Malviya Nagar,"PNB ATM, Calgiri Road, Malviya Nagar"
INC-12020,Jaipur,UPI Scam,47306,16:54,12-24 Hours,Mansarovar,"PNB ATM, Patrakar Colony, Mansarovar"
INC-12021,Jaipur,UPI Scam,34572,14:15,12-24 Hours,Mansarovar,"SBI ATM, Patrakar Colony, Mansarovar"
INC-12022,Jaipur,Investment Scam,147905,17:05,12-24 Hours,C-Scheme,"ICICI ATM, Ahinsa Circle, C-Scheme"
INC-12023,Jodhpur,Sextortion,90214,00:21,12-24 Hours,Sitapura Industrial,"Bank of Baroda ATM, Tonk Road Junction, Sitapura Industrial"
INC-12024,Kota,Loan App Fraud,39218,19:10,12-24 Hours,Vidyadhar Nagar,"ICICI ATM, Central Spine, Vidyadhar Nagar"
INC-12025,Ajmer,Job Fraud,65885,11:42,12-24 Hours,C-Scheme,"Axis Bank ATM, Subhash Marg, C-Scheme"
INC-12026,Bikaner,UPI Scam,3295,16:16,1-2 Hours,Mansarovar,"ICICI ATM, Madhyam Marg, Mansarovar"
INC-12027,Udaipur,Sextortion,14456,00:53,1-2 Hours,Sitapura Industrial,"HDFC ATM, EPI Zone, Sitapura Industrial"
INC-12028,Jaipur,Credit Card Cloning,123169,17:22,12-24 Hours,Bani Park,"ICICI ATM, Collectorate Circle, Bani Park"
INC-12029,Pali,Sextortion,26244,00:06,1-2 Hours,C-Scheme,"HDFC ATM, Subhash Marg, C-Scheme"
INC-12030,Kota,Sextortion,32863,22:47,12-24 Hours,Sitapura Industrial,"Bank of Baroda ATM, Mahatma Gandhi Hospital Road, Sitapura Industrial"
INC-12031,Udaipur,Loan App Fraud,16724,16:58,1-2 Hours,Bani Park,"SBI ATM, Kabir Marg, Bani Park"
INC-12032,Jaipur,Job Fraud,122662,14:09,12-24 Hours,C-Scheme,"Kotak Mahindra ATM, MI Road Junction, C-Scheme"
INC-12033,Udaipur,Job Fraud,143924,15:42,12-24 Hours,Sitapura Industrial,"PNB ATM, RIICO Phase 1, Sitapura Industrial"
INC-12034,Jaipur,Sextortion,29687,01:18,1-2 Hours,Sitapura Industrial,"Axis Bank ATM, Mahatma Gandhi Hospital Road, Sitapura Industrial"
INC-12035,Ajmer,Job Fraud,129056,11:17,12-24 Hours,Bani Park,"PNB ATM, Collectorate Circle, Bani Park"
INC-12036,Jaipur,Loan App Fraud,46379,16:26,12-24 Hours,Jagatpura,"HDFC ATM, Mahal Road, Jagatpura"
INC-12037,Tonk,Loan App Fraud,40659,16:02,12-24 Hours,Vidyadhar Nagar,"SBI ATM, Sector 2, Vidyadhar Nagar"
INC-12038,Alwar,Loan App Fraud,22395,16:31,1-2 Hours,Vidyadhar Nagar,"ICICI ATM, Alka Cinema Road, Vidyadhar Nagar"
INC-12039,Jodhpur,Loan App Fraud,49633,11:26,12-24 Hours,Bani Park,"ICICI ATM, Collectorate Circle, Bani Park"
INC-12040,Jaipur,UPI Scam,12345,11:50,1-2 Hours,Mansarovar,"Bank of Baroda ATM, Rajat Path, Mansarovar"
INC-12041,Ajmer,Loan App Fraud,31699,14:49,12-24 Hours,Bani Park,"Axis Bank ATM, Sindhi Camp Bus Stand Road, Bani Park"
INC-12042,Jaipur,UPI Scam,9507,15:19,1-2 Hours,Mansarovar,"HDFC ATM, Kissan Dharam Kanta, Mansarovar"
INC-12043,Jodhpur,Job Fraud,134051,11:16,12-24 Hours,Bani Park,"HDFC ATM, Collectorate Circle, Bani Park"
INC-12044,Jaipur,Loan App Fraud,38180,13:05,12-24 Hours,Vaishali Nagar,"ICICI ATM, Hanuman Nagar, Vaishali Nagar"
INC-12045,Bikaner,OLX Scam,5807,14:53,1-2 Hours,Vaishali Nagar,"Bank of Baroda ATM, Nursery Circle, Vaishali Nagar"
INC-12046,Tonk,KYC Fraud,64388,18:05,12-24 Hours,Jhotwara,"Kotak Mahindra ATM, Panchawala, Jhotwara"
INC-12047,Ajmer,Investment Scam,120688,10:41,12-24 Hours,C-Scheme,"PNB ATM, Ashok Marg, C-Scheme"
INC-12048,Jaipur,Loan App Fraud,28805,12:26,1-2 Hours,Mansarovar,"Axis Bank ATM, Kaveri Path, Mansarovar"
INC-12049,Jaipur,OLX Scam,17100,11:27,1-2 Hours,Vaishali Nagar,"Kotak Mahindra ATM, Gandhi Path, Vaishali Nagar"
INC-12050,Bhilwara,UPI Scam,13707,11:21,1-2 Hours,Mansarovar,"ICICI ATM, Rajat Path, Mansarovar"
INC-12051,Tonk,Job Fraud,54403,14:47,12-24 Hours,Sitapura Industrial,"SBI ATM, Mahatma Gandhi Hospital Road, Sitapura Industrial"
INC-12052,Udaipur,Loan App Fraud,79668,15:46,12-24 Hours,Vidyadhar Nagar,"ICICI ATM, Sector 2, Vidyadhar Nagar"
INC-12053,Jaipur,Investment Scam,68680,14:21,12-24 Hours,C-Scheme,"Axis Bank ATM, MI Road Junction, C-Scheme"
INC-12054,Bikaner,Loan App Fraud,51719,19:42,12-24 Hours,Bani Park,"ICICI ATM, Kabir Marg, Bani Park"
INC-12055,Jaipur,Job Fraud,44492,11:05,12-24 Hours,Jagatpura,"Axis Bank ATM, Mahal Road, Jagatpura"
INC-12056,Sikar,KYC Fraud,38066,14:55,12-24 Hours,Malviya Nagar,"PNB ATM, Apex Circle, Malviya Nagar"
INC-12057,Udaipur,Investment Scam,234987,13:37,12-24 Hours,C-Scheme,"Union Bank ATM, Subhash Marg, C-Scheme"
INC-12058,Sikar,Investment Scam,277963,15:23,12-24 Hours,Bani Park,"Bank of Baroda ATM, Sindhi Camp Bus Stand Road, Bani Park"
INC-12059,Tonk,KYC Fraud,31929,21:27,12-24 Hours,Jhotwara,"Kotak Mahindra ATM, Kalwar Road, Jhotwara"
INC-12060,Jaipur,OLX Scam,4927,13:21,1-2 Hours,Vaishali Nagar,"SBI ATM, Hanuman Nagar, Vaishali Nagar"
INC-12061,Pali,Loan App Fraud,73716,13:09,12-24 Hours,Jhotwara,"Kotak Mahindra ATM, Lata Circle, Jhotwara"
INC-12062,Jaipur,Loan App Fraud,40550,14:29,12-24 Hours,Malviya Nagar,"Axis Bank ATM, Gaurav Tower (GT) Road, Malviya Nagar"
INC-12063,Bhilwara,OLX Scam,8246,17:07,1-2 Hours,Vaishali Nagar,"ICICI ATM, Nursery Circle, Vaishali Nagar"
INC-12064,Pali,OLX Scam,38252,20:26,12-24 Hours,Malviya Nagar,"Axis Bank ATM, Calgiri Road, Malviya Nagar"
INC-12065,Bikaner,OLX Scam,9900,12:42,1-2 Hours,Vaishali Nagar,"Kotak Mahindra ATM, Gandhi Path, Vaishali Nagar"
INC-12066,Kota,OLX Scam,32813,16:33,12-24 Hours,Vaishali Nagar,"HDFC ATM, Nursery Circle, Vaishali Nagar"
INC-12067,Bikaner,Loan App Fraud,15464,11:20,1-2 Hours,Bani Park,"HDFC ATM, Kabir Marg, Bani Park"
INC-12068,Jaipur,KYC Fraud,67273,12:17,12-24 Hours,Bani Park,"Union Bank ATM, Kabir Marg, Bani Park"
INC-12069,Bhilwara,Credit Card Cloning,150462,03:26,12-24 Hours,Pratap Nagar,"SBI ATM, Tonk Road, Pratap Nagar"
INC-12070,Bikaner,Loan App Fraud,61316,13:43,12-24 Hours,Bani Park,"Kotak Mahindra ATM, Peetal Factory, Bani Park"
INC-12071,Jaipur,UPI Scam,19773,10:44,1-2 Hours,Mansarovar,"SBI ATM, Rajat Path, Mansarovar"
INC-12072,Jodhpur,UPI Scam,18702,14:33,1-2 Hours,Mansarovar,"Bank of Baroda ATM, Rajat Path, Mansarovar"
INC-12073,Alwar,UPI Scam,4603,11:19,1-2 Hours,Mansarovar,"ICICI ATM, Madhyam Marg, Mansarovar"
INC-12074,Jaipur,Sextortion,98350,22:44,12-24 Hours,Sitapura Industrial,"Axis Bank ATM, Mahatma Gandhi Hospital Road, Sitapura Industrial"
INC-12075,Bikaner,Investment Scam,98059,12:58,12-24 Hours,Bani Park,"Union Bank ATM, Sindhi Camp Bus Stand Road, Bani Park"
INC-12076,Jaipur,UPI Scam,16504,13:58,1-2 Hours,Mansarovar,"Kotak Mahindra ATM, VT Road Chauraha, Mansarovar"
INC-12077,Sikar,Job Fraud,40684,15:46,12-24 Hours,Jagatpura,"Bank of Baroda ATM, NRI Colony, Jagatpura"
INC-12078,Jodhpur,Job Fraud,126584,16:09,12-24 Hours,Bani Park,"ICICI ATM, Sindhi Camp Bus Stand Road, Bani Park"
INC-12079,Alwar,Investment Scam,132405,14:18,12-24 Hours,C-Scheme,"ICICI ATM, Ahinsa Circle, C-Scheme"
INC-12080,Jodhpur,Sextortion,76971,03:14,12-24 Hours,Sitapura Industrial,"Axis Bank ATM, India Gate, Sitapura Industrial"
INC-12081,Jodhpur,UPI Scam,15533,09:32,1-2 Hours,Mansarovar,"Union Bank ATM, Madhyam Marg, Mansarovar"
INC-12082,Jaipur,Job Fraud,118654,10:02,12-24 Hours,C-Scheme,"Axis Bank ATM, Subhash Marg, C-Scheme"
INC-12083,Jaipur,Sextortion,28778,21:43,1-2 Hours,Sitapura Industrial,"Axis Bank ATM, Mahatma Gandhi Hospital Road, Sitapura Industrial"
INC-12084,Ajmer,Loan App Fraud,50520,19:34,12-24 Hours,Vidyadhar Nagar,"Kotak Mahindra ATM, National Highway 52 Bypass, Vidyadhar Nagar"
INC-12085,Bhilwara,Investment Scam,137874,12:44,12-24 Hours,C-Scheme,"Axis Bank ATM, Statue Circle, C-Scheme"
INC-12086,Tonk,UPI Scam,9492,16:09,1-2 Hours,Mansarovar,"PNB ATM, Patrakar Colony, Mansarovar"
INC-12087,Jaipur,Loan App Fraud,65615,15:46,12-24 Hours,Vidyadhar Nagar,"ICICI ATM, Sector 2, Vidyadhar Nagar"
INC-12088,Tonk,KYC Fraud,22517,17:41,1-2 Hours,Bani Park,"Axis Bank ATM, Kabir Marg, Bani Park"
INC-12089,Jaipur,KYC Fraud,50248,15:54,12-24 Hours,C-Scheme,"Axis Bank ATM, Ahinsa Circle, C-Scheme"
INC-12090,Alwar,Job Fraud,49244,14:31,12-24 Hours,Jagatpura,"Axis Bank ATM, Mahal Road, Jagatpura"
INC-12091,Alwar,OLX Scam,15815,12:56,1-2 Hours,Vaishali Nagar,"ICICI ATM, Amrapali Circle, Vaishali Nagar"
INC-12092,Alwar,OLX Scam,11452,13:36,1-2 Hours,Vaishali Nagar,"Kotak Mahindra ATM, Gandhi Path, Vaishali Nagar"
INC-12093,Bikaner,Sextortion,44917,21:20,12-24 Hours,Sitapura Industrial,"SBI ATM, EPI Zone, Sitapura Industrial"
INC-12094,Jaipur,UPI Scam,9882,15:04,1-2 Hours,Mansarovar,"PNB ATM, Madhyam Marg, Mansarovar"
INC-12095,Ajmer,Loan App Fraud,25978,14:46,1-2 Hours,Mansarovar,"HDFC ATM, Kaveri Path, Mansarovar"
INC-12096,Jodhpur,Loan App Fraud,41626,14:51,12-24 Hours,Bani Park,"SBI ATM, Peetal Factory, Bani Park"
INC-12097,Jaipur,UPI Scam,12350,13:08,1-2 Hours,Vidyadhar Nagar,"Union Bank ATM, Central Spine, Vidyadhar Nagar"
INC-12098,Sikar,UPI Scam,14102,20:25,1-2 Hours,Mansarovar,"Kotak Mahindra ATM, Kaveri Path, Mansarovar"
INC-12099,Udaipur,Job Fraud,69469,10:27,12-24 Hours,Jagatpura,"HDFC ATM, NRI Colony, Jagatpura"
INC-12100,Udaipur,Sextortion,22019,00:29,1-2 Hours,Sitapura Industrial,"Kotak Mahindra ATM, RIICO Phase 1, Sitapura Industrial"
INC-12101,Tonk,Credit Card Cloning,249829,17:57,12-24 Hours,Pratap Nagar,"Axis Bank ATM, Tonk Road, Pratap Nagar"
INC-12102,Pali,Credit Card Cloning,64479,18:43,12-24 Hours,Pratap Nagar,"SBI ATM, Tonk Road, Pratap Nagar"
INC-12103,Sikar,Job Fraud,55944,11:53,12-24 Hours,C-Scheme,"HDFC ATM, Ashok Marg, C-Scheme"
INC-12104,Jaipur,KYC Fraud,48051,12:00,12-24 Hours,Vaishali Nagar,"PNB ATM, Nursery Circle, Vaishali Nagar"
INC-12105,Sikar,UPI Scam,18027,14:25,1-2 Hours,Mansarovar,"Kotak Mahindra ATM, Kissan Dharam Kanta, Mansarovar"
INC-12106,Jaipur,Sextortion,52186,22:56,12-24 Hours,Sitapura Industrial,"Axis Bank ATM, Tonk Road Junction, Sitapura Industrial"
INC-12107,Jaipur,Credit Card Cloning,32130,11:12,12-24 Hours,C-Scheme,"Axis Bank ATM, Subhash Marg, C-Scheme"
INC-12108,Jaipur,Investment Scam,264540,13:07,12-24 Hours,C-Scheme,"Union Bank ATM, Ahinsa Circle, C-Scheme"
INC-12109,Bhilwara,Job Fraud,58482,13:37,12-24 Hours,C-Scheme,"SBI ATM, Ashok Marg, C-Scheme"
INC-12110,Udaipur,UPI Scam,16153,10:19,1-2 Hours,Mansarovar,"Axis Bank ATM, Kissan Dharam Kanta, Mansarovar"
INC-12111,Jaipur,UPI Scam,14319,12:25,1-2 Hours,Mansarovar,"Bank of Baroda ATM, Kaveri Path, Mansarovar"
INC-12112,Jaipur,OLX Scam,18688,12:19,1-2 Hours,Malviya Nagar,"PNB ATM, Calgiri Road, Malviya Nagar"
INC-12113,Sikar,Investment Scam,197540,12:15,12-24 Hours,C-Scheme,"Axis Bank ATM, MI Road Junction, C-Scheme"
INC-12114,Bikaner,Loan App Fraud,21407,15:16,1-2 Hours,Bani Park,"PNB ATM, Peetal Factory, Bani Park"
INC-12115,Jaipur,Investment Scam,209299,14:26,12-24 Hours,C-Scheme,"Bank of Baroda ATM, MI Road Junction, C-Scheme"
INC-12116,Jaipur,Investment Scam,181961,11:15,12-24 Hours,C-Scheme,"PNB ATM, Ahinsa Circle, C-Scheme"
INC-12117,Jaipur,Loan App Fraud,95629,16:55,12-24 Hours,C-Scheme,"ICICI ATM, Ahinsa Circle, C-Scheme"
INC-12118,Udaipur,UPI Scam,14747,19:21,1-2 Hours,Mansarovar,"Kotak Mahindra ATM, Patrakar Colony, Mansarovar"
INC-12119,Udaipur,Job Fraud,133707,11:27,12-24 Hours,C-Scheme,"PNB ATM, MI Road Junction, C-Scheme"
INC-12120,Bhilwara,KYC Fraud,9070,16:57,1-2 Hours,Jhotwara,"SBI ATM, Panchawala, Jhotwara"
INC-12121,Kota,KYC Fraud,12319,10:33,1-2 Hours,Bani Park,"Kotak Mahindra ATM, Kabir Marg, Bani Park"
INC-12122,Sikar,KYC Fraud,20421,13:27,1-2 Hours,Jhotwara,"SBI ATM, Lata Circle, Jhotwara"
INC-12123,Tonk,UPI Scam,23987,12:16,1-2 Hours,Mansarovar,"PNB ATM, VT Road Chauraha, Mansarovar"
INC-12124,Sikar,KYC Fraud,15733,10:18,1-2 Hours,Bani Park,"SBI ATM, Sindhi Camp Bus Stand Road, Bani Park"
INC-12125,Pali,UPI Scam,17542,19:19,1-2 Hours,Vaishali Nagar,"Axis Bank ATM, Gandhi Path, Vaishali Nagar"
INC-12126,Udaipur,UPI Scam,17512,15:37,1-2 Hours,Mansarovar,"Union Bank ATM, Rajat Path, Mansarovar"
INC-12127,Jodhpur,Investment Scam,171976,14:35,12-24 Hours,Bani Park,"SBI ATM, Collectorate Circle, Bani Park"
INC-12128,Bikaner,Loan App Fraud,46091,16:48,12-24 Hours,Bani Park,"PNB ATM, Peetal Factory, Bani Park"
INC-12129,Ajmer,UPI Scam,41388,15:04,12-24 Hours,Mansarovar,"Union Bank ATM, Patrakar Colony, Mansarovar"
INC-12130,Udaipur,UPI Scam,5278,11:10,1-2 Hours,Mansarovar,"Bank of Baroda ATM, Madhyam Marg, Mansarovar"
INC-12131,Jaipur,Job Fraud,158320,12:12,12-24 Hours,C-Scheme,"Bank of Baroda ATM, Statue Circle, C-Scheme"
INC-12132,Jaipur,Sextortion,28575,01:06,1-2 Hours,C-Scheme,"Kotak Mahindra ATM, MI Road Junction, C-Scheme"
INC-12133,Jaipur,Loan App Fraud,19897,12:44,1-2 Hours,Mansarovar,"HDFC ATM, Rajat Path, Mansarovar"
INC-12134,Jaipur,Loan App Fraud,57515,14:49,12-24 Hours,Vidyadhar Nagar,"Kotak Mahindra ATM, Sector 2, Vidyadhar Nagar"
INC-12135,Udaipur,Job Fraud,111842,12:13,12-24 Hours,Jagatpura,"PNB ATM, SKIT College Road, Jagatpura"
INC-12136,Jaipur,Loan App Fraud,17003,13:15,1-2 Hours,Vaishali Nagar,"Union Bank ATM, Gandhi Path, Vaishali Nagar"
INC-12137,Jaipur,OLX Scam,29566,17:51,1-2 Hours,Vaishali Nagar,"Union Bank ATM, Amrapali Circle, Vaishali Nagar"
INC-12138,Ajmer,Investment Scam,294509,15:18,12-24 Hours,C-Scheme,"ICICI ATM, Statue Circle, C-Scheme"
INC-12139,Jaipur,KYC Fraud,25468,18:53,1-2 Hours,Malviya Nagar,"Union Bank ATM, Gaurav Tower (GT) Road, Malviya Nagar"
INC-12140,Pali,Credit Card Cloning,153346,15:03,12-24 Hours,Jhotwara,"ICICI ATM, Kanta Chauraha, Jhotwara"
INC-12141,Jodhpur,Credit Card Cloning,68109,17:32,12-24 Hours,Bani Park,"ICICI ATM, Kabir Marg, Bani Park"
INC-12142,Bhilwara,UPI Scam,9317,15:25,1-2 Hours,Mansarovar,"Bank of Baroda ATM, Kissan Dharam Kanta, Mansarovar"
INC-12143,Kota,OLX Scam,8564,14:40,1-2 Hours,Vaishali Nagar,"Union Bank ATM, Gandhi Path, Vaishali Nagar"
INC-12144,Jaipur,Job Fraud,156910,15:33,12-24 Hours,C-Scheme,"SBI ATM, Ahinsa Circle, C-Scheme"
INC-12145,Udaipur,Sextortion,34680,22:29,12-24 Hours,Sitapura Industrial,"SBI ATM, RIICO Phase 1, Sitapura Industrial"
INC-12146,Bhilwara,Investment Scam,138849,14:06,12-24 Hours,C-Scheme,"ICICI ATM, Ashok Marg, C-Scheme"
INC-12147,Ajmer,Job Fraud,47215,12:06,12-24 Hours,Jagatpura,"HDFC ATM, Ramnagariya, Jagatpura"
INC-12148,Jaipur,UPI Scam,20698,13:10,1-2 Hours,Mansarovar,"Union Bank ATM, VT Road Chauraha, Mansarovar"
INC-12149,Jaipur,Investment Scam,84733,10:56,12-24 Hours,C-Scheme,"PNB ATM, MI Road Junction, C-Scheme"
INC-12150,Alwar,Investment Scam,93389,11:18,12-24 Hours,C-Scheme,"Axis Bank ATM, Statue Circle, C-Scheme"
INC-12151,Jaipur,Sextortion,109309,20:17,12-24 Hours,Sitapura Industrial,"Bank of Baroda ATM, RIICO Phase 1, Sitapura Industrial"
INC-12152,Udaipur,Investment Scam,37002,12:39,12-24 Hours,C-Scheme,"Bank of Baroda ATM, Ahinsa Circle, C-Scheme"
INC-12153,Kota,KYC Fraud,46469,13:27,12-24 Hours,Malviya Nagar,"ICICI ATM, JLN Marg, Malviya Nagar"
INC-12154,Alwar,OLX Scam,31667,15:58,12-24 Hours,Vaishali Nagar,"ICICI ATM, Nursery Circle, Vaishali Nagar"
INC-12155,Udaipur,KYC Fraud,13670,19:34,1-2 Hours,Sitapura Industrial,"Kotak Mahindra ATM, EPI Zone, Sitapura Industrial"
INC-12156,Jaipur,Investment Scam,81213,14:18,12-24 Hours,C-Scheme,"ICICI ATM, MI Road Junction, C-Scheme"
INC-12157,Jaipur,KYC Fraud,53210,19:48,12-24 Hours,Jhotwara,"Bank of Baroda ATM, Kanta Chauraha, Jhotwara"
INC-12158,Alwar,Job Fraud,45264,11:52,12-24 Hours,Jagatpura,"Kotak Mahindra ATM, NRI Colony, Jagatpura"
INC-12159,Alwar,OLX Scam,22308,11:32,1-2 Hours,Vaishali Nagar,"PNB ATM, Hanuman Nagar, Vaishali Nagar"
INC-12160,Jaipur,Credit Card Cloning,85615,19:17,12-24 Hours,C-Scheme,"SBI ATM, Ahinsa Circle, C-Scheme"
INC-12161,Ajmer,Investment Scam,99275,16:06,12-24 Hours,C-Scheme,"ICICI ATM, Statue Circle, C-Scheme"
INC-12162,Tonk,UPI Scam,6885,16:23,1-2 Hours,Mansarovar,"HDFC ATM, Rajat Path, Mansarovar"
INC-12163,Ajmer,Investment Scam,148307,13:48,12-24 Hours,Bani Park,"SBI ATM, Collectorate Circle, Bani Park"
INC-12164,Ajmer,Job Fraud,48273,13:02,12-24 Hours,Bani Park,"ICICI ATM, Collectorate Circle, Bani Park"
INC-12165,Bikaner,UPI Scam,45208,19:53,12-24 Hours,Mansarovar,"Union Bank ATM, VT Road Chauraha, Mansarovar"
INC-12166,Jaipur,KYC Fraud,42633,13:49,12-24 Hours,Malviya Nagar,"Kotak Mahindra ATM, Apex Circle, Malviya Nagar"
INC-12167,Kota,Job Fraud,107241,11:51,12-24 Hours,Bani Park,"ICICI ATM, Peetal Factory, Bani Park"
INC-12168,Jaipur,UPI Scam,10148,12:13,1-2 Hours,Mansarovar,"PNB ATM, Kaveri Path, Mansarovar"
INC-12169,Bikaner,UPI Scam,31487,19:30,12-24 Hours,Bani Park,"HDFC ATM, Collectorate Circle, Bani Park"
INC-12170,Bhilwara,Sextortion,94879,23:44,12-24 Hours,Sitapura Industrial,"PNB ATM, Mahatma Gandhi Hospital Road, Sitapura Industrial"
INC-12171,Ajmer,Credit Card Cloning,116023,19:26,12-24 Hours,Pratap Nagar,"Kotak Mahindra ATM, Sector 16 Market, Pratap Nagar"
INC-12172,Jaipur,Credit Card Cloning,59369,00:21,12-24 Hours,Pratap Nagar,"ICICI ATM, Tonk Road, Pratap Nagar"
INC-12173,Jaipur,KYC Fraud,54043,08:15,12-24 Hours,C-Scheme,"ICICI ATM, Ashok Marg, C-Scheme"
INC-12174,Bhilwara,Loan App Fraud,38764,09:42,12-24 Hours,Vidyadhar Nagar,"Kotak Mahindra ATM, Sector 2, Vidyadhar Nagar"
INC-12175,Kota,Investment Scam,61816,13:59,12-24 Hours,C-Scheme,"Union Bank ATM, Subhash Marg, C-Scheme"
INC-12176,Jaipur,OLX Scam,25610,21:13,1-2 Hours,Vaishali Nagar,"Kotak Mahindra ATM, Gandhi Path, Vaishali Nagar"
INC-12177,Bikaner,KYC Fraud,43367,14:25,12-24 Hours,Bani Park,"Kotak Mahindra ATM, Sindhi Camp Bus Stand Road, Bani Park"
INC-12178,Udaipur,OLX Scam,15631,20:42,1-2 Hours,Vaishali Nagar,"Axis Bank ATM, Gandhi Path, Vaishali Nagar"
INC-12179,Udaipur,UPI Scam,42565,16:57,12-24 Hours,Mansarovar,"Axis Bank ATM, Patrakar Colony, Mansarovar"
INC-12180,Jaipur,Investment Scam,182985,10:57,12-24 Hours,C-Scheme,"SBI ATM, Subhash Marg, C-Scheme"
INC-12181,Udaipur,KYC Fraud,36954,13:40,12-24 Hours,Bani Park,"ICICI ATM, Collectorate Circle, Bani Park"
INC-12182,Pali,Job Fraud,31184,14:38,12-24 Hours,Bani Park,"ICICI ATM, Peetal Factory, Bani Park"
INC-12183,Jodhpur,KYC Fraud,26514,14:54,1-2 Hours,Jhotwara,"Kotak Mahindra ATM, Lata Circle, Jhotwara"
INC-12184,Ajmer,OLX Scam,19816,13:44,1-2 Hours,Vaishali Nagar,"SBI ATM, Gandhi Path, Vaishali Nagar"
INC-12185,Jodhpur,KYC Fraud,64269,13:08,12-24 Hours,Bani Park,"Bank of Baroda ATM, Collectorate Circle, Bani Park"
INC-12186,Jaipur,OLX Scam,17457,15:38,1-2 Hours,Vaishali Nagar,"Bank of Baroda ATM, Gandhi Path, Vaishali Nagar"
INC-12187,Jaipur,KYC Fraud,36089,17:17,12-24 Hours,Malviya Nagar,"SBI ATM, JLN Marg, Malviya Nagar"
INC-12188,Alwar,UPI Scam,25882,13:39,1-2 Hours,Pratap Nagar,"Union Bank ATM, Tonk Road, Pratap Nagar"
INC-12189,Jodhpur,UPI Scam,2710,17:35,1-2 Hours,Mansarovar,"Union Bank ATM, Patrakar Colony, Mansarovar"
INC-12190,Jodhpur,Job Fraud,84304,12:26,12-24 Hours,C-Scheme,"PNB ATM, Ahinsa Circle, C-Scheme"
INC-12191,Udaipur,OLX Scam,13200,20:18,1-2 Hours,Vaishali Nagar,"HDFC ATM, Nursery Circle, Vaishali Nagar"
INC-12192,Kota,Job Fraud,48590,12:20,12-24 Hours,Jagatpura,"Kotak Mahindra ATM, Mahal Road, Jagatpura"
INC-12193,Tonk,UPI Scam,41511,09:25,12-24 Hours,Mansarovar,"SBI ATM, Kissan Dharam Kanta, Mansarovar"
INC-12194,Jaipur,Job Fraud,25439,16:33,1-2 Hours,Jagatpura,"PNB ATM, SKIT College Road, Jagatpura"
INC-12195,Jaipur,OLX Scam,15744,14:30,1-2 Hours,Vaishali Nagar,"SBI ATM, Queens Road, Vaishali Nagar"
INC-12196,Jaipur,Investment Scam,149580,14:22,12-24 Hours,C-Scheme,"HDFC ATM, MI Road Junction, C-Scheme"
INC-12197,Jodhpur,Investment Scam,40197,17:00,12-24 Hours,Bani Park,"SBI ATM, Collectorate Circle, Bani Park"
INC-12198,Jaipur,Credit Card Cloning,160451,16:01,12-24 Hours,Pratap Nagar,"Bank of Baroda ATM, Kumbha Marg, Pratap Nagar"
INC-12199,Pali,Loan App Fraud,28565,11:27,1-2 Hours,Bani Park,"Union Bank ATM, Kabir Marg, Bani Park"
INC-12200,Jodhpur,UPI Scam,33046,19:26,12-24 Hours,Bani Park,"Union Bank ATM, Sindhi Camp Bus Stand Road, Bani Park"
INC-12201,Bhilwara,Investment Scam,49571,14:14,12-24 Hours,C-Scheme,"HDFC ATM, Ahinsa Circle, C-Scheme"
INC-12202,Jaipur,OLX Scam,31833,12:17,12-24 Hours,Vaishali Nagar,"Kotak Mahindra ATM, Nursery Circle, Vaishali Nagar"
INC-12203,Alwar,Loan App Fraud,39365,18:24,12-24 Hours,Vidyadhar Nagar,"PNB ATM, Central Spine, Vidyadhar Nagar"
INC-12204,Jaipur,Investment Scam,77195,17:20,12-24 Hours,C-Scheme,"Union Bank ATM, Statue Circle, C-Scheme"
INC-12205,Pali,Investment Scam,91824,16:28,12-24 Hours,Malviya Nagar,"Axis Bank ATM, Apex Circle, Malviya Nagar"
INC-12206,Bikaner,OLX Scam,9693,19:38,1-2 Hours,Vaishali Nagar,"Bank of Baroda ATM, Queens Road, Vaishali Nagar"
INC-12207,Jaipur,KYC Fraud,13679,18:31,1-2 Hours,Jhotwara,"Bank of Baroda ATM, Kalwar Road, Jhotwara"
INC-12208,Bikaner,Loan App Fraud,22959,16:47,1-2 Hours,Bani Park,"SBI ATM, Collectorate Circle, Bani Park"
INC-12209,Jaipur,UPI Scam,10203,10:59,1-2 Hours,Mansarovar,"Union Bank ATM, VT Road Chauraha, Mansarovar"
INC-12210,Kota,UPI Scam,50433,14:22,12-24 Hours,Mansarovar,"Axis Bank ATM, Kaveri Path, Mansarovar"
INC-12211,Ajmer,Credit Card Cloning,82647,14:45,12-24 Hours,Pratap Nagar,"Bank of Baroda ATM, Kumbha Marg, Pratap Nagar"
INC-12212,Bhilwara,UPI Scam,8133,14:03,1-2 Hours,Mansarovar,"Union Bank ATM, Madhyam Marg, Mansarovar"
INC-12213,Jaipur,UPI Scam,38759,09:19,12-24 Hours,Mansarovar,"Union Bank ATM, Kissan Dharam Kanta, Mansarovar"
INC-12214,Jaipur,OLX Scam,11008,12:53,1-2 Hours,Vaishali Nagar,"PNB ATM, Amrapali Circle, Vaishali Nagar"
INC-12215,Kota,Sextortion,44177,22:18,12-24 Hours,Vidyadhar Nagar,"Axis Bank ATM, National Highway 52 Bypass, Vidyadhar Nagar"
INC-12216,Bhilwara,Job Fraud,20815,11:33,1-2 Hours,Jagatpura,"Axis Bank ATM, Mahal Road, Jagatpura"
INC-12217,Jaipur,UPI Scam,34576,16:59,12-24 Hours,Mansarovar,"ICICI ATM, Kissan Dharam Kanta, Mansarovar"
INC-12218,Jaipur,Sextortion,60045,21:34,12-24 Hours,Sitapura Industrial,"ICICI ATM, Tonk Road Junction, Sitapura Industrial"
INC-12219,Udaipur,UPI Scam,37073,13:28,12-24 Hours,Mansarovar,"ICICI ATM, Madhyam Marg, Mansarovar"
INC-12220,Sikar,KYC Fraud,50125,11:32,12-24 Hours,Jhotwara,"SBI ATM, Kalwar Road, Jhotwara"
INC-12221,Ajmer,UPI Scam,18172,14:47,1-2 Hours,Mansarovar,"Union Bank ATM, Madhyam Marg, Mansarovar"
INC-12222,Udaipur,Investment Scam,242114,14:13,12-24 Hours,C-Scheme,"PNB ATM, Statue Circle, C-Scheme"
INC-12223,Bikaner,UPI Scam,25319,12:03,1-2 Hours,Mansarovar,"PNB ATM, Patrakar Colony, Mansarovar"
INC-12224,Alwar,Job Fraud,119113,14:14,12-24 Hours,C-Scheme,"Bank of Baroda ATM, Subhash Marg, C-Scheme"
INC-12225,Ajmer,Job Fraud,45402,17:42,12-24 Hours,Bani Park,"HDFC ATM, Peetal Factory, Bani Park"
INC-12226,Ajmer,Loan App Fraud,16860,13:37,1-2 Hours,Bani Park,"PNB ATM, Peetal Factory, Bani Park"
INC-12227,Jodhpur,UPI Scam,43531,13:08,12-24 Hours,Mansarovar,"Bank of Baroda ATM, Kaveri Path, Mansarovar"
INC-12228,Tonk,Investment Scam,210929,10:38,12-24 Hours,C-Scheme,"Union Bank ATM, MI Road Junction, C-Scheme"
INC-12229,Alwar,Credit Card Cloning,139786,01:29,12-24 Hours,Pratap Nagar,"Union Bank ATM, Haldi Ghati Marg, Pratap Nagar"
INC-12230,Jaipur,KYC Fraud,32835,12:50,12-24 Hours,Bani Park,"HDFC ATM, Kabir Marg, Bani Park"
INC-12231,Pali,KYC Fraud,44362,11:11,12-24 Hours,Bani Park,"HDFC ATM, Collectorate Circle, Bani Park"
INC-12232,Sikar,Credit Card Cloning,65501,19:39,12-24 Hours,Bani Park,"HDFC ATM, Sindhi Camp Bus Stand Road, Bani Park"
INC-12233,Tonk,Sextortion,60415,22:42,12-24 Hours,Sitapura Industrial,"SBI ATM, Mahatma Gandhi Hospital Road, Sitapura Industrial"
INC-12234,Pali,Loan App Fraud,51717,15:03,12-24 Hours,Jhotwara,"Union Bank ATM, Lata Circle, Jhotwara"
INC-12235,Jodhpur,UPI Scam,39470,19:40,12-24 Hours,Malviya Nagar,"Bank of Baroda ATM, Gaurav Tower (GT) Road, Malviya Nagar"
INC-12236,Bikaner,KYC Fraud,28739,16:12,1-2 Hours,Bani Park,"SBI ATM, Kabir Marg, Bani Park"
INC-12237,Jaipur,KYC Fraud,43305,11:15,12-24 Hours,Malviya Nagar,"HDFC ATM, Gaurav Tower (GT) Road, Malviya Nagar"
INC-12238,Tonk,Job Fraud,132238,18:07,12-24 Hours,Sitapura Industrial,"Bank of Baroda ATM, EPI Zone, Sitapura Industrial"
INC-12239,Jaipur,KYC Fraud,32464,16:45,12-24 Hours,Malviya Nagar,"HDFC ATM, Sector 3 Market, Malviya Nagar"
INC-12240,Jaipur,OLX Scam,4449,11:57,1-2 Hours,Vaishali Nagar,"Kotak Mahindra ATM, Amrapali Circle, Vaishali Nagar"
INC-12241,Jaipur,Credit Card Cloning,178248,16:44,12-24 Hours,Pratap Nagar,"HDFC ATM, Kumbha Marg, Pratap Nagar"
INC-12242,Jaipur,Investment Scam,126240,11:40,12-24 Hours,C-Scheme,"SBI ATM, Ahinsa Circle, C-Scheme"
INC-12243,Jaipur,KYC Fraud,54129,16:42,12-24 Hours,Bani Park,"PNB ATM, Peetal Factory, Bani Park"
INC-12244,Jaipur,Credit Card Cloning,201562,15:06,12-24 Hours,Pratap Nagar,"Bank of Baroda ATM, Haldi Ghati Marg, Pratap Nagar"
INC-12245,Jodhpur,OLX Scam,32407,15:31,12-24 Hours,Vaishali Nagar,"Axis Bank ATM, Nursery Circle, Vaishali Nagar"
INC-12246,Jaipur,UPI Scam,9402,15:21,1-2 Hours,Jagatpura,"Kotak Mahindra ATM, Mahal Road, Jagatpura"
INC-12247,Pali,OLX Scam,14804,13:02,1-2 Hours,Vaishali Nagar,"Kotak Mahindra ATM, Amrapali Circle, Vaishali Nagar"
INC-12248,Pali,Job Fraud,102701,18:26,12-24 Hours,Bani Park,"Bank of Baroda ATM, Kabir Marg, Bani Park"
INC-12249,Bikaner,UPI Scam,16338,11:31,1-2 Hours,Mansarovar,"SBI ATM, VT Road Chauraha, Mansarovar"
INC-12250,Tonk,UPI Scam,8933,13:40,1-2 Hours,Mansarovar,"HDFC ATM, Patrakar Colony, Mansarovar"
INC-12251,Jaipur,OLX Scam,5757,16:36,1-2 Hours,Vaishali Nagar,"Axis Bank ATM, Amrapali Circle, Vaishali Nagar"
INC-12252,Jodhpur,Investment Scam,128789,12:11,12-24 Hours,Bani Park,"SBI ATM, Sindhi Camp Bus Stand Road, Bani Park"
INC-12253,Udaipur,Investment Scam,108262,14:07,12-24 Hours,C-Scheme,"Bank of Baroda ATM, Ashok Marg, C-Scheme"
INC-12254,Bhilwara,OLX Scam,25049,12:29,1-2 Hours,Vaishali Nagar,"Union Bank ATM, Amrapali Circle, Vaishali Nagar"
INC-12255,Jaipur,UPI Scam,26990,13:48,1-2 Hours,Mansarovar,"HDFC ATM, Madhyam Marg, Mansarovar"
INC-12256,Jodhpur,Investment Scam,107107,15:32,12-24 Hours,Bani Park,"Axis Bank ATM, Collectorate Circle, Bani Park"
INC-12257,Udaipur,Job Fraud,68195,15:25,12-24 Hours,Jagatpura,"Axis Bank ATM, NRI Colony, Jagatpura"
INC-12258,Jaipur,Sextortion,12105,22:12,1-2 Hours,Mansarovar,"HDFC ATM, Patrakar Colony, Mansarovar"
INC-12259,Udaipur,Credit Card Cloning,98932,04:02,12-24 Hours,Sitapura Industrial,"PNB ATM, India Gate, Sitapura Industrial"
INC-12260,Pali,UPI Scam,38453,18:41,12-24 Hours,Mansarovar,"SBI ATM, Rajat Path, Mansarovar"
INC-12261,Jodhpur,Sextortion,10152,01:53,1-2 Hours,Sitapura Industrial,"Union Bank ATM, Mahatma Gandhi Hospital Road, Sitapura Industrial"
INC-12262,Sikar,UPI Scam,11136,12:39,1-2 Hours,Jagatpura,"HDFC ATM, Mahal Road, Jagatpura"
INC-12263,Udaipur,Job Fraud,30966,14:37,12-24 Hours,Bani Park,"Union Bank ATM, Collectorate Circle, Bani Park"
INC-12264,Kota,Job Fraud,37105,12:11,12-24 Hours,Jagatpura,"Kotak Mahindra ATM, NRI Colony, Jagatpura"
INC-12265,Jaipur,UPI Scam,20845,12:41,1-2 Hours,Mansarovar,"PNB ATM, Rajat Path, Mansarovar"
INC-12266,Sikar,UPI Scam,7657,14:33,1-2 Hours,Mansarovar,"PNB ATM, Kissan Dharam Kanta, Mansarovar"
INC-12267,Jodhpur,Credit Card Cloning,66273,14:59,12-24 Hours,Pratap Nagar,"ICICI ATM, Haldi Ghati Marg, Pratap Nagar"
INC-12268,Pali,Investment Scam,49838,12:04,12-24 Hours,Bani Park,"Kotak Mahindra ATM, Sindhi Camp Bus Stand Road, Bani Park"
INC-12269,Ajmer,UPI Scam,48756,15:03,12-24 Hours,Mansarovar,"Bank of Baroda ATM, Madhyam Marg, Mansarovar"
INC-12270,Jaipur,OLX Scam,10272,17:05,1-2 Hours,Bani Park,"Axis Bank ATM, Peetal Factory, Bani Park"
INC-12271,Jaipur,Investment Scam,168012,11:02,12-24 Hours,C-Scheme,"Kotak Mahindra ATM, MI Road Junction, C-Scheme"
INC-12272,Kota,Sextortion,21551,23:55,1-2 Hours,Sitapura Industrial,"PNB ATM, EPI Zone, Sitapura Industrial"
INC-12273,Pali,Investment Scam,186296,15:51,12-24 Hours,Jagatpura,"ICICI ATM, 7 Number Stand, Jagatpura"
INC-12274,Tonk,UPI Scam,37544,13:48,12-24 Hours,Mansarovar,"ICICI ATM, VT Road Chauraha, Mansarovar"
INC-12275,Jaipur,Investment Scam,240889,11:09,12-24 Hours,C-Scheme,"Kotak Mahindra ATM, Ahinsa Circle, C-Scheme"
INC-12276,Jaipur,OLX Scam,16619,16:17,1-2 Hours,Vaishali Nagar,"SBI ATM, Hanuman Nagar, Vaishali Nagar"
INC-12277,Jaipur,Investment Scam,199059,13:26,12-24 Hours,C-Scheme,"Axis Bank ATM, Statue Circle, C-Scheme"
INC-12278,Alwar,KYC Fraud,10580,19:52,1-2 Hours,Jhotwara,"Union Bank ATM, Lata Circle, Jhotwara"
INC-12279,Jaipur,Job Fraud,169668,14:34,12-24 Hours,C-Scheme,"Bank of Baroda ATM, MI Road Junction, C-Scheme"
INC-12280,Jodhpur,KYC Fraud,12125,10:51,1-2 Hours,Bani Park,"HDFC ATM, Sindhi Camp Bus Stand Road, Bani Park"
INC-12281,Jodhpur,Loan App Fraud,92567,16:30,12-24 Hours,Bani Park,"Kotak Mahindra ATM, Kabir Marg, Bani Park"
INC-12282,Ajmer,Investment Scam,232017,13:58,12-24 Hours,C-Scheme,"Kotak Mahindra ATM, Ahinsa Circle, C-Scheme"
INC-12283,Jaipur,Sextortion,40584,22:07,12-24 Hours,Sitapura Industrial,"HDFC ATM, Mahatma Gandhi Hospital Road, Sitapura Industrial"
INC-12284,Ajmer,Sextortion,68655,00:36,12-24 Hours,Sitapura Industrial,"SBI ATM, Tonk Road Junction, Sitapura Industrial"
INC-12285,Kota,Investment Scam,242016,15:50,12-24 Hours,Vidyadhar Nagar,"ICICI ATM, Sector 2, Vidyadhar Nagar"
INC-12286,Jaipur,OLX Scam,15312,14:10,1-2 Hours,Vaishali Nagar,"SBI ATM, Hanuman Nagar, Vaishali Nagar"
INC-12287,Jaipur,Job Fraud,78620,12:04,12-24 Hours,Jagatpura,"SBI ATM, NRI Colony, Jagatpura"
INC-12288,Tonk,UPI Scam,31174,16:00,12-24 Hours,Mansarovar,"Bank of Baroda ATM, Patrakar Colony, Mansarovar"
INC-12289,Bhilwara,Investment Scam,27443,09:29,1-2 Hours,C-Scheme,"PNB ATM, Subhash Marg, C-Scheme"
INC-12290,Jaipur,UPI Scam,2855,14:16,1-2 Hours,Mansarovar,"HDFC ATM, Madhyam Marg, Mansarovar"
INC-12291,Jaipur,Investment Scam,45456,18:08,12-24 Hours,C-Scheme,"ICICI ATM, Statue Circle, C-Scheme"
INC-12292,Sikar,OLX Scam,13161,17:02,1-2 Hours,Vaishali Nagar,"Union Bank ATM, Hanuman Nagar, Vaishali Nagar"
INC-12293,Jodhpur,Job Fraud,108738,12:16,12-24 Hours,Jagatpura,"Kotak Mahindra ATM, Ramnagariya, Jagatpura"
INC-12294,Jodhpur,UPI Scam,4461,15:14,1-2 Hours,Mansarovar,"PNB ATM, Rajat Path, Mansarovar"
INC-12295,Jaipur,UPI Scam,7566,18:56,1-2 Hours,Mansarovar,"HDFC ATM, Kaveri Path, Mansarovar"
INC-12296,Jaipur,UPI Scam,25298,15:51,1-2 Hours,Mansarovar,"ICICI ATM, Kaveri Path, Mansarovar"
INC-12297,Jaipur,Loan App Fraud,17813,13:48,1-2 Hours,C-Scheme,"Axis Bank ATM, Ashok Marg, C-Scheme"
INC-12298,Jaipur,KYC Fraud,6835,12:37,1-2 Hours,Bani Park,"PNB ATM, Kabir Marg, Bani Park"
INC-12299,Pali,OLX Scam,11898,13:56,1-2 Hours,Vaishali Nagar,"ICICI ATM, Queens Road, Vaishali Nagar"
INC-12300,Alwar,UPI Scam,8831,17:41,1-2 Hours,Mansarovar,"ICICI ATM, VT Road Chauraha, Mansarovar"
INC-12301,Jaipur,Sextortion,113264,22:02,12-24 Hours,Sitapura Industrial,"Kotak Mahindra ATM, India Gate, Sitapura Industrial"
INC-12302,Ajmer,Sextortion,20933,22:40,1-2 Hours,Sitapura Industrial,"Axis Bank ATM, EPI Zone, Sitapura Industrial"
INC-12303,Tonk,KYC Fraud,13242,19:05,1-2 Hours,Jhotwara,"SBI ATM, Kanta Chauraha, Jhotwara"
INC-12304,Jaipur,UPI Scam,33640,20:26,12-24 Hours,Mansarovar,"HDFC ATM, Rajat Path, Mansarovar"
INC-12305,Pali,Job Fraud,118346,18:03,12-24 Hours,Pratap Nagar,"HDFC ATM, Haldi Ghati Marg, Pratap Nagar"
INC-12306,Udaipur,UPI Scam,6089,13:09,1-2 Hours,Mansarovar,"Axis Bank ATM, Kaveri Path, Mansarovar"
INC-12307,Udaipur,UPI Scam,30993,16:47,12-24 Hours,Mansarovar,"ICICI ATM, Kaveri Path, Mansarovar"
INC-12308,Tonk,Job Fraud,26645,10:31,1-2 Hours,Vaishali Nagar,"Bank of Baroda ATM, Amrapali Circle, Vaishali Nagar"
INC-12309,Kota,KYC Fraud,20170,20:24,1-2 Hours,Bani Park,"PNB ATM, Kabir Marg, Bani Park"
INC-12310,Sikar,Loan App Fraud,23937,12:24,1-2 Hours,Vaishali Nagar,"Axis Bank ATM, Queens Road, Vaishali Nagar"
INC-12311,Bikaner,UPI Scam,26092,12:19,1-2 Hours,Mansarovar,"Axis Bank ATM, Rajat Path, Mansarovar"
INC-12312,Udaipur,UPI Scam,11756,14:10,1-2 Hours,Mansarovar,"Kotak Mahindra ATM, Kaveri Path, Mansarovar"
INC-12313,Jaipur,KYC Fraud,10900,16:28,1-2 Hours,Malviya Nagar,"ICICI ATM, JLN Marg, Malviya Nagar"
INC-12314,Tonk,Sextortion,98455,01:54,12-24 Hours,Sitapura Industrial,"Kotak Mahindra ATM, India Gate, Sitapura Industrial"
INC-12315,Jaipur,Loan App Fraud,80941,15:54,12-24 Hours,C-Scheme,"Union Bank ATM, MI Road Junction, C-Scheme"
INC-12316,Bhilwara,Investment Scam,110646,13:23,12-24 Hours,C-Scheme,"SBI ATM, Statue Circle, C-Scheme"
INC-12317,Jaipur,KYC Fraud,61100,17:08,12-24 Hours,Malviya Nagar,"PNB ATM, Calgiri Road, Malviya Nagar"
INC-12318,Jaipur,Investment Scam,202580,12:09,12-24 Hours,C-Scheme,"Kotak Mahindra ATM, MI Road Junction, C-Scheme"
INC-12319,Tonk,UPI Scam,15066,15:22,1-2 Hours,Mansarovar,"Bank of Baroda ATM, VT Road Chauraha, Mansarovar"
INC-12320,Jaipur,Investment Scam,41940,12:06,12-24 Hours,C-Scheme,"HDFC ATM, Ahinsa Circle, C-Scheme"
INC-12321,Sikar,Job Fraud,116049,13:54,12-24 Hours,C-Scheme,"Axis Bank ATM, Ahinsa Circle, C-Scheme"
INC-12322,Alwar,OLX Scam,7950,16:33,1-2 Hours,Vaishali Nagar,"ICICI ATM, Amrapali Circle, Vaishali Nagar"
INC-12323,Udaipur,Job Fraud,65453,09:54,12-24 Hours,C-Scheme,"SBI ATM, Ashok Marg, C-Scheme"
INC-12324,Jaipur,UPI Scam,5578,10:47,1-2 Hours,Mansarovar,"Axis Bank ATM, Rajat Path, Mansarovar"
INC-12325,Jaipur,Investment Scam,92261,16:47,12-24 Hours,C-Scheme,"PNB ATM, MI Road Junction, C-Scheme"
INC-12326,Tonk,KYC Fraud,49429,12:03,12-24 Hours,Vaishali Nagar,"Kotak Mahindra ATM, Amrapali Circle, Vaishali Nagar"
INC-12327,Jaipur,UPI Scam,29734,10:05,1-2 Hours,Mansarovar,"SBI ATM, Madhyam Marg, Mansarovar"
INC-12328,Bikaner,UPI Scam,3741,12:48,1-2 Hours,Bani Park,"Axis Bank ATM, Collectorate Circle, Bani Park"
INC-12329,Sikar,Investment Scam,156197,13:56,12-24 Hours,C-Scheme,"HDFC ATM, Subhash Marg, C-Scheme"
INC-12330,Pali,Investment Scam,244966,14:16,12-24 Hours,C-Scheme,"SBI ATM, MI Road Junction, C-Scheme"
INC-12331,Jaipur,Credit Card Cloning,196269,19:04,12-24 Hours,C-Scheme,"SBI ATM, Ahinsa Circle, C-Scheme"
INC-12332,Jaipur,KYC Fraud,15822,14:47,1-2 Hours,Vaishali Nagar,"Union Bank ATM, Hanuman Nagar, Vaishali Nagar"
INC-12333,Jaipur,UPI Scam,19771,17:27,1-2 Hours,Mansarovar,"Kotak Mahindra ATM, Madhyam Marg, Mansarovar"
INC-12334,Jaipur,Credit Card Cloning,50131,21:30,12-24 Hours,Pratap Nagar,"Kotak Mahindra ATM, Sector 11, Pratap Nagar"
INC-12335,Udaipur,UPI Scam,10606,13:55,1-2 Hours,Mansarovar,"Kotak Mahindra ATM, Kaveri Path, Mansarovar"
INC-12336,Jaipur,Loan App Fraud,17456,13:29,1-2 Hours,Mansarovar,"Bank of Baroda ATM, Patrakar Colony, Mansarovar"
INC-12337,Bhilwara,Sextortion,12307,00:56,1-2 Hours,Vidyadhar Nagar,"ICICI ATM, Sector 2, Vidyadhar Nagar"
INC-12338,Jodhpur,UPI Scam,50491,11:35,12-24 Hours,Bani Park,"Kotak Mahindra ATM, Peetal Factory, Bani Park"
INC-12339,Jodhpur,Sextortion,47688,23:27,12-24 Hours,Sitapura Industrial,"Bank of Baroda ATM, RIICO Phase 1, Sitapura Industrial"
INC-12340,Alwar,UPI Scam,24174,21:20,1-2 Hours,Vidyadhar Nagar,"ICICI ATM, Central Spine, Vidyadhar Nagar"
INC-12341,Jaipur,UPI Scam,17512,12:13,1-2 Hours,Mansarovar,"Union Bank ATM, Madhyam Marg, Mansarovar"
INC-12342,Jaipur,UPI Scam,46605,17:54,12-24 Hours,Mansarovar,"ICICI ATM, Patrakar Colony, Mansarovar"
INC-12343,Jaipur,Investment Scam,76126,13:04,12-24 Hours,C-Scheme,"PNB ATM, MI Road Junction, C-Scheme"
INC-12344,Jaipur,UPI Scam,43720,16:54,12-24 Hours,Mansarovar,"SBI ATM, Patrakar Colony, Mansarovar"
INC-12345,Jaipur,UPI Scam,16164,10:18,1-2 Hours,Mansarovar,"Kotak Mahindra ATM, Rajat Path, Mansarovar"
INC-12346,Jodhpur,Investment Scam,100439,16:05,12-24 Hours,C-Scheme,"PNB ATM, MI Road Junction, C-Scheme"
INC-12347,Jaipur,KYC Fraud,49117,18:31,12-24 Hours,Malviya Nagar,"PNB ATM, Calgiri Road, Malviya Nagar"
INC-12348,Udaipur,Investment Scam,196447,16:47,12-24 Hours,C-Scheme,"Bank of Baroda ATM, Ashok Marg, C-Scheme"
INC-12349,Kota,Investment Scam,81894,15:08,12-24 Hours,Vidyadhar Nagar,"Bank of Baroda ATM, Central Spine, Vidyadhar Nagar"
INC-12350,Jaipur,KYC Fraud,31844,14:48,12-24 Hours,Malviya Nagar,"Kotak Mahindra ATM, Gaurav Tower (GT) Road, Malviya Nagar"
INC-12351,Sikar,Job Fraud,38125,15:48,12-24 Hours,Vaishali Nagar,"PNB ATM, Nursery Circle, Vaishali Nagar"
INC-12352,Kota,Loan App Fraud,56391,14:28,12-24 Hours,Vidyadhar Nagar,"Bank of Baroda ATM, Central Spine, Vidyadhar Nagar"
INC-12353,Jaipur,Sextortion,19888,23:34,1-2 Hours,Sitapura Industrial,"PNB ATM, Tonk Road Junction, Sitapura Industrial"
INC-12354,Tonk,Investment Scam,138291,15:33,12-24 Hours,C-Scheme,"PNB ATM, Statue Circle, C-Scheme"
INC-12355,Jaipur,UPI Scam,18811,17:29,1-2 Hours,Mansarovar,"Bank of Baroda ATM, Rajat Path, Mansarovar"
INC-12356,Sikar,KYC Fraud,13331,11:57,1-2 Hours,Jhotwara,"Kotak Mahindra ATM, Panchawala, Jhotwara"
INC-12357,Udaipur,Job Fraud,128013,19:28,12-24 Hours,C-Scheme,"ICICI ATM, Ahinsa Circle, C-Scheme"
INC-12358,Alwar,KYC Fraud,15141,14:13,1-2 Hours,Vaishali Nagar,"Axis Bank ATM, Queens Road, Vaishali Nagar"
INC-12359,Sikar,Loan App Fraud,29356,14:27,1-2 Hours,Vaishali Nagar,"Axis Bank ATM, Hanuman Nagar, Vaishali Nagar"
INC-12360,Sikar,Investment Scam,159330,12:58,12-24 Hours,C-Scheme,"PNB ATM, MI Road Junction, C-Scheme"
INC-12361,Pali,Loan App Fraud,41654,13:16,12-24 Hours,Mansarovar,"Bank of Baroda ATM, VT Road Chauraha, Mansarovar"
INC-12362,Jaipur,Investment Scam,174462,17:26,12-24 Hours,C-Scheme,"Axis Bank ATM, MI Road Junction, C-Scheme"
INC-12363,Kota,Loan App Fraud,25147,17:12,1-2 Hours,Vidyadhar Nagar,"SBI ATM, National Highway 52 Bypass, Vidyadhar Nagar"
INC-12364,Sikar,Investment Scam,127777,10:45,12-24 Hours,C-Scheme,"Union Bank ATM, Subhash Marg, C-Scheme"
INC-12365,Jaipur,OLX Scam,12661,10:54,1-2 Hours,Jagatpura,"PNB ATM, NRI Colony, Jagatpura"
INC-12366,Jaipur,OLX Scam,11851,18:11,1-2 Hours,Vaishali Nagar,"SBI ATM, Gandhi Path, Vaishali Nagar"
INC-12367,Tonk,UPI Scam,7767,17:38,1-2 Hours,Mansarovar,"Union Bank ATM, Kissan Dharam Kanta, Mansarovar"
INC-12368,Jaipur,Sextortion,49796,20:18,12-24 Hours,Sitapura Industrial,"Bank of Baroda ATM, RIICO Phase 1, Sitapura Industrial"
INC-12369,Jaipur,Job Fraud,85136,11:00,12-24 Hours,C-Scheme,"Kotak Mahindra ATM, MI Road Junction, C-Scheme"
INC-12370,Jaipur,Investment Scam,90829,09:56,12-24 Hours,C-Scheme,"SBI ATM, Ahinsa Circle, C-Scheme"
INC-12371,Jaipur,Credit Card Cloning,74383,12:56,12-24 Hours,Pratap Nagar,"Union Bank ATM, Sector 16 Market, Pratap Nagar"
INC-12372,Bhilwara,UPI Scam,11165,22:43,1-2 Hours,Mansarovar,"SBI ATM, Patrakar Colony, Mansarovar"
INC-12373,Jaipur,UPI Scam,24397,11:24,1-2 Hours,Mansarovar,"PNB ATM, Patrakar Colony, Mansarovar"
INC-12374,Ajmer,Investment Scam,216913,12:58,12-24 Hours,C-Scheme,"Kotak Mahindra ATM, Statue Circle, C-Scheme"
INC-12375,Ajmer,Job Fraud,163759,10:10,12-24 Hours,Bani Park,"PNB ATM, Collectorate Circle, Bani Park"
INC-12376,Bhilwara,Job Fraud,90081,18:14,12-24 Hours,C-Scheme,"Axis Bank ATM, MI Road Junction, C-Scheme"
INC-12377,Jaipur,Credit Card Cloning,275402,17:14,12-24 Hours,C-Scheme,"HDFC ATM, Subhash Marg, C-Scheme"
INC-12378,Jaipur,UPI Scam,51269,14:26,12-24 Hours,Mansarovar,"Kotak Mahindra ATM, Rajat Path, Mansarovar"
INC-12379,Udaipur,Credit Card Cloning,189342,14:31,12-24 Hours,Pratap Nagar,"Axis Bank ATM, Tonk Road, Pratap Nagar"
INC-12380,Jaipur,Investment Scam,155618,09:52,12-24 Hours,C-Scheme,"Kotak Mahindra ATM, Ashok Marg, C-Scheme"
INC-12381,Jaipur,Investment Scam,282205,15:45,12-24 Hours,Mansarovar,"SBI ATM, Rajat Path, Mansarovar"
INC-12382,Pali,Job Fraud,129879,11:49,12-24 Hours,C-Scheme,"HDFC ATM, Ashok Marg, C-Scheme"
INC-12383,Bikaner,OLX Scam,24289,15:14,1-2 Hours,Vaishali Nagar,"SBI ATM, Hanuman Nagar, Vaishali Nagar"
INC-12384,Jaipur,UPI Scam,48579,12:04,12-24 Hours,Mansarovar,"Axis Bank ATM, Patrakar Colony, Mansarovar"
INC-12385,Jaipur,Investment Scam,231122,15:56,12-24 Hours,C-Scheme,"HDFC ATM, MI Road Junction, C-Scheme"
INC-12386,Sikar,Loan App Fraud,22754,17:44,1-2 Hours,Vidyadhar Nagar,"Kotak Mahindra ATM, National Highway 52 Bypass, Vidyadhar Nagar"
INC-12387,Kota,Job Fraud,112579,11:58,12-24 Hours,Jagatpura,"Axis Bank ATM, Ramnagariya, Jagatpura"
INC-12388,Jaipur,KYC Fraud,4377,14:08,1-2 Hours,Vaishali Nagar,"Axis Bank ATM, Amrapali Circle, Vaishali Nagar"
INC-12389,Bikaner,Investment Scam,188349,10:20,12-24 Hours,Bani Park,"Bank of Baroda ATM, Peetal Factory, Bani Park"
INC-12390,Pali,Job Fraud,90371,17:12,12-24 Hours,C-Scheme,"Union Bank ATM, Subhash Marg, C-Scheme"
INC-12391,Jaipur,Sextortion,65331,22:36,12-24 Hours,Vaishali Nagar,"PNB ATM, Amrapali Circle, Vaishali Nagar"
INC-12392,Jaipur,Sextortion,68914,01:44,12-24 Hours,Sitapura Industrial,"Union Bank ATM, RIICO Phase 1, Sitapura Industrial"
INC-12393,Jaipur,Sextortion,34410,23:20,12-24 Hours,Sitapura Industrial,"PNB ATM, Tonk Road Junction, Sitapura Industrial"
INC-12394,Jaipur,Investment Scam,163360,12:56,12-24 Hours,C-Scheme,"ICICI ATM, Ahinsa Circle, C-Scheme"
INC-12395,Alwar,UPI Scam,35874,12:55,12-24 Hours,Mansarovar,"PNB ATM, Patrakar Colony, Mansarovar"
INC-12396,Jaipur,UPI Scam,9638,10:00,1-2 Hours,Mansarovar,"Bank of Baroda ATM, Patrakar Colony, Mansarovar"
INC-12397,Jaipur,OLX Scam,20724,11:33,1-2 Hours,Vaishali Nagar,"Axis Bank ATM, Amrapali Circle, Vaishali Nagar"
INC-12398,Bhilwara,Sextortion,65669,00:44,12-24 Hours,Sitapura Industrial,"ICICI ATM, EPI Zone, Sitapura Industrial"
INC-12399,Kota,Investment Scam,85522,10:44,12-24 Hours,C-Scheme,"PNB ATM, Ashok Marg, C-Scheme"
INC-12400,Pali,Investment Scam,156373,15:02,12-24 Hours,Bani Park,"Union Bank ATM, Peetal Factory, Bani Park"
INC-12401,Jodhpur,Credit Card Cloning,191070,14:06,12-24 Hours,Pratap Nagar,"Kotak Mahindra ATM, Sector 11, Pratap Nagar"
INC-12402,Jodhpur,Job Fraud,24751,12:03,1-2 Hours,Jagatpura,"Kotak Mahindra ATM, SKIT College Road, Jagatpura"
INC-12403,Bhilwara,KYC Fraud,28681,17:44,1-2 Hours,Bani Park,"ICICI ATM, Kabir Marg, Bani Park"
INC-12404,Jodhpur,Investment Scam,81476,15:08,12-24 Hours,C-Scheme,"Kotak Mahindra ATM, Subhash Marg, C-Scheme"
INC-12405,Alwar,Investment Scam,120739,17:05,12-24 Hours,C-Scheme,"Bank of Baroda ATM, Ashok Marg, C-Scheme"
INC-12406,Kota,KYC Fraud,31442,11:46,12-24 Hours,Sitapura Industrial,"ICICI ATM, EPI Zone, Sitapura Industrial"
INC-12407,Bikaner,Loan App Fraud,29642,16:37,1-2 Hours,Vidyadhar Nagar,"Kotak Mahindra ATM, Sector 2, Vidyadhar Nagar"
INC-12408,Kota,Loan App Fraud,45706,11:05,12-24 Hours,Vidyadhar Nagar,"Axis Bank ATM, National Highway 52 Bypass, Vidyadhar Nagar"
INC-12409,Jaipur,Job Fraud,87454,15:53,12-24 Hours,Jagatpura,"Kotak Mahindra ATM, NRI Colony, Jagatpura"
INC-12410,Sikar,UPI Scam,17632,08:23,1-2 Hours,C-Scheme,"SBI ATM, MI Road Junction, C-Scheme"
INC-12411,Jodhpur,UPI Scam,20121,12:47,1-2 Hours,Mansarovar,"HDFC ATM, Madhyam Marg, Mansarovar"
INC-12412,Kota,Job Fraud,46582,15:53,12-24 Hours,Jagatpura,"ICICI ATM, SKIT College Road, Jagatpura"
INC-12413,Udaipur,UPI Scam,24765,13:09,1-2 Hours,Mansarovar,"SBI ATM, Kaveri Path, Mansarovar"
INC-12414,Udaipur,Credit Card Cloning,82509,13:27,12-24 Hours,Pratap Nagar,"SBI ATM, Sector 16 Market, Pratap Nagar"
INC-12415,Bhilwara,KYC Fraud,15613,14:29,1-2 Hours,Vidyadhar Nagar,"Bank of Baroda ATM, Sector 2, Vidyadhar Nagar"
INC-12416,Jaipur,OLX Scam,5192,17:55,1-2 Hours,Vaishali Nagar,"HDFC ATM, Gandhi Path, Vaishali Nagar"
INC-12417,Bhilwara,Investment Scam,76663,14:19,12-24 Hours,C-Scheme,"HDFC ATM, Subhash Marg, C-Scheme"
INC-12418,Jaipur,OLX Scam,5397,13:11,1-2 Hours,Vaishali Nagar,"Axis Bank ATM, Nursery Circle, Vaishali Nagar"
INC-12419,Udaipur,Credit Card Cloning,93675,21:50,12-24 Hours,Pratap Nagar,"Kotak Mahindra ATM, Kumbha Marg, Pratap Nagar"
INC-12420,Jaipur,OLX Scam,17662,09:20,1-2 Hours,Vaishali Nagar,"HDFC ATM, Nursery Circle, Vaishali Nagar"
INC-12421,Bhilwara,UPI Scam,23021,09:19,1-2 Hours,Mansarovar,"Axis Bank ATM, VT Road Chauraha, Mansarovar"
INC-12422,Sikar,UPI Scam,9713,14:49,1-2 Hours,Mansarovar,"PNB ATM, Madhyam Marg, Mansarovar"
INC-12423,Udaipur,OLX Scam,10537,17:16,1-2 Hours,Vaishali Nagar,"Kotak Mahindra ATM, Hanuman Nagar, Vaishali Nagar"
INC-12424,Jodhpur,Investment Scam,37374,12:53,12-24 Hours,C-Scheme,"Axis Bank ATM, Subhash Marg, C-Scheme"
INC-12425,Kota,KYC Fraud,32122,12:04,12-24 Hours,Jhotwara,"Kotak Mahindra ATM, Kanta Chauraha, Jhotwara"
INC-12426,Alwar,Loan App Fraud,4023,13:47,1-2 Hours,Vidyadhar Nagar,"Bank of Baroda ATM, Alka Cinema Road, Vidyadhar Nagar"
INC-12427,Tonk,UPI Scam,16952,12:37,1-2 Hours,Mansarovar,"SBI ATM, Madhyam Marg, Mansarovar"
INC-12428,Kota,Sextortion,21778,00:18,1-2 Hours,Sitapura Industrial,"Kotak Mahindra ATM, RIICO Phase 1, Sitapura Industrial"
INC-12429,Jaipur,Sextortion,109671,22:34,12-24 Hours,Sitapura Industrial,"Kotak Mahindra ATM, RIICO Phase 1, Sitapura Industrial"
INC-12430,Kota,Investment Scam,256828,12:43,12-24 Hours,C-Scheme,"Union Bank ATM, Statue Circle, C-Scheme"
INC-12431,Bhilwara,Investment Scam,126703,17:56,12-24 Hours,Bani Park,"Bank of Baroda ATM, Kabir Marg, Bani Park"
INC-12432,Sikar,Sextortion,93491,01:30,12-24 Hours,Sitapura Industrial,"ICICI ATM, Tonk Road Junction, Sitapura Industrial"
INC-12433,Pali,UPI Scam,38155,08:53,12-24 Hours,Mansarovar,"Union Bank ATM, Rajat Path, Mansarovar"
INC-12434,Bikaner,KYC Fraud,18636,12:57,1-2 Hours,Bani Park,"SBI ATM, Kabir Marg, Bani Park"
INC-12435,Jaipur,Credit Card Cloning,103320,18:01,12-24 Hours,Bani Park,"Union Bank ATM, Sindhi Camp Bus Stand Road, Bani Park"
INC-12436,Bikaner,Sextortion,89762,03:26,12-24 Hours,Sitapura Industrial,"ICICI ATM, Tonk Road Junction, Sitapura Industrial"
INC-12437,Bhilwara,Sextortion,63969,22:41,12-24 Hours,Jagatpura,"Union Bank ATM, 7 Number Stand, Jagatpura"
INC-12438,Udaipur,KYC Fraud,28625,12:48,1-2 Hours,Bani Park,"Kotak Mahindra ATM, Peetal Factory, Bani Park"
INC-12439,Jaipur,KYC Fraud,19271,17:01,1-2 Hours,Malviya Nagar,"Union Bank ATM, JLN Marg, Malviya Nagar"
INC-12440,Kota,KYC Fraud,74481,12:08,12-24 Hours,Vaishali Nagar,"PNB ATM, Hanuman Nagar, Vaishali Nagar"
INC-12441,Jaipur,UPI Scam,19298,12:55,1-2 Hours,Mansarovar,"HDFC ATM, Kaveri Path, Mansarovar"
INC-12442,Jodhpur,Investment Scam,48857,12:48,12-24 Hours,C-Scheme,"HDFC ATM, Subhash Marg, C-Scheme"
INC-12443,Jaipur,Loan App Fraud,48062,18:53,12-24 Hours,Malviya Nagar,"ICICI ATM, Sector 3 Market, Malviya Nagar"
INC-12444,Alwar,Credit Card Cloning,126330,14:49,12-24 Hours,Pratap Nagar,"Bank of Baroda ATM, Kumbha Marg, Pratap Nagar"
INC-12445,Bikaner,Sextortion,52847,03:16,12-24 Hours,Sitapura Industrial,"PNB ATM, Mahatma Gandhi Hospital Road, Sitapura Industrial"
INC-12446,Jaipur,Job Fraud,37811,11:43,12-24 Hours,Jagatpura,"Axis Bank ATM, Mahal Road, Jagatpura"
INC-12447,Kota,Loan App Fraud,23775,20:39,1-2 Hours,Jhotwara,"Bank of Baroda ATM, Lata Circle, Jhotwara"
INC-12448,Tonk,Sextortion,139684,00:00,12-24 Hours,Sitapura Industrial,"Union Bank ATM, India Gate, Sitapura Industrial"
INC-12449,Jodhpur,Loan App Fraud,37463,19:51,12-24 Hours,Bani Park,"PNB ATM, Sindhi Camp Bus Stand Road, Bani Park"
INC-12450,Jaipur,UPI Scam,40234,16:30,12-24 Hours,Mansarovar,"HDFC ATM, Kissan Dharam Kanta, Mansarovar"
INC-12451,Udaipur,Loan App Fraud,28505,14:56,1-2 Hours,Vidyadhar Nagar,"HDFC ATM, National Highway 52 Bypass, Vidyadhar Nagar"
INC-12452,Alwar,Job Fraud,112678,17:58,12-24 Hours,Sitapura Industrial,"PNB ATM, Mahatma Gandhi Hospital Road, Sitapura Industrial"
INC-12453,Sikar,UPI Scam,38633,14:07,12-24 Hours,Mansarovar,"Union Bank ATM, Madhyam Marg, Mansarovar"
INC-12454,Udaipur,Loan App Fraud,86257,14:01,12-24 Hours,Vidyadhar Nagar,"SBI ATM, Sector 2, Vidyadhar Nagar"
INC-12455,Udaipur,Job Fraud,77316,17:09,12-24 Hours,Jagatpura,"ICICI ATM, Ramnagariya, Jagatpura"
INC-12456,Ajmer,Job Fraud,64856,11:48,12-24 Hours,Bani Park,"PNB ATM, Kabir Marg, Bani Park"
INC-12457,Tonk,Credit Card Cloning,26703,17:40,1-2 Hours,Pratap Nagar,"ICICI ATM, Sector 16 Market, Pratap Nagar"
INC-12458,Jaipur,UPI Scam,22586,13:10,1-2 Hours,Mansarovar,"Kotak Mahindra ATM, Madhyam Marg, Mansarovar"
INC-12459,Bikaner,KYC Fraud,12165,14:07,1-2 Hours,Jhotwara,"Axis Bank ATM, Lata Circle, Jhotwara"
INC-12460,Udaipur,Credit Card Cloning,183341,17:13,12-24 Hours,Pratap Nagar,"PNB ATM, Sector 11, Pratap Nagar"
INC-12461,Jaipur,Job Fraud,92588,11:05,12-24 Hours,C-Scheme,"Union Bank ATM, Ahinsa Circle, C-Scheme"
INC-12462,Jaipur,Investment Scam,110921,14:26,12-24 Hours,C-Scheme,"Bank of Baroda ATM, Statue Circle, C-Scheme"
INC-12463,Ajmer,Job Fraud,156299,11:35,12-24 Hours,C-Scheme,"SBI ATM, Statue Circle, C-Scheme"
INC-12464,Pali,Job Fraud,63758,15:00,12-24 Hours,Bani Park,"Kotak Mahindra ATM, Peetal Factory, Bani Park"
INC-12465,Jaipur,Investment Scam,102365,12:22,12-24 Hours,C-Scheme,"PNB ATM, Ahinsa Circle, C-Scheme"
INC-12466,Jodhpur,Credit Card Cloning,99935,13:43,12-24 Hours,Bani Park,"Bank of Baroda ATM, Kabir Marg, Bani Park"
INC-12467,Jaipur,OLX Scam,11796,16:22,1-2 Hours,Vaishali Nagar,"ICICI ATM, Amrapali Circle, Vaishali Nagar"
INC-12468,Bhilwara,Job Fraud,192255,11:09,12-24 Hours,C-Scheme,"Kotak Mahindra ATM, Subhash Marg, C-Scheme"
INC-12469,Tonk,Loan App Fraud,19955,10:37,1-2 Hours,Vidyadhar Nagar,"Kotak Mahindra ATM, National Highway 52 Bypass, Vidyadhar Nagar"
INC-12470,Jaipur,KYC Fraud,19522,17:47,1-2 Hours,Bani Park,"ICICI ATM, Sindhi Camp Bus Stand Road, Bani Park"
INC-12471,Jaipur,OLX Scam,17109,13:24,1-2 Hours,Vaishali Nagar,"ICICI ATM, Amrapali Circle, Vaishali Nagar"
INC-12472,Jodhpur,UPI Scam,19234,19:39,1-2 Hours,Malviya Nagar,"Bank of Baroda ATM, JLN Marg, Malviya Nagar"
INC-12473,Tonk,Loan App Fraud,79184,16:20,12-24 Hours,Vidyadhar Nagar,"Axis Bank ATM, Sector 2, Vidyadhar Nagar"
INC-12474,Kota,Investment Scam,217563,12:11,12-24 Hours,C-Scheme,"Union Bank ATM, MI Road Junction, C-Scheme"
INC-12475,Jodhpur,Investment Scam,38601,11:52,12-24 Hours,C-Scheme,"PNB ATM, MI Road Junction, C-Scheme"
INC-12476,Jaipur,KYC Fraud,34119,16:25,12-24 Hours,Bani Park,"ICICI ATM, Sindhi Camp Bus Stand Road, Bani Park"
INC-12477,Jaipur,UPI Scam,6529,12:09,1-2 Hours,Mansarovar,"Union Bank ATM, Kissan Dharam Kanta, Mansarovar"
INC-12478,Bhilwara,Investment Scam,246824,18:55,12-24 Hours,C-Scheme,"Axis Bank ATM, Ahinsa Circle, C-Scheme"
INC-12479,Jaipur,Loan App Fraud,11492,13:09,1-2 Hours,Mansarovar,"Union Bank ATM, Patrakar Colony, Mansarovar"
INC-12480,Pali,Investment Scam,136574,10:19,12-24 Hours,C-Scheme,"Bank of Baroda ATM, Subhash Marg, C-Scheme"
INC-12481,Jaipur,Investment Scam,244927,11:33,12-24 Hours,C-Scheme,"ICICI ATM, Ahinsa Circle, C-Scheme"
INC-12482,Jaipur,KYC Fraud,16182,14:16,1-2 Hours,Malviya Nagar,"HDFC ATM, Sector 3 Market, Malviya Nagar"
INC-12483,Ajmer,Job Fraud,34220,17:25,12-24 Hours,Jagatpura,"SBI ATM, SKIT College Road, Jagatpura"
INC-12484,Ajmer,Loan App Fraud,12417,16:26,1-2 Hours,Bani Park,"Union Bank ATM, Peetal Factory, Bani Park"
INC-12485,Jaipur,Sextortion,63690,04:19,12-24 Hours,Sitapura Industrial,"PNB ATM, RIICO Phase 1, Sitapura Industrial"
INC-12486,Jaipur,Loan App Fraud,34869,11:12,12-24 Hours,Mansarovar,"HDFC ATM, Rajat Path, Mansarovar"
INC-12487,Udaipur,Job Fraud,131685,10:04,12-24 Hours,Sitapura Industrial,"Axis Bank ATM, India Gate, Sitapura Industrial"
INC-12488,Udaipur,Loan App Fraud,10895,14:09,1-2 Hours,Vidyadhar Nagar,"ICICI ATM, Central Spine, Vidyadhar Nagar"
INC-12489,Sikar,Investment Scam,186458,13:13,12-24 Hours,C-Scheme,"Union Bank ATM, Statue Circle, C-Scheme"
INC-12490,Udaipur,UPI Scam,31435,17:35,12-24 Hours,Vaishali Nagar,"Union Bank ATM, Queens Road, Vaishali Nagar"
INC-12491,Alwar,Investment Scam,140208,09:20,12-24 Hours,C-Scheme,"ICICI ATM, Statue Circle, C-Scheme"
INC-12492,Tonk,Loan App Fraud,69030,16:40,12-24 Hours,Vidyadhar Nagar,"HDFC ATM, Alka Cinema Road, Vidyadhar Nagar"
INC-12493,Jaipur,Loan App Fraud,39278,17:55,12-24 Hours,Vaishali Nagar,"Axis Bank ATM, Gandhi Path, Vaishali Nagar"
INC-12494,Ajmer,KYC Fraud,17689,13:32,1-2 Hours,Bani Park,"HDFC ATM, Kabir Marg, Bani Park"
INC-12495,Jaipur,KYC Fraud,43007,16:17,12-24 Hours,Malviya Nagar,"Union Bank ATM, Apex Circle, Malviya Nagar"
INC-12496,Sikar,Job Fraud,98389,11:52,12-24 Hours,Bani Park,"SBI ATM, Peetal Factory, Bani Park"
INC-12497,Udaipur,UPI Scam,3574,12:07,1-2 Hours,Jhotwara,"Bank of Baroda ATM, Kanta Chauraha, Jhotwara"
INC-12498,Ajmer,Loan App Fraud,93207,13:05,12-24 Hours,Vidyadhar Nagar,"ICICI ATM, Sector 2, Vidyadhar Nagar"
INC-12499,Bikaner,UPI Scam,10947,13:32,1-2 Hours,Mansarovar,"SBI ATM, VT Road Chauraha, Mansarovar"
INC-12500,Jodhpur,Investment Scam,150187,14:34,12-24 Hours,C-Scheme,"SBI ATM, Subhash Marg, C-Scheme"
INC-12501,Ajmer,UPI Scam,14575,15:44,1-2 Hours,Mansarovar,"Kotak Mahindra ATM, Patrakar Colony, Mansarovar"
INC-12502,Jodhpur,Job Fraud,135571,15:59,12-24 Hours,Bani Park,"Axis Bank ATM, Collectorate Circle, Bani Park"
INC-12503,Jaipur,Loan App Fraud,23638,17:31,1-2 Hours,Malviya Nagar,"SBI ATM, JLN Marg, Malviya Nagar"
INC-12504,Jaipur,Credit Card Cloning,134218,21:44,12-24 Hours,Pratap Nagar,"HDFC ATM, Tonk Road, Pratap Nagar"
INC-12505,Alwar,Job Fraud,107016,14:05,12-24 Hours,Jagatpura,"Axis Bank ATM, Mahal Road, Jagatpura"
INC-12506,Jaipur,Investment Scam,83775,12:21,12-24 Hours,C-Scheme,"PNB ATM, MI Road Junction, C-Scheme"
INC-12507,Ajmer,KYC Fraud,47458,12:18,12-24 Hours,Bani Park,"Kotak Mahindra ATM, Collectorate Circle, Bani Park"
INC-12508,Tonk,Investment Scam,171473,11:30,12-24 Hours,Jhotwara,"Union Bank ATM, Kalwar Road, Jhotwara"
INC-12509,Udaipur,OLX Scam,20430,12:43,1-2 Hours,Vaishali Nagar,"SBI ATM, Hanuman Nagar, Vaishali Nagar"
INC-12510,Pali,Investment Scam,235923,16:47,12-24 Hours,C-Scheme,"PNB ATM, Subhash Marg, C-Scheme"
INC-12511,Jaipur,Job Fraud,56388,11:26,12-24 Hours,C-Scheme,"Union Bank ATM, Subhash Marg, C-Scheme"
INC-12512,Jaipur,KYC Fraud,16853,16:00,1-2 Hours,Malviya Nagar,"Bank of Baroda ATM, Calgiri Road, Malviya Nagar"
INC-12513,Jaipur,KYC Fraud,42855,12:13,12-24 Hours,Mansarovar,"Union Bank ATM, Madhyam Marg, Mansarovar"
INC-12514,Pali,Sextortion,18248,03:15,1-2 Hours,Sitapura Industrial,"Kotak Mahindra ATM, Tonk Road Junction, Sitapura Industrial"
INC-12515,Jodhpur,UPI Scam,5591,16:53,1-2 Hours,Mansarovar,"Kotak Mahindra ATM, Patrakar Colony, Mansarovar"
INC-12516,Jaipur,Job Fraud,33700,16:51,12-24 Hours,Jagatpura,"ICICI ATM, Mahal Road, Jagatpura"
INC-12517,Kota,Credit Card Cloning,55562,18:36,12-24 Hours,Pratap Nagar,"Union Bank ATM, Sector 11, Pratap Nagar"
INC-12518,Udaipur,Job Fraud,45131,10:03,12-24 Hours,Jagatpura,"Kotak Mahindra ATM, Mahal Road, Jagatpura"
INC-12519,Alwar,Job Fraud,22131,16:42,1-2 Hours,Jagatpura,"Union Bank ATM, SKIT College Road, Jagatpura"
INC-12520,Jaipur,Investment Scam,269450,13:59,12-24 Hours,C-Scheme,"PNB ATM, Ashok Marg, C-Scheme"
INC-12521,Jaipur,Sextortion,26232,20:40,1-2 Hours,Sitapura Industrial,"Kotak Mahindra ATM, EPI Zone, Sitapura Industrial"
INC-12522,Jodhpur,OLX Scam,27722,18:55,1-2 Hours,Bani Park,"Kotak Mahindra ATM, Sindhi Camp Bus Stand Road, Bani Park"
INC-12523,Jaipur,Investment Scam,121950,11:00,12-24 Hours,C-Scheme,"Kotak Mahindra ATM, Subhash Marg, C-Scheme"
INC-12524,Jaipur,Investment Scam,73585,12:00,12-24 Hours,C-Scheme,"SBI ATM, Subhash Marg, C-Scheme"
INC-12525,Jaipur,Investment Scam,85722,12:23,12-24 Hours,Malviya Nagar,"Bank of Baroda ATM, Gaurav Tower (GT) Road, Malviya Nagar"
INC-12526,Udaipur,UPI Scam,16378,11:31,1-2 Hours,Mansarovar,"HDFC ATM, Kissan Dharam Kanta, Mansarovar"
INC-12527,Bikaner,KYC Fraud,8488,14:19,1-2 Hours,Jhotwara,"ICICI ATM, Kanta Chauraha, Jhotwara"
INC-12528,Jaipur,OLX Scam,10114,13:13,1-2 Hours,Vaishali Nagar,"PNB ATM, Queens Road, Vaishali Nagar"
INC-12529,Jaipur,Investment Scam,175894,18:36,12-24 Hours,C-Scheme,"Union Bank ATM, Ahinsa Circle, C-Scheme"
INC-12530,Pali,UPI Scam,27045,14:25,1-2 Hours,Mansarovar,"PNB ATM, Rajat Path, Mansarovar"
INC-12531,Ajmer,KYC Fraud,23042,11:40,1-2 Hours,Bani Park,"Union Bank ATM, Kabir Marg, Bani Park"
INC-12532,Sikar,Sextortion,61212,20:47,12-24 Hours,Jhotwara,"ICICI ATM, Panchawala, Jhotwara"
INC-12533,Sikar,Investment Scam,199925,10:11,12-24 Hours,C-Scheme,"HDFC ATM, MI Road Junction, C-Scheme"
INC-12534,Jaipur,Job Fraud,66935,11:50,12-24 Hours,C-Scheme,"Union Bank ATM, Statue Circle, C-Scheme"
INC-12535,Sikar,OLX Scam,38495,13:15,12-24 Hours,Vaishali Nagar,"ICICI ATM, Queens Road, Vaishali Nagar"
INC-12536,Kota,Investment Scam,242663,16:10,12-24 Hours,C-Scheme,"ICICI ATM, Ashok Marg, C-Scheme"
INC-12537,Jodhpur,Loan App Fraud,43883,16:02,12-24 Hours,Bani Park,"Bank of Baroda ATM, Sindhi Camp Bus Stand Road, Bani Park"
INC-12538,Jaipur,Credit Card Cloning,27735,00:33,1-2 Hours,Sitapura Industrial,"Axis Bank ATM, India Gate, Sitapura Industrial"
INC-12539,Jaipur,UPI Scam,49182,14:00,12-24 Hours,Mansarovar,"ICICI ATM, Kaveri Path, Mansarovar"
INC-12540,Bikaner,Sextortion,94017,02:57,12-24 Hours,Sitapura Industrial,"Bank of Baroda ATM, India Gate, Sitapura Industrial"
INC-12541,Jodhpur,Loan App Fraud,31857,14:07,12-24 Hours,Bani Park,"Axis Bank ATM, Sindhi Camp Bus Stand Road, Bani Park"
INC-12542,Jaipur,Credit Card Cloning,94518,15:58,12-24 Hours,Pratap Nagar,"Kotak Mahindra ATM, Kumbha Marg, Pratap Nagar"
INC-12543,Jaipur,Sextortion,53685,22:25,12-24 Hours,Sitapura Industrial,"SBI ATM, Tonk Road Junction, Sitapura Industrial"
INC-12544,Pali,Investment Scam,48138,15:24,12-24 Hours,Vaishali Nagar,"SBI ATM, Gandhi Path, Vaishali Nagar"
INC-12545,Bikaner,KYC Fraud,19644,15:46,1-2 Hours,Bani Park,"PNB ATM, Collectorate Circle, Bani Park"
INC-12546,Bikaner,Credit Card Cloning,179416,12:50,12-24 Hours,Bani Park,"Kotak Mahindra ATM, Peetal Factory, Bani Park"
INC-12547,Kota,Sextortion,50239,23:00,12-24 Hours,Sitapura Industrial,"Kotak Mahindra ATM, India Gate, Sitapura Industrial"
INC-12548,Bhilwara,OLX Scam,11908,17:26,1-2 Hours,Vaishali Nagar,"Kotak Mahindra ATM, Queens Road, Vaishali Nagar"
INC-12549,Sikar,OLX Scam,12941,12:59,1-2 Hours,Vaishali Nagar,"HDFC ATM, Hanuman Nagar, Vaishali Nagar"
INC-12550,Jaipur,Job Fraud,115302,14:50,12-24 Hours,Jagatpura,"PNB ATM, 7 Number Stand, Jagatpura"
INC-12551,Jaipur,Job Fraud,104236,12:00,12-24 Hours,Jagatpura,"Bank of Baroda ATM, SKIT College Road, Jagatpura"
INC-12552,Bhilwara,Job Fraud,121092,11:13,12-24 Hours,Jagatpura,"Kotak Mahindra ATM, SKIT College Road, Jagatpura"
INC-12553,Jaipur,Investment Scam,264760,11:37,12-24 Hours,C-Scheme,"ICICI ATM, MI Road Junction, C-Scheme"
INC-12554,Sikar,Loan App Fraud,59757,11:14,12-24 Hours,Vidyadhar Nagar,"PNB ATM, National Highway 52 Bypass, Vidyadhar Nagar"
INC-12555,Jaipur,UPI Scam,6777,16:58,1-2 Hours,Mansarovar,"ICICI ATM, VT Road Chauraha, Mansarovar"
INC-12556,Jaipur,Job Fraud,79041,17:25,12-24 Hours,Jagatpura,"ICICI ATM, SKIT College Road, Jagatpura"
INC-12557,Sikar,Investment Scam,176237,10:13,12-24 Hours,C-Scheme,"ICICI ATM, Statue Circle, C-Scheme"
INC-12558,Udaipur,Credit Card Cloning,143685,04:03,12-24 Hours,Pratap Nagar,"Kotak Mahindra ATM, Tonk Road, Pratap Nagar"
INC-12559,Jodhpur,UPI Scam,31409,16:29,12-24 Hours,Mansarovar,"Kotak Mahindra ATM, Patrakar Colony, Mansarovar"
INC-12560,Kota,Job Fraud,79743,16:39,12-24 Hours,C-Scheme,"Kotak Mahindra ATM, Subhash Marg, C-Scheme"
INC-12561,Jaipur,Investment Scam,124204,16:12,12-24 Hours,C-Scheme,"Union Bank ATM, Statue Circle, C-Scheme"
INC-12562,Jodhpur,UPI Scam,37898,10:08,12-24 Hours,Bani Park,"Kotak Mahindra ATM, Peetal Factory, Bani Park"
INC-12563,Jaipur,KYC Fraud,21570,12:31,1-2 Hours,Malviya Nagar,"PNB ATM, Apex Circle, Malviya Nagar"
INC-12564,Alwar,Sextortion,47704,22:11,12-24 Hours,Vidyadhar Nagar,"Bank of Baroda ATM, Central Spine, Vidyadhar Nagar"
INC-12565,Jaipur,KYC Fraud,4112,09:54,1-2 Hours,Malviya Nagar,"Kotak Mahindra ATM, Sector 3 Market, Malviya Nagar"
INC-12566,Jaipur,Credit Card Cloning,88519,16:16,12-24 Hours,C-Scheme,"PNB ATM, Ashok Marg, C-Scheme"
INC-12567,Jaipur,Sextortion,67794,03:33,12-24 Hours,Sitapura Industrial,"Axis Bank ATM, India Gate, Sitapura Industrial"
INC-12568,Jodhpur,Job Fraud,66153,13:46,12-24 Hours,Bani Park,"Union Bank ATM, Collectorate Circle, Bani Park"
INC-12569,Jaipur,UPI Scam,12081,11:58,1-2 Hours,Mansarovar,"PNB ATM, VT Road Chauraha, Mansarovar"
INC-12570,Jaipur,Credit Card Cloning,39683,02:38,12-24 Hours,Pratap Nagar,"Axis Bank ATM, Haldi Ghati Marg, Pratap Nagar"
INC-12571,Kota,OLX Scam,4672,12:52,1-2 Hours,Vaishali Nagar,"Kotak Mahindra ATM, Amrapali Circle, Vaishali Nagar"
INC-12572,Alwar,Job Fraud,135827,17:21,12-24 Hours,Vidyadhar Nagar,"ICICI ATM, National Highway 52 Bypass, Vidyadhar Nagar"
INC-12573,Tonk,Job Fraud,32339,12:58,12-24 Hours,Jagatpura,"PNB ATM, SKIT College Road, Jagatpura"
INC-12574,Jaipur,OLX Scam,21921,13:20,1-2 Hours,Vaishali Nagar,"SBI ATM, Hanuman Nagar, Vaishali Nagar"
INC-12575,Udaipur,Credit Card Cloning,67417,11:42,12-24 Hours,Pratap Nagar,"SBI ATM, Kumbha Marg, Pratap Nagar"
INC-12576,Tonk,UPI Scam,30671,12:05,12-24 Hours,Mansarovar,"SBI ATM, VT Road Chauraha, Mansarovar"
INC-12577,Jodhpur,Job Fraud,172048,11:12,12-24 Hours,Bani Park,"SBI ATM, Peetal Factory, Bani Park"
INC-12578,Bhilwara,UPI Scam,11519,14:27,1-2 Hours,Mansarovar,"PNB ATM, Kaveri Path, Mansarovar"
INC-12579,Udaipur,Job Fraud,162809,10:58,12-24 Hours,C-Scheme,"Kotak Mahindra ATM, Ashok Marg, C-Scheme"
INC-12580,Sikar,Investment Scam,95107,13:55,12-24 Hours,C-Scheme,"Bank of Baroda ATM, MI Road Junction, C-Scheme"
INC-12581,Jodhpur,Sextortion,117039,21:57,12-24 Hours,Sitapura Industrial,"Axis Bank ATM, India Gate, Sitapura Industrial"
INC-12582,Jodhpur,Investment Scam,120484,13:26,12-24 Hours,Bani Park,"ICICI ATM, Peetal Factory, Bani Park"
INC-12583,Bikaner,OLX Scam,14676,10:25,1-2 Hours,Bani Park,"SBI ATM, Peetal Factory, Bani Park"
INC-12584,Jaipur,Job Fraud,96582,14:34,12-24 Hours,Jagatpura,"HDFC ATM, Ramnagariya, Jagatpura"
INC-12585,Udaipur,OLX Scam,6362,13:39,1-2 Hours,Vaishali Nagar,"PNB ATM, Nursery Circle, Vaishali Nagar"
INC-12586,Ajmer,Investment Scam,242135,17:41,12-24 Hours,C-Scheme,"ICICI ATM, Statue Circle, C-Scheme"
INC-12587,Udaipur,Sextortion,56968,00:43,12-24 Hours,Sitapura Industrial,"Axis Bank ATM, Tonk Road Junction, Sitapura Industrial"
INC-12588,Bikaner,UPI Scam,30218,17:03,12-24 Hours,Bani Park,"PNB ATM, Peetal Factory, Bani Park"
INC-12589,Sikar,Job Fraud,122990,18:26,12-24 Hours,Bani Park,"HDFC ATM, Peetal Factory, Bani Park"
INC-12590,Udaipur,KYC Fraud,33558,10:47,12-24 Hours,Bani Park,"SBI ATM, Peetal Factory, Bani Park"
INC-12591,Jaipur,Sextortion,43876,21:32,12-24 Hours,Sitapura Industrial,"PNB ATM, EPI Zone, Sitapura Industrial"
INC-12592,Tonk,Investment Scam,162924,11:32,12-24 Hours,C-Scheme,"PNB ATM, MI Road Junction, C-Scheme"
INC-12593,Jodhpur,OLX Scam,3111,11:15,1-2 Hours,Vaishali Nagar,"HDFC ATM, Gandhi Path, Vaishali Nagar"
INC-12594,Ajmer,Credit Card Cloning,61162,19:35,12-24 Hours,Pratap Nagar,"Bank of Baroda ATM, Haldi Ghati Marg, Pratap Nagar"
INC-12595,Bhilwara,Job Fraud,37492,13:32,12-24 Hours,Jagatpura,"Kotak Mahindra ATM, Mahal Road, Jagatpura"
INC-12596,Kota,Investment Scam,47267,16:03,12-24 Hours,Vaishali Nagar,"SBI ATM, Amrapali Circle, Vaishali Nagar"
INC-12597,Udaipur,UPI Scam,20268,11:17,1-2 Hours,Mansarovar,"Axis Bank ATM, VT Road Chauraha, Mansarovar"
INC-12598,Pali,Sextortion,115025,23:45,12-24 Hours,Sitapura Industrial,"SBI ATM, India Gate, Sitapura Industrial"
INC-12599,Jaipur,KYC Fraud,20294,14:21,1-2 Hours,Malviya Nagar,"Axis Bank ATM, Calgiri Road, Malviya Nagar"
INC-12600,Jodhpur,Sextortion,91062,23:20,12-24 Hours,Sitapura Industrial,"Axis Bank ATM, RIICO Phase 1, Sitapura Industrial"
INC-12601,Jaipur,Credit Card Cloning,151076,17:30,12-24 Hours,Pratap Nagar,"HDFC ATM, Tonk Road, Pratap Nagar"
INC-12602,Alwar,Credit Card Cloning,165259,19:34,12-24 Hours,Pratap Nagar,"Bank of Baroda ATM, Tonk Road, Pratap Nagar"
INC-12603,Jaipur,Loan App Fraud,24261,13:59,1-2 Hours,Vaishali Nagar,"HDFC ATM, Gandhi Path, Vaishali Nagar"
INC-12604,Jaipur,Credit Card Cloning,82883,03:52,12-24 Hours,Pratap Nagar,"Bank of Baroda ATM, Sector 16 Market, Pratap Nagar"
INC-12605,Pali,Job Fraud,27571,10:28,1-2 Hours,Jagatpura,"Union Bank ATM, 7 Number Stand, Jagatpura"
INC-12606,Ajmer,Loan App Fraud,15465,15:27,1-2 Hours,Bani Park,"PNB ATM, Kabir Marg, Bani Park"
INC-12607,Udaipur,OLX Scam,34397,15:46,12-24 Hours,Vaishali Nagar,"Axis Bank ATM, Nursery Circle, Vaishali Nagar"
INC-12608,Bhilwara,Loan App Fraud,60681,11:13,12-24 Hours,Vidyadhar Nagar,"Bank of Baroda ATM, Alka Cinema Road, Vidyadhar Nagar"
INC-12609,Kota,Sextortion,32632,21:38,12-24 Hours,Sitapura Industrial,"Union Bank ATM, India Gate, Sitapura Industrial"
INC-12610,Pali,Credit Card Cloning,146746,17:08,12-24 Hours,Bani Park,"Axis Bank ATM, Collectorate Circle, Bani Park"
INC-12611,Ajmer,UPI Scam,23382,19:11,1-2 Hours,Mansarovar,"Axis Bank ATM, VT Road Chauraha, Mansarovar"
INC-12612,Jaipur,KYC Fraud,73763,13:15,12-24 Hours,Jhotwara,"PNB ATM, Lata Circle, Jhotwara"
INC-12613,Ajmer,Investment Scam,45905,13:45,12-24 Hours,C-Scheme,"Kotak Mahindra ATM, Subhash Marg, C-Scheme"
INC-12614,Jaipur,UPI Scam,8329,16:31,1-2 Hours,Mansarovar,"HDFC ATM, Rajat Path, Mansarovar"
INC-12615,Jaipur,Loan App Fraud,75696,11:04,12-24 Hours,Mansarovar,"ICICI ATM, VT Road Chauraha, Mansarovar"
INC-12616,Udaipur,UPI Scam,23604,10:50,1-2 Hours,Mansarovar,"HDFC ATM, VT Road Chauraha, Mansarovar"
INC-12617,Kota,Investment Scam,170576,12:44,12-24 Hours,Vidyadhar Nagar,"PNB ATM, Sector 2, Vidyadhar Nagar"
INC-12618,Udaipur,Sextortion,14677,04:25,1-2 Hours,Sitapura Industrial,"ICICI ATM, Mahatma Gandhi Hospital Road, Sitapura Industrial"
INC-12619,Jaipur,Credit Card Cloning,70215,21:36,12-24 Hours,Pratap Nagar,"Bank of Baroda ATM, Haldi Ghati Marg, Pratap Nagar"
INC-12620,Sikar,Job Fraud,104401,11:29,12-24 Hours,Bani Park,"Kotak Mahindra ATM, Peetal Factory, Bani Park"
INC-12621,Jaipur,Investment Scam,277491,12:17,12-24 Hours,C-Scheme,"Kotak Mahindra ATM, Statue Circle, C-Scheme"
INC-12622,Jaipur,Loan App Fraud,8392,17:39,1-2 Hours,Jagatpura,"Axis Bank ATM, SKIT College Road, Jagatpura"
INC-12623,Ajmer,UPI Scam,42528,11:31,12-24 Hours,Mansarovar,"Axis Bank ATM, Kissan Dharam Kanta, Mansarovar"
INC-12624,Jodhpur,Investment Scam,71245,16:52,12-24 Hours,C-Scheme,"PNB ATM, Ashok Marg, C-Scheme"
INC-12625,Jodhpur,OLX Scam,3290,11:19,1-2 Hours,Vaishali Nagar,"HDFC ATM, Nursery Circle, Vaishali Nagar"
INC-12626,Bhilwara,Loan App Fraud,31353,13:35,12-24 Hours,Vidyadhar Nagar,"SBI ATM, Central Spine, Vidyadhar Nagar"
INC-12627,Jodhpur,Sextortion,26561,22:57,1-2 Hours,Sitapura Industrial,"Bank of Baroda ATM, Tonk Road Junction, Sitapura Industrial"
INC-12628,Alwar,KYC Fraud,32951,11:51,12-24 Hours,Malviya Nagar,"Kotak Mahindra ATM, Apex Circle, Malviya Nagar"
INC-12629,Jaipur,Job Fraud,18404,17:11,1-2 Hours,Jagatpura,"Bank of Baroda ATM, Mahal Road, Jagatpura"
INC-12630,Kota,KYC Fraud,9040,16:59,1-2 Hours,Jhotwara,"PNB ATM, Kanta Chauraha, Jhotwara"
INC-12631,Sikar,Loan App Fraud,29264,12:30,1-2 Hours,Bani Park,"SBI ATM, Kabir Marg, Bani Park"
INC-12632,Kota,Loan App Fraud,11177,18:43,1-2 Hours,Vidyadhar Nagar,"HDFC ATM, National Highway 52 Bypass, Vidyadhar Nagar"
INC-12633,Udaipur,Job Fraud,41813,12:37,12-24 Hours,Bani Park,"Union Bank ATM, Peetal Factory, Bani Park"
INC-12634,Bikaner,OLX Scam,6113,16:28,1-2 Hours,Vaishali Nagar,"PNB ATM, Gandhi Path, Vaishali Nagar"
INC-12635,Udaipur,KYC Fraud,10597,11:06,1-2 Hours,Bani Park,"SBI ATM, Collectorate Circle, Bani Park"
INC-12636,Sikar,Job Fraud,166968,10:16,12-24 Hours,C-Scheme,"HDFC ATM, Ahinsa Circle, C-Scheme"
INC-12637,Jaipur,Sextortion,48898,00:29,12-24 Hours,Jagatpura,"HDFC ATM, 7 Number Stand, Jagatpura"
INC-12638,Jaipur,Job Fraud,63795,13:26,12-24 Hours,Jagatpura,"Union Bank ATM, Mahal Road, Jagatpura"
INC-12639,Alwar,Credit Card Cloning,15774,19:16,1-2 Hours,Pratap Nagar,"HDFC ATM, Sector 11, Pratap Nagar"
INC-12640,Jaipur,Investment Scam,38511,10:41,12-24 Hours,C-Scheme,"Kotak Mahindra ATM, Ashok Marg, C-Scheme"
INC-12641,Sikar,KYC Fraud,39804,16:06,12-24 Hours,Bani Park,"PNB ATM, Collectorate Circle, Bani Park"
INC-12642,Jaipur,UPI Scam,17410,14:37,1-2 Hours,Mansarovar,"Bank of Baroda ATM, Rajat Path, Mansarovar"
INC-12643,Ajmer,UPI Scam,52831,13:08,12-24 Hours,Bani Park,"ICICI ATM, Sindhi Camp Bus Stand Road, Bani Park"
INC-12644,Bhilwara,OLX Scam,3479,12:03,1-2 Hours,Vaishali Nagar,"ICICI ATM, Gandhi Path, Vaishali Nagar"
INC-12645,Jodhpur,UPI Scam,4736,20:48,1-2 Hours,Mansarovar,"HDFC ATM, Madhyam Marg, Mansarovar"
INC-12646,Jaipur,Job Fraud,42911,13:33,12-24 Hours,Jagatpura,"Bank of Baroda ATM, NRI Colony, Jagatpura"
INC-12647,Jodhpur,Loan App Fraud,58839,12:21,12-24 Hours,Bani Park,"Kotak Mahindra ATM, Kabir Marg, Bani Park"
INC-12648,Jaipur,OLX Scam,14267,12:11,1-2 Hours,Vaishali Nagar,"Kotak Mahindra ATM, Amrapali Circle, Vaishali Nagar"
INC-12649,Jaipur,Sextortion,50358,22:27,12-24 Hours,Sitapura Industrial,"Bank of Baroda ATM, India Gate, Sitapura Industrial"
INC-12650,Kota,Credit Card Cloning,108582,19:39,12-24 Hours,Pratap Nagar,"Bank of Baroda ATM, Kumbha Marg, Pratap Nagar"
INC-12651,Udaipur,OLX Scam,11906,17:23,1-2 Hours,Vaishali Nagar,"Kotak Mahindra ATM, Nursery Circle, Vaishali Nagar"
INC-12652,Bikaner,Job Fraud,26278,13:55,1-2 Hours,Jagatpura,"Bank of Baroda ATM, NRI Colony, Jagatpura"
INC-12653,Alwar,UPI Scam,44026,13:15,12-24 Hours,Mansarovar,"Bank of Baroda ATM, VT Road Chauraha, Mansarovar"
INC-12654,Jodhpur,Job Fraud,59897,12:27,12-24 Hours,Bani Park,"PNB ATM, Peetal Factory, Bani Park"
INC-12655,Sikar,Credit Card Cloning,85359,19:09,12-24 Hours,Pratap Nagar,"Bank of Baroda ATM, Kumbha Marg, Pratap Nagar"
INC-12656,Jaipur,Loan App Fraud,50603,20:21,12-24 Hours,Vidyadhar Nagar,"PNB ATM, Central Spine, Vidyadhar Nagar"
INC-12657,Udaipur,UPI Scam,19383,15:17,1-2 Hours,Vaishali Nagar,"Axis Bank ATM, Queens Road, Vaishali Nagar"
INC-12658,Jaipur,Credit Card Cloning,97499,19:25,12-24 Hours,C-Scheme,"Kotak Mahindra ATM, Ahinsa Circle, C-Scheme"
INC-12659,Kota,UPI Scam,23644,15:06,1-2 Hours,Mansarovar,"HDFC ATM, Kissan Dharam Kanta, Mansarovar"
INC-12660,Jodhpur,OLX Scam,31565,10:05,12-24 Hours,Vaishali Nagar,"Axis Bank ATM, Nursery Circle, Vaishali Nagar"
INC-12661,Jaipur,UPI Scam,35732,14:06,12-24 Hours,Mansarovar,"ICICI ATM, Madhyam Marg, Mansarovar"
INC-12662,Jaipur,Job Fraud,123927,18:36,12-24 Hours,Vaishali Nagar,"Kotak Mahindra ATM, Queens Road, Vaishali Nagar"
INC-12663,Jaipur,UPI Scam,8334,12:25,1-2 Hours,Mansarovar,"PNB ATM, Kissan Dharam Kanta, Mansarovar"
INC-12664,Jaipur,Credit Card Cloning,193923,22:48,12-24 Hours,Pratap Nagar,"PNB ATM, Sector 11, Pratap Nagar"
INC-12665,Jodhpur,Loan App Fraud,17922,11:13,1-2 Hours,Bani Park,"PNB ATM, Collectorate Circle, Bani Park"
INC-12666,Jodhpur,Job Fraud,75805,14:45,12-24 Hours,Jagatpura,"Kotak Mahindra ATM, Ramnagariya, Jagatpura"
INC-12667,Jaipur,Sextortion,68731,23:21,12-24 Hours,Sitapura Industrial,"Axis Bank ATM, India Gate, Sitapura Industrial"
INC-12668,Jaipur,UPI Scam,7815,13:25,1-2 Hours,Mansarovar,"SBI ATM, Madhyam Marg, Mansarovar"
INC-12669,Kota,OLX Scam,17017,16:14,1-2 Hours,Vaishali Nagar,"Axis Bank ATM, Gandhi Path, Vaishali Nagar"
INC-12670,Jaipur,OLX Scam,13646,15:34,1-2 Hours,Vaishali Nagar,"Axis Bank ATM, Queens Road, Vaishali Nagar"
INC-12671,Bikaner,OLX Scam,24790,14:55,1-2 Hours,Vaishali Nagar,"SBI ATM, Amrapali Circle, Vaishali Nagar"
INC-12672,Jodhpur,Job Fraud,21040,19:18,1-2 Hours,Jagatpura,"Kotak Mahindra ATM, Mahal Road, Jagatpura"
INC-12673,Ajmer,Credit Card Cloning,146830,00:09,12-24 Hours,Pratap Nagar,"ICICI ATM, Haldi Ghati Marg, Pratap Nagar"
INC-12674,Ajmer,Investment Scam,128618,12:56,12-24 Hours,C-Scheme,"SBI ATM, Ahinsa Circle, C-Scheme"
INC-12675,Alwar,UPI Scam,13591,11:35,1-2 Hours,Mansarovar,"Bank of Baroda ATM, Patrakar Colony, Mansarovar"
INC-12676,Jaipur,UPI Scam,6273,12:42,1-2 Hours,Mansarovar,"Union Bank ATM, Kaveri Path, Mansarovar"
INC-12677,Jaipur,Investment Scam,239820,10:50,12-24 Hours,C-Scheme,"HDFC ATM, Ashok Marg, C-Scheme"
INC-12678,Udaipur,Investment Scam,223459,15:43,12-24 Hours,C-Scheme,"HDFC ATM, MI Road Junction, C-Scheme"
INC-12679,Jaipur,Investment Scam,41314,11:59,12-24 Hours,C-Scheme,"SBI ATM, Statue Circle, C-Scheme"
INC-12680,Ajmer,Investment Scam,69713,10:08,12-24 Hours,C-Scheme,"PNB ATM, Ashok Marg, C-Scheme"
INC-12681,Pali,Loan App Fraud,11780,18:24,1-2 Hours,Jhotwara,"Bank of Baroda ATM, Triton Mall Road, Jhotwara"
INC-12682,Jaipur,KYC Fraud,34239,12:39,12-24 Hours,Malviya Nagar,"Union Bank ATM, Apex Circle, Malviya Nagar"
INC-12683,Tonk,Credit Card Cloning,92094,22:18,12-24 Hours,Sitapura Industrial,"HDFC ATM, EPI Zone, Sitapura Industrial"
INC-12684,Bhilwara,UPI Scam,11838,19:11,1-2 Hours,Mansarovar,"Kotak Mahindra ATM, Rajat Path, Mansarovar"
INC-12685,Jodhpur,KYC Fraud,17066,13:57,1-2 Hours,Jhotwara,"Union Bank ATM, Kanta Chauraha, Jhotwara"
INC-12686,Jaipur,UPI Scam,15990,14:34,1-2 Hours,Mansarovar,"Union Bank ATM, Kaveri Path, Mansarovar"
INC-12687,Ajmer,Job Fraud,77700,17:03,12-24 Hours,Bani Park,"PNB ATM, Sindhi Camp Bus Stand Road, Bani Park"
INC-12688,Jaipur,UPI Scam,54598,16:23,12-24 Hours,Mansarovar,"Kotak Mahindra ATM, VT Road Chauraha, Mansarovar"
INC-12689,Jodhpur,Sextortion,105563,02:09,12-24 Hours,Sitapura Industrial,"HDFC ATM, Tonk Road Junction, Sitapura Industrial"
INC-12690,Jodhpur,UPI Scam,27530,13:01,1-2 Hours,Mansarovar,"SBI ATM, Kissan Dharam Kanta, Mansarovar"
INC-12691,Alwar,UPI Scam,39291,15:32,12-24 Hours,Mansarovar,"SBI ATM, Kissan Dharam Kanta, Mansarovar"
INC-12692,Alwar,Loan App Fraud,65990,13:00,12-24 Hours,Vidyadhar Nagar,"HDFC ATM, Central Spine, Vidyadhar Nagar"
INC-12693,Tonk,Loan App Fraud,30005,15:08,12-24 Hours,Bani Park,"HDFC ATM, Peetal Factory, Bani Park"
INC-12694,Ajmer,UPI Scam,17551,11:14,1-2 Hours,Mansarovar,"ICICI ATM, VT Road Chauraha, Mansarovar"
INC-12695,Jaipur,UPI Scam,9903,11:33,1-2 Hours,Mansarovar,"Bank of Baroda ATM, VT Road Chauraha, Mansarovar"
INC-12696,Jaipur,Loan App Fraud,41635,13:38,12-24 Hours,Mansarovar,"PNB ATM, Kissan Dharam Kanta, Mansarovar"
INC-12697,Bikaner,OLX Scam,27918,10:12,1-2 Hours,Vaishali Nagar,"SBI ATM, Queens Road, Vaishali Nagar"
INC-12698,Jaipur,Investment Scam,132450,11:50,12-24 Hours,C-Scheme,"ICICI ATM, Ahinsa Circle, C-Scheme"
INC-12699,Pali,OLX Scam,18138,19:48,1-2 Hours,Vaishali Nagar,"SBI ATM, Hanuman Nagar, Vaishali Nagar"
INC-12700,Udaipur,OLX Scam,5989,14:18,1-2 Hours,Jhotwara,"HDFC ATM, Lata Circle, Jhotwara"
INC-12701,Pali,Credit Card Cloning,83963,18:18,12-24 Hours,Bani Park,"HDFC ATM, Kabir Marg, Bani Park"
INC-12702,Udaipur,KYC Fraud,26192,16:41,1-2 Hours,Bani Park,"ICICI ATM, Collectorate Circle, Bani Park"
INC-12703,Udaipur,Job Fraud,89726,09:29,12-24 Hours,C-Scheme,"SBI ATM, Statue Circle, C-Scheme"
INC-12704,Ajmer,Investment Scam,170573,10:59,12-24 Hours,Bani Park,"Union Bank ATM, Kabir Marg, Bani Park"
INC-12705,Pali,OLX Scam,20748,15:58,1-2 Hours,Vaishali Nagar,"Bank of Baroda ATM, Queens Road, Vaishali Nagar"
INC-12706,Udaipur,KYC Fraud,32363,16:57,12-24 Hours,Mansarovar,"ICICI ATM, Kaveri Path, Mansarovar"
INC-12707,Kota,Investment Scam,158502,12:33,12-24 Hours,C-Scheme,"Bank of Baroda ATM, Statue Circle, C-Scheme"
INC-12708,Alwar,Job Fraud,15041,10:14,1-2 Hours,Malviya Nagar,"Union Bank ATM, Calgiri Road, Malviya Nagar"
INC-12709,Udaipur,OLX Scam,12849,09:59,1-2 Hours,Vaishali Nagar,"Kotak Mahindra ATM, Amrapali Circle, Vaishali Nagar"
INC-12710,Jaipur,Credit Card Cloning,41656,18:17,12-24 Hours,C-Scheme,"SBI ATM, MI Road Junction, C-Scheme"
INC-12711,Jaipur,Investment Scam,160876,11:29,12-24 Hours,C-Scheme,"PNB ATM, Ashok Marg, C-Scheme"
INC-12712,Kota,Sextortion,110295,22:47,12-24 Hours,Jhotwara,"ICICI ATM, Panchawala, Jhotwara"
INC-12713,Jaipur,OLX Scam,7687,14:19,1-2 Hours,Vaishali Nagar,"Union Bank ATM, Gandhi Path, Vaishali Nagar"
INC-12714,Jaipur,KYC Fraud,16786,18:29,1-2 Hours,Malviya Nagar,"Bank of Baroda ATM, Apex Circle, Malviya Nagar"
INC-12715,Jaipur,Loan App Fraud,75538,14:10,12-24 Hours,Vidyadhar Nagar,"Kotak Mahindra ATM, Central Spine, Vidyadhar Nagar"
INC-12716,Jaipur,KYC Fraud,8922,22:18,1-2 Hours,Jhotwara,"Bank of Baroda ATM, Lata Circle, Jhotwara"
INC-12717,Jodhpur,Loan App Fraud,64455,13:02,12-24 Hours,Bani Park,"Kotak Mahindra ATM, Sindhi Camp Bus Stand Road, Bani Park"
INC-12718,Jaipur,Loan App Fraud,15352,14:10,1-2 Hours,Mansarovar,"HDFC ATM, Kissan Dharam Kanta, Mansarovar"
INC-12719,Jaipur,OLX Scam,6566,11:34,1-2 Hours,Vaishali Nagar,"Kotak Mahindra ATM, Nursery Circle, Vaishali Nagar"
INC-12720,Pali,UPI Scam,8238,16:13,1-2 Hours,Mansarovar,"Kotak Mahindra ATM, Kaveri Path, Mansarovar"
INC-12721,Udaipur,Loan App Fraud,4512,12:07,1-2 Hours,Jhotwara,"SBI ATM, Panchawala, Jhotwara"
INC-12722,Bikaner,Job Fraud,75114,12:09,12-24 Hours,Bani Park,"SBI ATM, Sindhi Camp Bus Stand Road, Bani Park"
INC-12723,Jaipur,UPI Scam,24471,10:14,1-2 Hours,Mansarovar,"Bank of Baroda ATM, Kaveri Path, Mansarovar"
INC-12724,Udaipur,Sextortion,66960,20:06,12-24 Hours,Sitapura Industrial,"Bank of Baroda ATM, Tonk Road Junction, Sitapura Industrial"
INC-12725,Jodhpur,UPI Scam,15210,16:47,1-2 Hours,Mansarovar,"HDFC ATM, Kaveri Path, Mansarovar"
INC-12726,Jodhpur,Loan App Fraud,24137,16:00,1-2 Hours,Bani Park,"ICICI ATM, Sindhi Camp Bus Stand Road, Bani Park"
INC-12727,Jaipur,Investment Scam,182691,18:29,12-24 Hours,C-Scheme,"Kotak Mahindra ATM, Subhash Marg, C-Scheme"
INC-12728,Pali,Job Fraud,27695,12:00,1-2 Hours,Bani Park,"Axis Bank ATM, Peetal Factory, Bani Park"
INC-12729,Kota,UPI Scam,13713,16:42,1-2 Hours,Mansarovar,"HDFC ATM, Madhyam Marg, Mansarovar"
INC-12730,Udaipur,Sextortion,126849,01:04,12-24 Hours,Sitapura Industrial,"Union Bank ATM, Tonk Road Junction, Sitapura Industrial"
INC-12731,Jaipur,Investment Scam,86958,10:42,12-24 Hours,C-Scheme,"SBI ATM, Subhash Marg, C-Scheme"
INC-12732,Jaipur,Investment Scam,60945,11:43,12-24 Hours,C-Scheme,"Union Bank ATM, MI Road Junction, C-Scheme"
INC-12733,Pali,UPI Scam,26415,14:12,1-2 Hours,Mansarovar,"ICICI ATM, VT Road Chauraha, Mansarovar"
INC-12734,Sikar,UPI Scam,15730,11:23,1-2 Hours,Vaishali Nagar,"PNB ATM, Hanuman Nagar, Vaishali Nagar"
INC-12735,Jodhpur,Loan App Fraud,12332,13:01,1-2 Hours,Jhotwara,"SBI ATM, Kalwar Road, Jhotwara"
INC-12736,Pali,OLX Scam,24994,17:44,1-2 Hours,Vaishali Nagar,"ICICI ATM, Gandhi Path, Vaishali Nagar"
INC-12737,Sikar,OLX Scam,8668,13:39,1-2 Hours,Vaishali Nagar,"Kotak Mahindra ATM, Nursery Circle, Vaishali Nagar"
INC-12738,Jaipur,Loan App Fraud,54821,15:26,12-24 Hours,Vaishali Nagar,"Axis Bank ATM, Nursery Circle, Vaishali Nagar"
INC-12739,Jaipur,UPI Scam,53343,19:49,12-24 Hours,Vaishali Nagar,"HDFC ATM, Amrapali Circle, Vaishali Nagar"
INC-12740,Jaipur,Loan App Fraud,60693,17:27,12-24 Hours,Malviya Nagar,"PNB ATM, Calgiri Road, Malviya Nagar"
INC-12741,Jodhpur,Investment Scam,98544,16:20,12-24 Hours,C-Scheme,"ICICI ATM, Ashok Marg, C-Scheme"
INC-12742,Tonk,OLX Scam,24036,12:59,1-2 Hours,Vaishali Nagar,"Kotak Mahindra ATM, Queens Road, Vaishali Nagar"
INC-12743,Kota,Job Fraud,173462,11:10,12-24 Hours,C-Scheme,"Kotak Mahindra ATM, Statue Circle, C-Scheme"
INC-12744,Jaipur,Investment Scam,109797,12:00,12-24 Hours,C-Scheme,"ICICI ATM, Ashok Marg, C-Scheme"
INC-12745,Tonk,Job Fraud,169762,12:52,12-24 Hours,C-Scheme,"HDFC ATM, Statue Circle, C-Scheme"
INC-12746,Sikar,Investment Scam,191382,15:14,12-24 Hours,C-Scheme,"ICICI ATM, MI Road Junction, C-Scheme"
INC-12747,Kota,Credit Card Cloning,136069,15:08,12-24 Hours,Vidyadhar Nagar,"ICICI ATM, Central Spine, Vidyadhar Nagar"
INC-12748,Ajmer,OLX Scam,26804,15:57,1-2 Hours,Bani Park,"Axis Bank ATM, Kabir Marg, Bani Park"
INC-12749,Udaipur,Job Fraud,133212,17:58,12-24 Hours,Bani Park,"SBI ATM, Kabir Marg, Bani Park"
INC-12750,Jaipur,Sextortion,63224,02:29,12-24 Hours,Sitapura Industrial,"PNB ATM, RIICO Phase 1, Sitapura Industrial"
INC-12751,Jaipur,OLX Scam,17287,11:12,1-2 Hours,Vaishali Nagar,"ICICI ATM, Gandhi Path, Vaishali Nagar"
INC-12752,Jodhpur,Investment Scam,86104,10:45,12-24 Hours,C-Scheme,"Bank of Baroda ATM, Ahinsa Circle, C-Scheme"
INC-12753,Pali,Sextortion,86182,23:54,12-24 Hours,Sitapura Industrial,"Axis Bank ATM, India Gate, Sitapura Industrial"
INC-12754,Bhilwara,Loan App Fraud,36782,12:52,12-24 Hours,Vidyadhar Nagar,"ICICI ATM, Central Spine, Vidyadhar Nagar"
INC-12755,Tonk,UPI Scam,41551,16:52,12-24 Hours,Mansarovar,"ICICI ATM, Kissan Dharam Kanta, Mansarovar"
INC-12756,Jaipur,Loan App Fraud,38310,12:24,12-24 Hours,Malviya Nagar,"Union Bank ATM, Sector 3 Market, Malviya Nagar"
INC-12757,Jaipur,Investment Scam,88255,18:24,12-24 Hours,C-Scheme,"HDFC ATM, Statue Circle, C-Scheme"
INC-12758,Jaipur,KYC Fraud,38621,15:35,12-24 Hours,Vaishali Nagar,"ICICI ATM, Amrapali Circle, Vaishali Nagar"
INC-12759,Tonk,Loan App Fraud,22552,16:39,1-2 Hours,C-Scheme,"ICICI ATM, Ashok Marg, C-Scheme"
INC-12760,Jodhpur,Investment Scam,231942,17:06,12-24 Hours,C-Scheme,"SBI ATM, Ahinsa Circle, C-Scheme"
INC-12761,Pali,OLX Scam,5626,13:13,1-2 Hours,Bani Park,"SBI ATM, Collectorate Circle, Bani Park"
INC-12762,Tonk,Investment Scam,154002,15:18,12-24 Hours,C-Scheme,"HDFC ATM, Ahinsa Circle, C-Scheme"
INC-12763,Jaipur,OLX Scam,10610,13:12,1-2 Hours,Vaishali Nagar,"Axis Bank ATM, Queens Road, Vaishali Nagar"
INC-12764,Ajmer,Credit Card Cloning,75280,17:02,12-24 Hours,Pratap Nagar,"SBI ATM, Kumbha Marg, Pratap Nagar"
INC-12765,Alwar,UPI Scam,44613,14:53,12-24 Hours,Mansarovar,"HDFC ATM, Kissan Dharam Kanta, Mansarovar"
INC-12766,Bikaner,Job Fraud,20695,18:25,1-2 Hours,Bani Park,"Union Bank ATM, Collectorate Circle, Bani Park"
INC-12767,Pali,Sextortion,62378,01:23,12-24 Hours,Sitapura Industrial,"HDFC ATM, RIICO Phase 1, Sitapura Industrial"
INC-12768,Udaipur,KYC Fraud,69949,14:28,12-24 Hours,Bani Park,"Union Bank ATM, Peetal Factory, Bani Park"
INC-12769,Jodhpur,Investment Scam,144676,14:55,12-24 Hours,C-Scheme,"SBI ATM, Ashok Marg, C-Scheme"
INC-12770,Jaipur,Loan App Fraud,37851,14:22,12-24 Hours,Mansarovar,"HDFC ATM, Kaveri Path, Mansarovar"
INC-12771,Jodhpur,KYC Fraud,12853,13:41,1-2 Hours,Jhotwara,"Axis Bank ATM, Lata Circle, Jhotwara"
INC-12772,Ajmer,Investment Scam,87577,11:21,12-24 Hours,C-Scheme,"Union Bank ATM, Subhash Marg, C-Scheme"
INC-12773,Ajmer,UPI Scam,14863,17:00,1-2 Hours,Bani Park,"Union Bank ATM, Sindhi Camp Bus Stand Road, Bani Park"
INC-12774,Bikaner,Investment Scam,33449,15:30,12-24 Hours,Bani Park,"Union Bank ATM, Sindhi Camp Bus Stand Road, Bani Park"
INC-12775,Kota,KYC Fraud,31701,15:10,12-24 Hours,Malviya Nagar,"Bank of Baroda ATM, Gaurav Tower (GT) Road, Malviya Nagar"
INC-12776,Jaipur,Loan App Fraud,27593,13:58,1-2 Hours,Mansarovar,"Union Bank ATM, VT Road Chauraha, Mansarovar"
INC-12777,Jaipur,Loan App Fraud,74815,12:30,12-24 Hours,Bani Park,"Axis Bank ATM, Sindhi Camp Bus Stand Road, Bani Park"
INC-12778,Bikaner,Sextortion,112656,04:20,12-24 Hours,Sitapura Industrial,"PNB ATM, India Gate, Sitapura Industrial"
INC-12779,Jaipur,Investment Scam,167654,17:28,12-24 Hours,C-Scheme,"SBI ATM, Ahinsa Circle, C-Scheme"
INC-12780,Pali,UPI Scam,5774,11:18,1-2 Hours,Mansarovar,"PNB ATM, Rajat Path, Mansarovar"
INC-12781,Udaipur,Loan App Fraud,82758,14:06,12-24 Hours,Vidyadhar Nagar,"Union Bank ATM, Alka Cinema Road, Vidyadhar Nagar"
INC-12782,Kota,Investment Scam,195590,17:24,12-24 Hours,Vidyadhar Nagar,"Union Bank ATM, Central Spine, Vidyadhar Nagar"
INC-12783,Jodhpur,Job Fraud,57578,12:33,12-24 Hours,Bani Park,"SBI ATM, Peetal Factory, Bani Park"
INC-12784,Bhilwara,UPI Scam,34070,09:08,12-24 Hours,Mansarovar,"ICICI ATM, Patrakar Colony, Mansarovar"
INC-12785,Tonk,KYC Fraud,40960,11:53,12-24 Hours,Bani Park,"ICICI ATM, Sindhi Camp Bus Stand Road, Bani Park"
INC-12786,Jaipur,UPI Scam,12502,21:18,1-2 Hours,Mansarovar,"Bank of Baroda ATM, Rajat Path, Mansarovar"
INC-12787,Udaipur,OLX Scam,4125,10:58,1-2 Hours,Vaishali Nagar,"HDFC ATM, Amrapali Circle, Vaishali Nagar"
INC-12788,Tonk,UPI Scam,29897,09:00,1-2 Hours,Mansarovar,"ICICI ATM, Kissan Dharam Kanta, Mansarovar"
INC-12789,Jaipur,UPI Scam,17325,14:38,1-2 Hours,Mansarovar,"Union Bank ATM, Patrakar Colony, Mansarovar"
INC-12790,Udaipur,Job Fraud,132483,11:31,12-24 Hours,C-Scheme,"Axis Bank ATM, Ashok Marg, C-Scheme"
INC-12791,Pali,Job Fraud,32124,13:15,12-24 Hours,Jagatpura,"PNB ATM, Ramnagariya, Jagatpura"
INC-12792,Tonk,Credit Card Cloning,227331,16:56,12-24 Hours,Pratap Nagar,"ICICI ATM, Haldi Ghati Marg, Pratap Nagar"
INC-12793,Jaipur,Loan App Fraud,79532,16:49,12-24 Hours,Vidyadhar Nagar,"Bank of Baroda ATM, Sector 2, Vidyadhar Nagar"
INC-12794,Udaipur,KYC Fraud,30537,12:18,12-24 Hours,Bani Park,"Union Bank ATM, Sindhi Camp Bus Stand Road, Bani Park"
INC-12795,Jaipur,Investment Scam,174844,15:19,12-24 Hours,Pratap Nagar,"SBI ATM, Haldi Ghati Marg, Pratap Nagar"
INC-12796,Alwar,KYC Fraud,5691,10:52,1-2 Hours,Mansarovar,"PNB ATM, VT Road Chauraha, Mansarovar"
INC-12797,Jaipur,Loan App Fraud,29341,15:20,1-2 Hours,Malviya Nagar,"Axis Bank ATM, Calgiri Road, Malviya Nagar"
INC-12798,Pali,Investment Scam,232492,12:05,12-24 Hours,C-Scheme,"Axis Bank ATM, Ahinsa Circle, C-Scheme"
INC-12799,Pali,UPI Scam,5287,09:28,1-2 Hours,Mansarovar,"HDFC ATM, Kaveri Path, Mansarovar"
INC-12800,Ajmer,Investment Scam,202025,12:21,12-24 Hours,Bani Park,"ICICI ATM, Sindhi Camp Bus Stand Road, Bani Park"
INC-12801,Sikar,OLX Scam,10307,18:47,1-2 Hours,Vaishali Nagar,"SBI ATM, Hanuman Nagar, Vaishali Nagar"
INC-12802,Jaipur,Loan App Fraud,50536,15:10,12-24 Hours,C-Scheme,"Kotak Mahindra ATM, Subhash Marg, C-Scheme"
INC-12803,Ajmer,Credit Card Cloning,115675,14:54,12-24 Hours,Pratap Nagar,"HDFC ATM, Sector 11, Pratap Nagar"
INC-12804,Tonk,Investment Scam,112124,13:55,12-24 Hours,C-Scheme,"Union Bank ATM, Ahinsa Circle, C-Scheme"
INC-12805,Jaipur,Credit Card Cloning,42679,22:00,12-24 Hours,Sitapura Industrial,"Axis Bank ATM, India Gate, Sitapura Industrial"
INC-12806,Bhilwara,KYC Fraud,60713,15:35,12-24 Hours,Bani Park,"ICICI ATM, Collectorate Circle, Bani Park"
INC-12807,Ajmer,UPI Scam,14133,15:55,1-2 Hours,Mansarovar,"Kotak Mahindra ATM, Rajat Path, Mansarovar"
INC-12808,Jodhpur,UPI Scam,31260,13:31,12-24 Hours,Mansarovar,"HDFC ATM, Kaveri Path, Mansarovar"
INC-12809,Udaipur,Investment Scam,79224,13:34,12-24 Hours,C-Scheme,"Axis Bank ATM, Subhash Marg, C-Scheme"
INC-12810,Ajmer,Credit Card Cloning,88539,03:59,12-24 Hours,Pratap Nagar,"ICICI ATM, Sector 16 Market, Pratap Nagar"
INC-12811,Jodhpur,Job Fraud,40448,12:28,12-24 Hours,Bani Park,"SBI ATM, Sindhi Camp Bus Stand Road, Bani Park"
INC-12812,Alwar,UPI Scam,17106,17:18,1-2 Hours,Mansarovar,"SBI ATM, Kissan Dharam Kanta, Mansarovar"
INC-12813,Ajmer,OLX Scam,9928,14:29,1-2 Hours,Vaishali Nagar,"Union Bank ATM, Nursery Circle, Vaishali Nagar"
INC-12814,Jaipur,KYC Fraud,34127,14:23,12-24 Hours,Vaishali Nagar,"Axis Bank ATM, Hanuman Nagar, Vaishali Nagar"
INC-12815,Tonk,Job Fraud,54031,17:49,12-24 Hours,Jagatpura,"PNB ATM, Mahal Road, Jagatpura"
INC-12816,Jodhpur,Loan App Fraud,57260,13:37,12-24 Hours,Bani Park,"HDFC ATM, Sindhi Camp Bus Stand Road, Bani Park"
INC-12817,Tonk,Investment Scam,218251,12:53,12-24 Hours,C-Scheme,"HDFC ATM, Ahinsa Circle, C-Scheme"
INC-12818,Tonk,Sextortion,16948,02:17,1-2 Hours,Sitapura Industrial,"ICICI ATM, EPI Zone, Sitapura Industrial"
INC-12819,Ajmer,Credit Card Cloning,117765,20:41,12-24 Hours,Pratap Nagar,"SBI ATM, Kumbha Marg, Pratap Nagar"
INC-12820,Jaipur,UPI Scam,10551,11:41,1-2 Hours,Mansarovar,"SBI ATM, Madhyam Marg, Mansarovar"
INC-12821,Udaipur,Investment Scam,51806,12:22,12-24 Hours,C-Scheme,"Kotak Mahindra ATM, MI Road Junction, C-Scheme"
INC-12822,Jaipur,UPI Scam,11510,11:10,1-2 Hours,Mansarovar,"SBI ATM, Kissan Dharam Kanta, Mansarovar"
INC-12823,Bhilwara,UPI Scam,47945,15:57,12-24 Hours,Mansarovar,"PNB ATM, VT Road Chauraha, Mansarovar"
INC-12824,Jodhpur,Credit Card Cloning,54877,18:44,12-24 Hours,Bani Park,"PNB ATM, Collectorate Circle, Bani Park"
INC-12825,Bikaner,Sextortion,88396,21:23,12-24 Hours,Sitapura Industrial,"Kotak Mahindra ATM, Mahatma Gandhi Hospital Road, Sitapura Industrial"
INC-12826,Pali,Credit Card Cloning,220118,19:41,12-24 Hours,Pratap Nagar,"Axis Bank ATM, Sector 11, Pratap Nagar"
INC-12827,Jaipur,Loan App Fraud,19335,13:34,1-2 Hours,Mansarovar,"Kotak Mahindra ATM, Kaveri Path, Mansarovar"
INC-12828,Alwar,KYC Fraud,60387,14:35,12-24 Hours,Bani Park,"Axis Bank ATM, Kabir Marg, Bani Park"
INC-12829,Kota,OLX Scam,31064,13:53,12-24 Hours,Vaishali Nagar,"ICICI ATM, Nursery Circle, Vaishali Nagar"
INC-12830,Udaipur,KYC Fraud,23195,12:23,1-2 Hours,Bani Park,"Union Bank ATM, Peetal Factory, Bani Park"
INC-12831,Ajmer,UPI Scam,21309,15:35,1-2 Hours,Mansarovar,"Kotak Mahindra ATM, Kaveri Path, Mansarovar"
INC-12832,Jaipur,Investment Scam,103970,11:02,12-24 Hours,C-Scheme,"Bank of Baroda ATM, MI Road Junction, C-Scheme"
INC-12833,Jodhpur,Investment Scam,197231,12:11,12-24 Hours,C-Scheme,"SBI ATM, MI Road Junction, C-Scheme"
INC-12834,Ajmer,KYC Fraud,13458,17:48,1-2 Hours,Jhotwara,"ICICI ATM, Lata Circle, Jhotwara"
INC-12835,Jaipur,UPI Scam,19750,12:40,1-2 Hours,Mansarovar,"Bank of Baroda ATM, Patrakar Colony, Mansarovar"
INC-12836,Kota,KYC Fraud,35633,16:08,12-24 Hours,Malviya Nagar,"HDFC ATM, JLN Marg, Malviya Nagar"
INC-12837,Jaipur,Loan App Fraud,13835,10:21,1-2 Hours,Mansarovar,"SBI ATM, Patrakar Colony, Mansarovar"
INC-12838,Jaipur,UPI Scam,23512,12:38,1-2 Hours,Mansarovar,"ICICI ATM, Kissan Dharam Kanta, Mansarovar"
INC-12839,Jaipur,Credit Card Cloning,148985,15:05,12-24 Hours,Pratap Nagar,"Bank of Baroda ATM, Kumbha Marg, Pratap Nagar"
INC-12840,Bikaner,Investment Scam,73066,11:25,12-24 Hours,Bani Park,"PNB ATM, Sindhi Camp Bus Stand Road, Bani Park"
INC-12841,Jodhpur,Loan App Fraud,60969,12:07,12-24 Hours,Bani Park,"ICICI ATM, Kabir Marg, Bani Park"
INC-12842,Sikar,Sextortion,56346,23:21,12-24 Hours,Sitapura Industrial,"Bank of Baroda ATM, EPI Zone, Sitapura Industrial"
INC-12843,Tonk,OLX Scam,22035,21:14,1-2 Hours,Vaishali Nagar,"HDFC ATM, Hanuman Nagar, Vaishali Nagar"
INC-12844,Jaipur,UPI Scam,28104,19:29,1-2 Hours,Mansarovar,"Axis Bank ATM, Rajat Path, Mansarovar"
INC-12845,Sikar,Loan App Fraud,30365,14:15,12-24 Hours,Bani Park,"Union Bank ATM, Sindhi Camp Bus Stand Road, Bani Park"
INC-12846,Jodhpur,KYC Fraud,76498,11:27,12-24 Hours,Jhotwara,"Union Bank ATM, Kanta Chauraha, Jhotwara"
INC-12847,Sikar,Investment Scam,187115,15:32,12-24 Hours,C-Scheme,"Kotak Mahindra ATM, Ahinsa Circle, C-Scheme"
INC-12848,Jaipur,UPI Scam,51404,15:36,12-24 Hours,Vidyadhar Nagar,"SBI ATM, Alka Cinema Road, Vidyadhar Nagar"
INC-12849,Jaipur,Job Fraud,66817,09:27,12-24 Hours,Jagatpura,"Bank of Baroda ATM, Mahal Road, Jagatpura"
INC-12850,Kota,Loan App Fraud,24228,10:58,1-2 Hours,Vidyadhar Nagar,"ICICI ATM, Sector 2, Vidyadhar Nagar"
INC-12851,Sikar,Investment Scam,132107,14:50,12-24 Hours,C-Scheme,"Axis Bank ATM, Ashok Marg, C-Scheme"
INC-12852,Jaipur,Investment Scam,236406,13:41,12-24 Hours,C-Scheme,"HDFC ATM, Ashok Marg, C-Scheme"
INC-12853,Jaipur,UPI Scam,25459,12:11,1-2 Hours,Mansarovar,"ICICI ATM, Kaveri Path, Mansarovar"
INC-12854,Kota,OLX Scam,8387,11:11,1-2 Hours,Vaishali Nagar,"Kotak Mahindra ATM, Nursery Circle, Vaishali Nagar"
INC-12855,Alwar,UPI Scam,30728,12:57,12-24 Hours,Mansarovar,"PNB ATM, VT Road Chauraha, Mansarovar"
INC-12856,Jaipur,Investment Scam,95415,12:56,12-24 Hours,C-Scheme,"Axis Bank ATM, Ahinsa Circle, C-Scheme"
INC-12857,Jaipur,Credit Card Cloning,57680,17:26,12-24 Hours,C-Scheme,"Bank of Baroda ATM, Ahinsa Circle, C-Scheme"
INC-12858,Jaipur,Job Fraud,160002,17:58,12-24 Hours,C-Scheme,"Bank of Baroda ATM, Ahinsa Circle, C-Scheme"
INC-12859,Udaipur,Investment Scam,142728,16:31,12-24 Hours,C-Scheme,"SBI ATM, MI Road Junction, C-Scheme"
INC-12860,Jaipur,Job Fraud,37706,14:28,12-24 Hours,Jagatpura,"HDFC ATM, SKIT College Road, Jagatpura"
INC-12861,Jaipur,Sextortion,87851,21:00,12-24 Hours,Sitapura Industrial,"Union Bank ATM, Tonk Road Junction, Sitapura Industrial"
INC-12862,Jodhpur,OLX Scam,25918,16:16,1-2 Hours,Bani Park,"Axis Bank ATM, Collectorate Circle, Bani Park"
INC-12863,Jaipur,UPI Scam,35887,11:31,12-24 Hours,Mansarovar,"Axis Bank ATM, Kaveri Path, Mansarovar"
INC-12864,Ajmer,UPI Scam,11072,20:20,1-2 Hours,Mansarovar,"ICICI ATM, Kaveri Path, Mansarovar"
INC-12865,Udaipur,Sextortion,47535,22:26,12-24 Hours,Sitapura Industrial,"Axis Bank ATM, EPI Zone, Sitapura Industrial"
INC-12866,Sikar,Sextortion,43487,00:34,12-24 Hours,Sitapura Industrial,"Axis Bank ATM, Tonk Road Junction, Sitapura Industrial"
INC-12867,Udaipur,UPI Scam,41597,17:55,12-24 Hours,Mansarovar,"HDFC ATM, Madhyam Marg, Mansarovar"
INC-12868,Kota,UPI Scam,12062,13:06,1-2 Hours,Mansarovar,"ICICI ATM, Madhyam Marg, Mansarovar"
INC-12869,Jaipur,Credit Card Cloning,59511,14:33,12-24 Hours,Pratap Nagar,"HDFC ATM, Sector 16 Market, Pratap Nagar"
INC-12870,Jaipur,Investment Scam,127716,12:15,12-24 Hours,C-Scheme,"HDFC ATM, Subhash Marg, C-Scheme"
INC-12871,Kota,Job Fraud,70906,13:11,12-24 Hours,Jagatpura,"Kotak Mahindra ATM, Ramnagariya, Jagatpura"
INC-12872,Jaipur,UPI Scam,8538,12:29,1-2 Hours,Mansarovar,"Union Bank ATM, Madhyam Marg, Mansarovar"
INC-12873,Jaipur,OLX Scam,15863,18:11,1-2 Hours,Vaishali Nagar,"Bank of Baroda ATM, Amrapali Circle, Vaishali Nagar"
INC-12874,Jaipur,UPI Scam,16268,17:16,1-2 Hours,Mansarovar,"HDFC ATM, Kaveri Path, Mansarovar"
INC-12875,Bikaner,OLX Scam,8666,13:21,1-2 Hours,Vaishali Nagar,"Kotak Mahindra ATM, Queens Road, Vaishali Nagar"
INC-12876,Jodhpur,UPI Scam,10241,13:48,1-2 Hours,Mansarovar,"HDFC ATM, Rajat Path, Mansarovar"
INC-12877,Sikar,Sextortion,84056,02:47,12-24 Hours,Sitapura Industrial,"HDFC ATM, India Gate, Sitapura Industrial"
INC-12878,Jodhpur,Investment Scam,237974,12:29,12-24 Hours,C-Scheme,"Union Bank ATM, Statue Circle, C-Scheme"
INC-12879,Jaipur,Job Fraud,132064,13:13,12-24 Hours,C-Scheme,"ICICI ATM, Statue Circle, C-Scheme"
INC-12880,Sikar,Loan App Fraud,55421,13:56,12-24 Hours,Vidyadhar Nagar,"PNB ATM, Alka Cinema Road, Vidyadhar Nagar"
INC-12881,Jodhpur,Sextortion,32371,22:26,12-24 Hours,Sitapura Industrial,"HDFC ATM, Tonk Road Junction, Sitapura Industrial"
INC-12882,Kota,Credit Card Cloning,60247,16:47,12-24 Hours,Pratap Nagar,"Kotak Mahindra ATM, Tonk Road, Pratap Nagar"
INC-12883,Jodhpur,Loan App Fraud,30232,14:37,12-24 Hours,Bani Park,"Kotak Mahindra ATM, Peetal Factory, Bani Park"
INC-12884,Udaipur,Sextortion,13899,23:17,1-2 Hours,Sitapura Industrial,"SBI ATM, RIICO Phase 1, Sitapura Industrial"
INC-12885,Ajmer,Sextortion,66924,00:36,12-24 Hours,Sitapura Industrial,"HDFC ATM, EPI Zone, Sitapura Industrial"
INC-12886,Tonk,Investment Scam,83711,18:59,12-24 Hours,Bani Park,"ICICI ATM, Peetal Factory, Bani Park"
INC-12887,Jaipur,KYC Fraud,15806,10:05,1-2 Hours,Bani Park,"ICICI ATM, Collectorate Circle, Bani Park"
INC-12888,Ajmer,UPI Scam,21533,12:07,1-2 Hours,Mansarovar,"HDFC ATM, Kaveri Path, Mansarovar"
INC-12889,Jodhpur,Job Fraud,181392,12:33,12-24 Hours,C-Scheme,"Bank of Baroda ATM, Subhash Marg, C-Scheme"
INC-12890,Alwar,Investment Scam,182739,14:39,12-24 Hours,C-Scheme,"PNB ATM, MI Road Junction, C-Scheme"
INC-12891,Jodhpur,Job Fraud,53886,17:34,12-24 Hours,C-Scheme,"HDFC ATM, Ashok Marg, C-Scheme"
INC-12892,Bhilwara,Investment Scam,275249,12:27,12-24 Hours,C-Scheme,"HDFC ATM, Ahinsa Circle, C-Scheme"
INC-12893,Jaipur,OLX Scam,23747,18:26,1-2 Hours,Vaishali Nagar,"Axis Bank ATM, Amrapali Circle, Vaishali Nagar"
INC-12894,Jaipur,UPI Scam,24960,21:55,1-2 Hours,Mansarovar,"ICICI ATM, Rajat Path, Mansarovar"
INC-12895,Kota,UPI Scam,24973,15:36,1-2 Hours,Mansarovar,"HDFC ATM, Madhyam Marg, Mansarovar"
INC-12896,Bikaner,OLX Scam,26036,16:33,1-2 Hours,Vaishali Nagar,"SBI ATM, Nursery Circle, Vaishali Nagar"
INC-12897,Tonk,UPI Scam,5744,17:22,1-2 Hours,Sitapura Industrial,"Kotak Mahindra ATM, Tonk Road Junction, Sitapura Industrial"
INC-12898,Jaipur,Credit Card Cloning,59902,19:04,12-24 Hours,Pratap Nagar,"HDFC ATM, Kumbha Marg, Pratap Nagar"
INC-12899,Udaipur,Investment Scam,116041,13:30,12-24 Hours,C-Scheme,"SBI ATM, Statue Circle, C-Scheme"
INC-12900,Sikar,Job Fraud,111636,12:57,12-24 Hours,Jagatpura,"Bank of Baroda ATM, Ramnagariya, Jagatpura"
INC-12901,Tonk,Investment Scam,173020,17:54,12-24 Hours,C-Scheme,"ICICI ATM, Subhash Marg, C-Scheme"
INC-12902,Jaipur,Investment Scam,158682,11:28,12-24 Hours,C-Scheme,"Bank of Baroda ATM, Ahinsa Circle, C-Scheme"
INC-12903,Bikaner,UPI Scam,25126,16:47,1-2 Hours,Mansarovar,"HDFC ATM, Rajat Path, Mansarovar"
INC-12904,Bhilwara,Loan App Fraud,62532,17:45,12-24 Hours,Vidyadhar Nagar,"HDFC ATM, Sector 2, Vidyadhar Nagar"
INC-12905,Jaipur,Investment Scam,78330,13:06,12-24 Hours,C-Scheme,"Bank of Baroda ATM, Ashok Marg, C-Scheme"
INC-12906,Bikaner,Investment Scam,150216,12:15,12-24 Hours,C-Scheme,"SBI ATM, MI Road Junction, C-Scheme"
INC-12907,Jaipur,Investment Scam,136607,12:27,12-24 Hours,C-Scheme,"SBI ATM, MI Road Junction, C-Scheme"
INC-12908,Sikar,OLX Scam,27488,15:47,1-2 Hours,Vaishali Nagar,"SBI ATM, Hanuman Nagar, Vaishali Nagar"
INC-12909,Alwar,Investment Scam,177574,13:26,12-24 Hours,C-Scheme,"Bank of Baroda ATM, Ahinsa Circle, C-Scheme"
INC-12910,Jodhpur,UPI Scam,40684,12:01,12-24 Hours,Mansarovar,"Kotak Mahindra ATM, Kissan Dharam Kanta, Mansarovar"
INC-12911,Udaipur,UPI Scam,20183,12:41,1-2 Hours,Vaishali Nagar,"PNB ATM, Gandhi Path, Vaishali Nagar"
INC-12912,Jaipur,UPI Scam,38709,12:26,12-24 Hours,Mansarovar,"Axis Bank ATM, Madhyam Marg, Mansarovar"
INC-12913,Sikar,OLX Scam,21202,13:18,1-2 Hours,Jagatpura,"HDFC ATM, SKIT College Road, Jagatpura"
INC-12914,Jaipur,OLX Scam,33909,18:44,12-24 Hours,Vaishali Nagar,"SBI ATM, Gandhi Path, Vaishali Nagar"
INC-12915,Jaipur,Investment Scam,188638,09:07,12-24 Hours,C-Scheme,"Bank of Baroda ATM, Ahinsa Circle, C-Scheme"
INC-12916,Alwar,Sextortion,72788,04:19,12-24 Hours,Sitapura Industrial,"PNB ATM, RIICO Phase 1, Sitapura Industrial"
INC-12917,Udaipur,UPI Scam,22558,16:53,1-2 Hours,Mansarovar,"Bank of Baroda ATM, Patrakar Colony, Mansarovar"
INC-12918,Alwar,OLX Scam,10078,10:55,1-2 Hours,Vaishali Nagar,"ICICI ATM, Nursery Circle, Vaishali Nagar"
INC-12919,Jaipur,Loan App Fraud,57182,10:47,12-24 Hours,Vaishali Nagar,"PNB ATM, Gandhi Path, Vaishali Nagar"
INC-12920,Ajmer,Loan App Fraud,8700,19:37,1-2 Hours,Bani Park,"Kotak Mahindra ATM, Peetal Factory, Bani Park"
INC-12921,Alwar,Loan App Fraud,42273,16:36,12-24 Hours,Vidyadhar Nagar,"Kotak Mahindra ATM, Central Spine, Vidyadhar Nagar"
INC-12922,Jaipur,Investment Scam,162543,13:50,12-24 Hours,C-Scheme,"SBI ATM, MI Road Junction, C-Scheme"
INC-12923,Jaipur,Investment Scam,79589,14:43,12-24 Hours,C-Scheme,"Kotak Mahindra ATM, Subhash Marg, C-Scheme"
INC-12924,Jaipur,Investment Scam,106974,11:16,12-24 Hours,C-Scheme,"Axis Bank ATM, Statue Circle, C-Scheme"
INC-12925,Jaipur,KYC Fraud,62023,16:32,12-24 Hours,Malviya Nagar,"PNB ATM, Gaurav Tower (GT) Road, Malviya Nagar"
INC-12926,Jodhpur,Investment Scam,202643,11:08,12-24 Hours,C-Scheme,"Kotak Mahindra ATM, MI Road Junction, C-Scheme"
INC-12927,Ajmer,KYC Fraud,25977,11:40,1-2 Hours,C-Scheme,"ICICI ATM, MI Road Junction, C-Scheme"
INC-12928,Pali,Sextortion,68842,22:15,12-24 Hours,Sitapura Industrial,"Union Bank ATM, RIICO Phase 1, Sitapura Industrial"
INC-12929,Ajmer,Investment Scam,158913,18:25,12-24 Hours,C-Scheme,"HDFC ATM, Subhash Marg, C-Scheme"
INC-12930,Jaipur,OLX Scam,5929,14:08,1-2 Hours,Vaishali Nagar,"Bank of Baroda ATM, Queens Road, Vaishali Nagar"
INC-12931,Ajmer,Loan App Fraud,18995,13:33,1-2 Hours,Bani Park,"Kotak Mahindra ATM, Peetal Factory, Bani Park"
INC-12932,Tonk,KYC Fraud,33313,15:55,12-24 Hours,Sitapura Industrial,"Union Bank ATM, RIICO Phase 1, Sitapura Industrial"
INC-12933,Bhilwara,Investment Scam,155244,10:01,12-24 Hours,C-Scheme,"HDFC ATM, Ahinsa Circle, C-Scheme"
INC-12934,Tonk,OLX Scam,14866,17:21,1-2 Hours,Malviya Nagar,"Union Bank ATM, Gaurav Tower (GT) Road, Malviya Nagar"
INC-12935,Jodhpur,Investment Scam,128854,15:43,12-24 Hours,Mansarovar,"Kotak Mahindra ATM, Madhyam Marg, Mansarovar"
INC-12936,Jaipur,Sextortion,39050,00:23,12-24 Hours,Sitapura Industrial,"PNB ATM, India Gate, Sitapura Industrial"
INC-12937,Alwar,Credit Card Cloning,101686,11:41,12-24 Hours,Vidyadhar Nagar,"Bank of Baroda ATM, Central Spine, Vidyadhar Nagar"
INC-12938,Jaipur,KYC Fraud,52447,15:08,12-24 Hours,Bani Park,"PNB ATM, Collectorate Circle, Bani Park"
INC-12939,Bikaner,Investment Scam,106025,11:51,12-24 Hours,C-Scheme,"ICICI ATM, Ashok Marg, C-Scheme"
INC-12940,Jodhpur,OLX Scam,3548,11:20,1-2 Hours,Vaishali Nagar,"Axis Bank ATM, Hanuman Nagar, Vaishali Nagar"
INC-12941,Bhilwara,Loan App Fraud,30963,12:48,12-24 Hours,Vidyadhar Nagar,"HDFC ATM, Alka Cinema Road, Vidyadhar Nagar"
INC-12942,Kota,Sextortion,38658,22:12,12-24 Hours,Vidyadhar Nagar,"SBI ATM, Alka Cinema Road, Vidyadhar Nagar"
INC-12943,Jaipur,KYC Fraud,5844,18:35,1-2 Hours,Mansarovar,"ICICI ATM, Kissan Dharam Kanta, Mansarovar"
INC-12944,Ajmer,Job Fraud,28952,15:58,1-2 Hours,Jhotwara,"Bank of Baroda ATM, Panchawala, Jhotwara"
INC-12945,Bhilwara,Credit Card Cloning,106074,19:09,12-24 Hours,Pratap Nagar,"Bank of Baroda ATM, Sector 16 Market, Pratap Nagar"
INC-12946,Jaipur,UPI Scam,18085,12:32,1-2 Hours,Mansarovar,"PNB ATM, Kissan Dharam Kanta, Mansarovar"
INC-12947,Kota,KYC Fraud,42775,12:14,12-24 Hours,Vaishali Nagar,"ICICI ATM, Gandhi Path, Vaishali Nagar"
INC-12948,Jodhpur,Credit Card Cloning,45879,19:19,12-24 Hours,Pratap Nagar,"HDFC ATM, Sector 16 Market, Pratap Nagar"
INC-12949,Jaipur,KYC Fraud,26559,13:25,1-2 Hours,Malviya Nagar,"Kotak Mahindra ATM, Calgiri Road, Malviya Nagar"
INC-12950,Jodhpur,KYC Fraud,7665,15:16,1-2 Hours,Bani Park,"Union Bank ATM, Peetal Factory, Bani Park"
INC-12951,Kota,Loan App Fraud,65691,15:08,12-24 Hours,Vidyadhar Nagar,"PNB ATM, National Highway 52 Bypass, Vidyadhar Nagar"
INC-12952,Ajmer,Investment Scam,132921,13:30,12-24 Hours,C-Scheme,"SBI ATM, Statue Circle, C-Scheme"
INC-12953,Jodhpur,KYC Fraud,27247,09:22,1-2 Hours,Bani Park,"Kotak Mahindra ATM, Peetal Factory, Bani Park"
INC-12954,Jaipur,Job Fraud,57672,12:03,12-24 Hours,C-Scheme,"Axis Bank ATM, Statue Circle, C-Scheme"
INC-12955,Alwar,UPI Scam,5006,16:23,1-2 Hours,Mansarovar,"SBI ATM, Kissan Dharam Kanta, Mansarovar"
INC-12956,Jodhpur,Investment Scam,84811,15:23,12-24 Hours,Bani Park,"Bank of Baroda ATM, Peetal Factory, Bani Park"
INC-12957,Jaipur,Loan App Fraud,73202,17:55,12-24 Hours,Vaishali Nagar,"SBI ATM, Amrapali Circle, Vaishali Nagar"
INC-12958,Tonk,OLX Scam,3374,22:37,1-2 Hours,Vaishali Nagar,"Axis Bank ATM, Queens Road, Vaishali Nagar"
INC-12959,Tonk,Credit Card Cloning,189471,04:05,12-24 Hours,Pratap Nagar,"Kotak Mahindra ATM, Sector 11, Pratap Nagar"
INC-12960,Jaipur,UPI Scam,41438,14:27,12-24 Hours,Mansarovar,"PNB ATM, Kissan Dharam Kanta, Mansarovar"
INC-12961,Jaipur,Investment Scam,136621,12:31,12-24 Hours,C-Scheme,"Kotak Mahindra ATM, MI Road Junction, C-Scheme"
INC-12962,Alwar,OLX Scam,13280,15:56,1-2 Hours,Vaishali Nagar,"Kotak Mahindra ATM, Hanuman Nagar, Vaishali Nagar"
INC-12963,Jaipur,Job Fraud,109998,14:33,12-24 Hours,C-Scheme,"Bank of Baroda ATM, Ahinsa Circle, C-Scheme"
INC-12964,Alwar,UPI Scam,30728,16:27,12-24 Hours,Vaishali Nagar,"ICICI ATM, Nursery Circle, Vaishali Nagar"
INC-12965,Pali,Investment Scam,113996,16:58,12-24 Hours,C-Scheme,"Kotak Mahindra ATM, Statue Circle, C-Scheme"
INC-12966,Jaipur,OLX Scam,10745,12:31,1-2 Hours,Vaishali Nagar,"SBI ATM, Queens Road, Vaishali Nagar"
INC-12967,Jaipur,Investment Scam,97266,13:16,12-24 Hours,C-Scheme,"Bank of Baroda ATM, Statue Circle, C-Scheme"
INC-12968,Udaipur,Investment Scam,206789,09:59,12-24 Hours,C-Scheme,"HDFC ATM, Ahinsa Circle, C-Scheme"
INC-12969,Pali,Loan App Fraud,16674,16:05,1-2 Hours,Bani Park,"Axis Bank ATM, Kabir Marg, Bani Park"
INC-12970,Ajmer,Investment Scam,176971,16:19,12-24 Hours,C-Scheme,"Union Bank ATM, Subhash Marg, C-Scheme"
INC-12971,Jaipur,UPI Scam,10778,13:32,1-2 Hours,Mansarovar,"ICICI ATM, Patrakar Colony, Mansarovar"
INC-12972,Jodhpur,OLX Scam,31435,13:39,12-24 Hours,Vaishali Nagar,"Bank of Baroda ATM, Gandhi Path, Vaishali Nagar"
INC-12973,Pali,Investment Scam,121058,11:56,12-24 Hours,C-Scheme,"Bank of Baroda ATM, Ashok Marg, C-Scheme"
INC-12974,Alwar,Job Fraud,122773,13:35,12-24 Hours,Jagatpura,"HDFC ATM, NRI Colony, Jagatpura"
INC-12975,Tonk,KYC Fraud,48059,18:48,12-24 Hours,Bani Park,"Union Bank ATM, Kabir Marg, Bani Park"
INC-12976,Alwar,OLX Scam,7543,18:57,1-2 Hours,Vaishali Nagar,"HDFC ATM, Hanuman Nagar, Vaishali Nagar"
INC-12977,Sikar,UPI Scam,6093,11:16,1-2 Hours,Mansarovar,"Kotak Mahindra ATM, VT Road Chauraha, Mansarovar"
INC-12978,Jaipur,Job Fraud,124321,12:29,12-24 Hours,C-Scheme,"Bank of Baroda ATM, MI Road Junction, C-Scheme"
INC-12979,Kota,OLX Scam,22277,09:32,1-2 Hours,Vaishali Nagar,"ICICI ATM, Amrapali Circle, Vaishali Nagar"
INC-12980,Jaipur,Sextortion,31516,21:15,12-24 Hours,Sitapura Industrial,"HDFC ATM, India Gate, Sitapura Industrial"
INC-12981,Jaipur,Loan App Fraud,26778,12:12,1-2 Hours,Mansarovar,"Axis Bank ATM, Madhyam Marg, Mansarovar"
INC-12982,Jaipur,OLX Scam,2415,13:56,1-2 Hours,Vaishali Nagar,"SBI ATM, Hanuman Nagar, Vaishali Nagar"
INC-12983,Kota,KYC Fraud,31092,15:47,12-24 Hours,Malviya Nagar,"Kotak Mahindra ATM, Calgiri Road, Malviya Nagar"
INC-12984,Bikaner,KYC Fraud,55448,10:26,12-24 Hours,Bani Park,"HDFC ATM, Sindhi Camp Bus Stand Road, Bani Park"
INC-12985,Pali,Investment Scam,157651,12:58,12-24 Hours,C-Scheme,"HDFC ATM, MI Road Junction, C-Scheme"
INC-12986,Kota,UPI Scam,17972,10:39,1-2 Hours,Mansarovar,"Kotak Mahindra ATM, Rajat Path, Mansarovar"
INC-12987,Jaipur,UPI Scam,32631,18:42,12-24 Hours,Mansarovar,"ICICI ATM, VT Road Chauraha, Mansarovar"
INC-12988,Jaipur,Investment Scam,78804,13:43,12-24 Hours,C-Scheme,"ICICI ATM, Statue Circle, C-Scheme"
INC-12989,Jaipur,Investment Scam,119817,14:01,12-24 Hours,C-Scheme,"Kotak Mahindra ATM, Statue Circle, C-Scheme"
INC-12990,Ajmer,Credit Card Cloning,112814,19:42,12-24 Hours,Vidyadhar Nagar,"Axis Bank ATM, Sector 2, Vidyadhar Nagar"
INC-12991,Bikaner,Credit Card Cloning,233773,17:45,12-24 Hours,Bani Park,"Union Bank ATM, Collectorate Circle, Bani Park"
INC-12992,Jaipur,UPI Scam,5711,15:31,1-2 Hours,Mansarovar,"Bank of Baroda ATM, Kaveri Path, Mansarovar"
INC-12993,Kota,OLX Scam,7255,14:21,1-2 Hours,Vaishali Nagar,"HDFC ATM, Queens Road, Vaishali Nagar"
INC-12994,Jaipur,Credit Card Cloning,35458,17:01,12-24 Hours,Bani Park,"ICICI ATM, Peetal Factory, Bani Park"
INC-12995,Bikaner,UPI Scam,23101,11:50,1-2 Hours,Bani Park,"SBI ATM, Peetal Factory, Bani Park"
INC-12996,Jodhpur,OLX Scam,13668,13:45,1-2 Hours,Bani Park,"Bank of Baroda ATM, Collectorate Circle, Bani Park"
INC-12997,Ajmer,OLX Scam,5034,14:44,1-2 Hours,Vaishali Nagar,"Kotak Mahindra ATM, Nursery Circle, Vaishali Nagar"
INC-12998,Jaipur,UPI Scam,42609,12:32,12-24 Hours,Mansarovar,"ICICI ATM, VT Road Chauraha, Mansarovar"
INC-12999,Ajmer,Job Fraud,152193,12:13,12-24 Hours,Jagatpura,"Axis Bank ATM, Mahal Road, Jagatpura"
INC-13000,Jodhpur,Loan App Fraud,30294,12:06,12-24 Hours,Bani Park,"SBI ATM, Collectorate Circle, Bani Park"
INC-13001,Bikaner,Investment Scam,150411,09:57,12-24 Hours,C-Scheme,"PNB ATM, Subhash Marg, C-Scheme"
INC-13002,Bhilwara,Investment Scam,160774,11:37,12-24 Hours,C-Scheme,"PNB ATM, MI Road Junction, C-Scheme"
INC-13003,Bikaner,Investment Scam,183315,13:37,12-24 Hours,Bani Park,"PNB ATM, Collectorate Circle, Bani Park"
INC-13004,Sikar,UPI Scam,19455,14:08,1-2 Hours,Mansarovar,"PNB ATM, Kissan Dharam Kanta, Mansarovar"
INC-13005,Ajmer,Job Fraud,139505,18:46,12-24 Hours,Bani Park,"SBI ATM, Kabir Marg, Bani Park"
INC-13006,Jaipur,Credit Card Cloning,94602,04:47,12-24 Hours,Pratap Nagar,"Kotak Mahindra ATM, Tonk Road, Pratap Nagar"
INC-13007,Kota,Investment Scam,116376,14:42,12-24 Hours,C-Scheme,"Bank of Baroda ATM, MI Road Junction, C-Scheme"
INC-13008,Jaipur,Loan App Fraud,37133,12:15,12-24 Hours,Sitapura Industrial,"Axis Bank ATM, India Gate, Sitapura Industrial"
INC-13009,Jodhpur,UPI Scam,42409,14:58,12-24 Hours,Mansarovar,"Kotak Mahindra ATM, Kissan Dharam Kanta, Mansarovar"
INC-13010,Jodhpur,Sextortion,13183,04:17,1-2 Hours,Sitapura Industrial,"Axis Bank ATM, Tonk Road Junction, Sitapura Industrial"
INC-13011,Kota,Job Fraud,127375,13:30,12-24 Hours,Sitapura Industrial,"Axis Bank ATM, RIICO Phase 1, Sitapura Industrial"
INC-13012,Jaipur,KYC Fraud,46411,12:34,12-24 Hours,Malviya Nagar,"Union Bank ATM, Apex Circle, Malviya Nagar"
INC-13013,Sikar,Loan App Fraud,12527,16:27,1-2 Hours,Vidyadhar Nagar,"Kotak Mahindra ATM, Sector 2, Vidyadhar Nagar"
INC-13014,Jodhpur,Investment Scam,209929,14:21,12-24 Hours,Bani Park,"Kotak Mahindra ATM, Kabir Marg, Bani Park"
INC-13015,Jaipur,Job Fraud,58206,12:56,12-24 Hours,Jagatpura,"Kotak Mahindra ATM, SKIT College Road, Jagatpura"
INC-13016,Jaipur,KYC Fraud,30039,13:47,12-24 Hours,Mansarovar,"Axis Bank ATM, Patrakar Colony, Mansarovar"
INC-13017,Udaipur,UPI Scam,37601,13:30,12-24 Hours,Mansarovar,"Bank of Baroda ATM, Kaveri Path, Mansarovar"
INC-13018,Alwar,UPI Scam,44593,11:49,12-24 Hours,Mansarovar,"Axis Bank ATM, Patrakar Colony, Mansarovar"
INC-13019,Alwar,UPI Scam,16626,14:41,1-2 Hours,Mansarovar,"PNB ATM, Kissan Dharam Kanta, Mansarovar"
INC-13020,Sikar,Loan App Fraud,59641,17:58,12-24 Hours,Vidyadhar Nagar,"Axis Bank ATM, Sector 2, Vidyadhar Nagar"
INC-13021,Jaipur,UPI Scam,37835,13:25,12-24 Hours,Mansarovar,"Bank of Baroda ATM, Kaveri Path, Mansarovar"
INC-13022,Jodhpur,Investment Scam,74048,12:15,12-24 Hours,C-Scheme,"SBI ATM, Ashok Marg, C-Scheme"
INC-13023,Ajmer,Loan App Fraud,9219,18:31,1-2 Hours,Vidyadhar Nagar,"Kotak Mahindra ATM, Sector 2, Vidyadhar Nagar"
INC-13024,Jaipur,Job Fraud,111574,12:38,12-24 Hours,Jagatpura,"HDFC ATM, Mahal Road, Jagatpura"
INC-13025,Sikar,Credit Card Cloning,188386,17:10,12-24 Hours,Pratap Nagar,"Bank of Baroda ATM, Haldi Ghati Marg, Pratap Nagar"
INC-13026,Tonk,Loan App Fraud,79439,19:55,12-24 Hours,Vidyadhar Nagar,"Axis Bank ATM, Sector 2, Vidyadhar Nagar"
INC-13027,Jaipur,Sextortion,42852,22:26,12-24 Hours,Sitapura Industrial,"Kotak Mahindra ATM, India Gate, Sitapura Industrial"
INC-13028,Jaipur,Loan App Fraud,27602,14:28,1-2 Hours,Vaishali Nagar,"Kotak Mahindra ATM, Amrapali Circle, Vaishali Nagar"
INC-13029,Ajmer,Investment Scam,45030,13:32,12-24 Hours,C-Scheme,"HDFC ATM, MI Road Junction, C-Scheme"
INC-13030,Jaipur,Sextortion,45327,21:38,12-24 Hours,Sitapura Industrial,"HDFC ATM, EPI Zone, Sitapura Industrial"
INC-13031,Kota,KYC Fraud,38302,13:49,12-24 Hours,Malviya Nagar,"Axis Bank ATM, Sector 3 Market, Malviya Nagar"
INC-13032,Alwar,Credit Card Cloning,109004,17:01,12-24 Hours,Pratap Nagar,"SBI ATM, Sector 16 Market, Pratap Nagar"
INC-13033,Jodhpur,OLX Scam,17340,15:49,1-2 Hours,Vaishali Nagar,"PNB ATM, Gandhi Path, Vaishali Nagar"
INC-13034,Jodhpur,Sextortion,56041,22:53,12-24 Hours,Sitapura Industrial,"ICICI ATM, RIICO Phase 1, Sitapura Industrial"
INC-13035,Ajmer,Investment Scam,215580,10:55,12-24 Hours,C-Scheme,"Axis Bank ATM, Ashok Marg, C-Scheme"
INC-13036,Jaipur,OLX Scam,16790,14:21,1-2 Hours,Jhotwara,"HDFC ATM, Kalwar Road, Jhotwara"
INC-13037,Alwar,Sextortion,100435,01:44,12-24 Hours,Sitapura Industrial,"HDFC ATM, EPI Zone, Sitapura Industrial"
INC-13038,Ajmer,UPI Scam,15615,13:14,1-2 Hours,Bani Park,"PNB ATM, Collectorate Circle, Bani Park"
INC-13039,Jaipur,Credit Card Cloning,163228,13:13,12-24 Hours,Pratap Nagar,"Bank of Baroda ATM, Sector 16 Market, Pratap Nagar"
INC-13040,Alwar,KYC Fraud,16417,11:31,1-2 Hours,Bani Park,"SBI ATM, Kabir Marg, Bani Park"
INC-13041,Kota,OLX Scam,13939,19:50,1-2 Hours,Vaishali Nagar,"SBI ATM, Gandhi Path, Vaishali Nagar"
INC-13042,Pali,Job Fraud,146740,14:13,12-24 Hours,C-Scheme,"ICICI ATM, Statue Circle, C-Scheme"
INC-13043,Kota,Credit Card Cloning,248796,10:28,12-24 Hours,Sitapura Industrial,"Kotak Mahindra ATM, Mahatma Gandhi Hospital Road, Sitapura Industrial"
INC-13044,Alwar,UPI Scam,31316,14:07,12-24 Hours,Mansarovar,"Axis Bank ATM, Patrakar Colony, Mansarovar"
INC-13045,Ajmer,Credit Card Cloning,127387,17:02,12-24 Hours,Pratap Nagar,"Bank of Baroda ATM, Sector 16 Market, Pratap Nagar"
INC-13046,Jaipur,UPI Scam,25489,13:54,1-2 Hours,Mansarovar,"SBI ATM, Rajat Path, Mansarovar"
INC-13047,Jaipur,UPI Scam,32407,20:02,12-24 Hours,Mansarovar,"PNB ATM, Kaveri Path, Mansarovar"
INC-13048,Udaipur,KYC Fraud,33789,20:07,12-24 Hours,Bani Park,"Kotak Mahindra ATM, Sindhi Camp Bus Stand Road, Bani Park"
INC-13049,Kota,KYC Fraud,48290,12:25,12-24 Hours,Bani Park,"Kotak Mahindra ATM, Peetal Factory, Bani Park"
INC-13050,Sikar,KYC Fraud,14776,13:02,1-2 Hours,Vidyadhar Nagar,"Bank of Baroda ATM, Alka Cinema Road, Vidyadhar Nagar"
INC-13051,Udaipur,Sextortion,26944,23:51,1-2 Hours,Sitapura Industrial,"Axis Bank ATM, India Gate, Sitapura Industrial"
INC-13052,Jaipur,UPI Scam,10479,08:10,1-2 Hours,Mansarovar,"Union Bank ATM, Patrakar Colony, Mansarovar"
INC-13053,Udaipur,OLX Scam,17390,13:45,1-2 Hours,Vaishali Nagar,"Bank of Baroda ATM, Nursery Circle, Vaishali Nagar"
INC-13054,Kota,Job Fraud,68011,16:45,12-24 Hours,Sitapura Industrial,"SBI ATM, India Gate, Sitapura Industrial"
INC-13055,Kota,Loan App Fraud,47377,16:49,12-24 Hours,Vidyadhar Nagar,"Axis Bank ATM, National Highway 52 Bypass, Vidyadhar Nagar"
INC-13056,Alwar,Investment Scam,151206,11:42,12-24 Hours,C-Scheme,"Bank of Baroda ATM, Statue Circle, C-Scheme"
INC-13057,Jodhpur,Loan App Fraud,33610,15:56,12-24 Hours,Bani Park,"HDFC ATM, Sindhi Camp Bus Stand Road, Bani Park"
INC-13058,Udaipur,Investment Scam,124709,17:50,12-24 Hours,C-Scheme,"ICICI ATM, Statue Circle, C-Scheme"
INC-13059,Bikaner,UPI Scam,26298,11:37,1-2 Hours,Bani Park,"HDFC ATM, Collectorate Circle, Bani Park"
INC-13060,Udaipur,Credit Card Cloning,126523,20:28,12-24 Hours,Pratap Nagar,"Kotak Mahindra ATM, Sector 11, Pratap Nagar"
INC-13061,Tonk,Job Fraud,49378,17:18,12-24 Hours,Jagatpura,"Bank of Baroda ATM, SKIT College Road, Jagatpura"
INC-13062,Pali,UPI Scam,7591,17:13,1-2 Hours,Mansarovar,"Bank of Baroda ATM, Madhyam Marg, Mansarovar"
INC-13063,Jodhpur,Sextortion,57778,20:13,12-24 Hours,Sitapura Industrial,"HDFC ATM, Mahatma Gandhi Hospital Road, Sitapura Industrial"
INC-13064,Jodhpur,Loan App Fraud,31023,13:05,12-24 Hours,Malviya Nagar,"PNB ATM, JLN Marg, Malviya Nagar"
INC-13065,Jaipur,Credit Card Cloning,59033,15:03,12-24 Hours,Pratap Nagar,"Bank of Baroda ATM, Sector 11, Pratap Nagar"
INC-13066,Pali,UPI Scam,18834,14:58,1-2 Hours,Mansarovar,"Union Bank ATM, Kissan Dharam Kanta, Mansarovar"
INC-13067,Jaipur,Loan App Fraud,9673,15:06,1-2 Hours,Vidyadhar Nagar,"Union Bank ATM, Alka Cinema Road, Vidyadhar Nagar"
INC-13068,Tonk,OLX Scam,13366,11:40,1-2 Hours,Pratap Nagar,"Union Bank ATM, Haldi Ghati Marg, Pratap Nagar"
INC-13069,Jodhpur,Loan App Fraud,35398,10:42,12-24 Hours,Bani Park,"Kotak Mahindra ATM, Collectorate Circle, Bani Park"
INC-13070,Jaipur,Sextortion,93099,22:54,12-24 Hours,Sitapura Industrial,"ICICI ATM, Tonk Road Junction, Sitapura Industrial"
INC-13071,Jaipur,KYC Fraud,23616,15:02,1-2 Hours,Malviya Nagar,"HDFC ATM, JLN Marg, Malviya Nagar"
INC-13072,Jaipur,Loan App Fraud,54616,15:02,12-24 Hours,Mansarovar,"PNB ATM, Kaveri Path, Mansarovar"
INC-13073,Tonk,Credit Card Cloning,168273,15:28,12-24 Hours,C-Scheme,"HDFC ATM, MI Road Junction, C-Scheme"
INC-13074,Sikar,UPI Scam,6628,18:09,1-2 Hours,Mansarovar,"Kotak Mahindra ATM, Kaveri Path, Mansarovar"
INC-13075,Ajmer,Sextortion,11250,22:38,1-2 Hours,Sitapura Industrial,"Axis Bank ATM, RIICO Phase 1, Sitapura Industrial"
INC-13076,Jaipur,Loan App Fraud,52455,17:11,12-24 Hours,C-Scheme,"SBI ATM, Statue Circle, C-Scheme"
INC-13077,Jaipur,Job Fraud,153008,09:09,12-24 Hours,Bani Park,"PNB ATM, Collectorate Circle, Bani Park"
INC-13078,Bhilwara,Loan App Fraud,20011,16:43,1-2 Hours,Vidyadhar Nagar,"PNB ATM, Sector 2, Vidyadhar Nagar"
INC-13079,Bikaner,Credit Card Cloning,17861,15:21,1-2 Hours,Bani Park,"Union Bank ATM, Kabir Marg, Bani Park"
INC-13080,Pali,KYC Fraud,15584,16:03,1-2 Hours,Vaishali Nagar,"HDFC ATM, Queens Road, Vaishali Nagar"
INC-13081,Pali,Investment Scam,84924,13:40,12-24 Hours,C-Scheme,"Bank of Baroda ATM, MI Road Junction, C-Scheme"
INC-13082,Ajmer,Sextortion,64329,03:31,12-24 Hours,Sitapura Industrial,"Union Bank ATM, RIICO Phase 1, Sitapura Industrial"
INC-13083,Pali,UPI Scam,20455,09:57,1-2 Hours,Mansarovar,"Union Bank ATM, Madhyam Marg, Mansarovar"
INC-13084,Ajmer,UPI Scam,12351,19:34,1-2 Hours,Mansarovar,"Kotak Mahindra ATM, Patrakar Colony, Mansarovar"
INC-13085,Bikaner,Investment Scam,163663,13:48,12-24 Hours,C-Scheme,"PNB ATM, Ahinsa Circle, C-Scheme"
INC-13086,Ajmer,Investment Scam,126642,13:17,12-24 Hours,C-Scheme,"SBI ATM, Subhash Marg, C-Scheme"
INC-13087,Jaipur,KYC Fraud,64409,18:53,12-24 Hours,Bani Park,"Union Bank ATM, Sindhi Camp Bus Stand Road, Bani Park"
INC-13088,Jaipur,Investment Scam,190088,10:21,12-24 Hours,C-Scheme,"Kotak Mahindra ATM, Subhash Marg, C-Scheme"
INC-13089,Pali,Loan App Fraud,70586,13:34,12-24 Hours,Vidyadhar Nagar,"SBI ATM, National Highway 52 Bypass, Vidyadhar Nagar"
INC-13090,Jaipur,Job Fraud,22169,12:34,1-2 Hours,Jagatpura,"Axis Bank ATM, Mahal Road, Jagatpura"
INC-13091,Jaipur,KYC Fraud,5903,13:49,1-2 Hours,Vaishali Nagar,"Union Bank ATM, Hanuman Nagar, Vaishali Nagar"
INC-13092,Bhilwara,Loan App Fraud,26978,15:06,1-2 Hours,Vidyadhar Nagar,"Kotak Mahindra ATM, Central Spine, Vidyadhar Nagar"
INC-13093,Jaipur,Sextortion,139146,23:26,12-24 Hours,Sitapura Industrial,"PNB ATM, EPI Zone, Sitapura Industrial"
INC-13094,Jaipur,UPI Scam,23635,13:32,1-2 Hours,Mansarovar,"Axis Bank ATM, Patrakar Colony, Mansarovar"
INC-13095,Jaipur,Loan App Fraud,48395,16:33,12-24 Hours,Vaishali Nagar,"PNB ATM, Nursery Circle, Vaishali Nagar"
INC-13096,Bhilwara,Investment Scam,37872,12:04,12-24 Hours,C-Scheme,"ICICI ATM, Subhash Marg, C-Scheme"
INC-13097,Jaipur,UPI Scam,17627,14:56,1-2 Hours,Mansarovar,"Union Bank ATM, Kissan Dharam Kanta, Mansarovar"
INC-13098,Udaipur,Job Fraud,71212,15:24,12-24 Hours,C-Scheme,"Kotak Mahindra ATM, Statue Circle, C-Scheme"
INC-13099,Jaipur,Sextortion,30824,01:28,12-24 Hours,Sitapura Industrial,"HDFC ATM, RIICO Phase 1, Sitapura Industrial"
INC-13100,Kota,Loan App Fraud,14528,15:34,1-2 Hours,Vidyadhar Nagar,"SBI ATM, Alka Cinema Road, Vidyadhar Nagar"
INC-13101,Tonk,Credit Card Cloning,59345,15:13,12-24 Hours,Pratap Nagar,"SBI ATM, Kumbha Marg, Pratap Nagar"
INC-13102,Alwar,Loan App Fraud,21077,14:36,1-2 Hours,Vidyadhar Nagar,"SBI ATM, Alka Cinema Road, Vidyadhar Nagar"
INC-13103,Tonk,OLX Scam,7975,19:21,1-2 Hours,Vaishali Nagar,"ICICI ATM, Gandhi Path, Vaishali Nagar"
INC-13104,Jodhpur,Loan App Fraud,24911,12:30,1-2 Hours,Bani Park,"Bank of Baroda ATM, Sindhi Camp Bus Stand Road, Bani Park"
INC-13105,Sikar,UPI Scam,34454,18:34,12-24 Hours,Mansarovar,"Bank of Baroda ATM, Patrakar Colony, Mansarovar"
INC-13106,Udaipur,Loan App Fraud,20717,11:10,1-2 Hours,Bani Park,"SBI ATM, Kabir Marg, Bani Park"
INC-13107,Jodhpur,Loan App Fraud,71797,15:48,12-24 Hours,Mansarovar,"Union Bank ATM, Kissan Dharam Kanta, Mansarovar"
INC-13108,Tonk,Loan App Fraud,27280,17:34,1-2 Hours,Vidyadhar Nagar,"Kotak Mahindra ATM, Alka Cinema Road, Vidyadhar Nagar"
INC-13109,Jodhpur,Credit Card Cloning,34691,21:02,12-24 Hours,Pratap Nagar,"HDFC ATM, Sector 16 Market, Pratap Nagar"
INC-13110,Pali,UPI Scam,50264,19:49,12-24 Hours,C-Scheme,"Axis Bank ATM, MI Road Junction, C-Scheme"
INC-13111,Ajmer,UPI Scam,36029,14:52,12-24 Hours,Mansarovar,"Union Bank ATM, VT Road Chauraha, Mansarovar"
INC-13112,Bikaner,UPI Scam,35423,17:52,12-24 Hours,Vaishali Nagar,"ICICI ATM, Hanuman Nagar, Vaishali Nagar"
INC-13113,Jaipur,Loan App Fraud,40671,13:35,12-24 Hours,Malviya Nagar,"ICICI ATM, Sector 3 Market, Malviya Nagar"
INC-13114,Udaipur,Sextortion,13383,21:43,1-2 Hours,Sitapura Industrial,"PNB ATM, EPI Zone, Sitapura Industrial"
INC-13115,Jaipur,Loan App Fraud,15713,12:23,1-2 Hours,Malviya Nagar,"HDFC ATM, JLN Marg, Malviya Nagar"
INC-13116,Jaipur,Loan App Fraud,11227,13:55,1-2 Hours,Vaishali Nagar,"HDFC ATM, Amrapali Circle, Vaishali Nagar"
INC-13117,Bhilwara,KYC Fraud,12133,14:25,1-2 Hours,Sitapura Industrial,"Bank of Baroda ATM, India Gate, Sitapura Industrial"
INC-13118,Sikar,Job Fraud,47322,11:30,12-24 Hours,C-Scheme,"Kotak Mahindra ATM, Ahinsa Circle, C-Scheme"
INC-13119,Ajmer,Investment Scam,110476,13:32,12-24 Hours,Bani Park,"SBI ATM, Kabir Marg, Bani Park"
INC-13120,Tonk,UPI Scam,11851,14:03,1-2 Hours,Mansarovar,"SBI ATM, Kissan Dharam Kanta, Mansarovar"
INC-13121,Bikaner,Investment Scam,116933,18:17,12-24 Hours,C-Scheme,"Union Bank ATM, Ahinsa Circle, C-Scheme"
INC-13122,Kota,Job Fraud,75121,10:36,12-24 Hours,C-Scheme,"SBI ATM, Ahinsa Circle, C-Scheme"
INC-13123,Jodhpur,Job Fraud,130914,13:36,12-24 Hours,C-Scheme,"Bank of Baroda ATM, Ahinsa Circle, C-Scheme"
INC-13124,Jaipur,UPI Scam,23513,14:09,1-2 Hours,Mansarovar,"Axis Bank ATM, Rajat Path, Mansarovar"
INC-13125,Tonk,Sextortion,8687,22:21,1-2 Hours,Sitapura Industrial,"Union Bank ATM, Mahatma Gandhi Hospital Road, Sitapura Industrial"
INC-13126,Udaipur,Job Fraud,31532,13:04,12-24 Hours,Jagatpura,"Bank of Baroda ATM, Mahal Road, Jagatpura"
INC-13127,Jodhpur,OLX Scam,17095,13:21,1-2 Hours,Vaishali Nagar,"SBI ATM, Nursery Circle, Vaishali Nagar"
INC-13128,Bikaner,Sextortion,77269,21:35,12-24 Hours,Sitapura Industrial,"ICICI ATM, EPI Zone, Sitapura Industrial"
INC-13129,Bikaner,Investment Scam,154998,11:11,12-24 Hours,C-Scheme,"Axis Bank ATM, Ahinsa Circle, C-Scheme"
INC-13130,Jaipur,Job Fraud,173056,15:30,12-24 Hours,Jagatpura,"Kotak Mahindra ATM, Ramnagariya, Jagatpura"
INC-13131,Jaipur,Investment Scam,111202,14:57,12-24 Hours,C-Scheme,"PNB ATM, MI Road Junction, C-Scheme"
INC-13132,Udaipur,Sextortion,66950,02:14,12-24 Hours,Sitapura Industrial,"Kotak Mahindra ATM, EPI Zone, Sitapura Industrial"
INC-13133,Pali,Investment Scam,166728,16:59,12-24 Hours,C-Scheme,"Axis Bank ATM, Ashok Marg, C-Scheme"
INC-13134,Ajmer,UPI Scam,13750,12:01,1-2 Hours,Mansarovar,"SBI ATM, Rajat Path, Mansarovar"
INC-13135,Sikar,Job Fraud,13045,10:08,1-2 Hours,Jagatpura,"Union Bank ATM, Ramnagariya, Jagatpura"
INC-13136,Jaipur,UPI Scam,16640,17:38,1-2 Hours,Mansarovar,"Bank of Baroda ATM, Patrakar Colony, Mansarovar"
INC-13137,Jaipur,UPI Scam,17728,15:03,1-2 Hours,Mansarovar,"PNB ATM, Rajat Path, Mansarovar"
INC-13138,Pali,Credit Card Cloning,56373,21:19,12-24 Hours,Sitapura Industrial,"ICICI ATM, Tonk Road Junction, Sitapura Industrial"
INC-13139,Pali,OLX Scam,32717,12:33,12-24 Hours,Vaishali Nagar,"SBI ATM, Amrapali Circle, Vaishali Nagar"
INC-13140,Jaipur,Loan App Fraud,58897,12:51,12-24 Hours,Malviya Nagar,"PNB ATM, JLN Marg, Malviya Nagar"
INC-13141,Jaipur,UPI Scam,22540,12:26,1-2 Hours,Mansarovar,"Bank of Baroda ATM, Kaveri Path, Mansarovar"
INC-13142,Sikar,Loan App Fraud,34267,14:50,12-24 Hours,Vidyadhar Nagar,"Axis Bank ATM, Central Spine, Vidyadhar Nagar"
INC-13143,Jaipur,KYC Fraud,58491,16:00,12-24 Hours,Malviya Nagar,"Kotak Mahindra ATM, Apex Circle, Malviya Nagar"
INC-13144,Jaipur,OLX Scam,17117,09:19,1-2 Hours,Vaishali Nagar,"SBI ATM, Nursery Circle, Vaishali Nagar"
INC-13145,Bhilwara,KYC Fraud,53208,15:53,12-24 Hours,Jhotwara,"Union Bank ATM, Panchawala, Jhotwara"
INC-13146,Kota,KYC Fraud,17342,19:25,1-2 Hours,Bani Park,"Axis Bank ATM, Collectorate Circle, Bani Park"
INC-13147,Alwar,Job Fraud,107223,15:36,12-24 Hours,Jagatpura,"Bank of Baroda ATM, SKIT College Road, Jagatpura"
INC-13148,Jaipur,UPI Scam,48425,16:55,12-24 Hours,C-Scheme,"Axis Bank ATM, MI Road Junction, C-Scheme"
INC-13149,Jaipur,Loan App Fraud,26234,15:15,1-2 Hours,Vaishali Nagar,"Union Bank ATM, Gandhi Path, Vaishali Nagar"
INC-13150,Bikaner,Investment Scam,72545,11:15,12-24 Hours,C-Scheme,"PNB ATM, Ashok Marg, C-Scheme"
INC-13151,Alwar,Investment Scam,96350,11:18,12-24 Hours,C-Scheme,"ICICI ATM, Statue Circle, C-Scheme"
INC-13152,Kota,Loan App Fraud,7251,15:03,1-2 Hours,Vidyadhar Nagar,"Union Bank ATM, Sector 2, Vidyadhar Nagar"
INC-13153,Jaipur,KYC Fraud,20130,10:06,1-2 Hours,Mansarovar,"ICICI ATM, Patrakar Colony, Mansarovar"
INC-13154,Bikaner,Sextortion,23040,04:17,1-2 Hours,Sitapura Industrial,"SBI ATM, Mahatma Gandhi Hospital Road, Sitapura Industrial"
INC-13155,Alwar,Credit Card Cloning,75117,18:19,12-24 Hours,Pratap Nagar,"Bank of Baroda ATM, Sector 16 Market, Pratap Nagar"
INC-13156,Jaipur,Job Fraud,37658,15:51,12-24 Hours,Jagatpura,"Axis Bank ATM, 7 Number Stand, Jagatpura"
INC-13157,Bikaner,Loan App Fraud,56295,11:22,12-24 Hours,Bani Park,"Bank of Baroda ATM, Collectorate Circle, Bani Park"
INC-13158,Sikar,OLX Scam,19679,15:45,1-2 Hours,Vaishali Nagar,"HDFC ATM, Hanuman Nagar, Vaishali Nagar"
INC-13159,Bhilwara,UPI Scam,29391,18:27,1-2 Hours,Mansarovar,"HDFC ATM, Kissan Dharam Kanta, Mansarovar"
INC-13160,Bikaner,UPI Scam,21587,15:07,1-2 Hours,Bani Park,"SBI ATM, Peetal Factory, Bani Park"
INC-13161,Kota,UPI Scam,38787,15:20,12-24 Hours,Mansarovar,"Kotak Mahindra ATM, VT Road Chauraha, Mansarovar"
INC-13162,Jaipur,Loan App Fraud,2994,14:20,1-2 Hours,Mansarovar,"ICICI ATM, Madhyam Marg, Mansarovar"
INC-13163,Alwar,Credit Card Cloning,113634,18:12,12-24 Hours,Pratap Nagar,"HDFC ATM, Sector 11, Pratap Nagar"
INC-13164,Sikar,Credit Card Cloning,99508,17:05,12-24 Hours,Pratap Nagar,"HDFC ATM, Haldi Ghati Marg, Pratap Nagar"
INC-13165,Pali,Investment Scam,128673,10:53,12-24 Hours,C-Scheme,"ICICI ATM, Subhash Marg, C-Scheme"
INC-13166,Udaipur,Sextortion,23864,00:24,1-2 Hours,Sitapura Industrial,"Kotak Mahindra ATM, RIICO Phase 1, Sitapura Industrial"
INC-13167,Pali,Job Fraud,32879,18:33,12-24 Hours,Bani Park,"Bank of Baroda ATM, Collectorate Circle, Bani Park"
INC-13168,Bikaner,KYC Fraud,24558,15:25,1-2 Hours,Bani Park,"Kotak Mahindra ATM, Kabir Marg, Bani Park"
INC-13169,Kota,Job Fraud,38078,13:52,12-24 Hours,Vaishali Nagar,"Union Bank ATM, Gandhi Path, Vaishali Nagar"
INC-13170,Jaipur,Credit Card Cloning,123809,21:13,12-24 Hours,Pratap Nagar,"Axis Bank ATM, Sector 16 Market, Pratap Nagar"
INC-13171,Jodhpur,OLX Scam,13393,12:49,1-2 Hours,Vaishali Nagar,"Axis Bank ATM, Amrapali Circle, Vaishali Nagar"
INC-13172,Jodhpur,Sextortion,105133,01:41,12-24 Hours,Sitapura Industrial,"Bank of Baroda ATM, RIICO Phase 1, Sitapura Industrial"
INC-13173,Jaipur,Loan App Fraud,42825,12:16,12-24 Hours,Vaishali Nagar,"Kotak Mahindra ATM, Nursery Circle, Vaishali Nagar"
INC-13174,Ajmer,Loan App Fraud,28072,15:57,1-2 Hours,Bani Park,"Bank of Baroda ATM, Peetal Factory, Bani Park"
INC-13175,Jaipur,KYC Fraud,21479,09:19,1-2 Hours,Malviya Nagar,"Kotak Mahindra ATM, Calgiri Road, Malviya Nagar"
INC-13176,Jaipur,Investment Scam,141856,17:46,12-24 Hours,C-Scheme,"ICICI ATM, Ahinsa Circle, C-Scheme"
INC-13177,Jaipur,KYC Fraud,50407,13:45,12-24 Hours,Malviya Nagar,"Axis Bank ATM, JLN Marg, Malviya Nagar"
INC-13178,Udaipur,Investment Scam,42716,11:37,12-24 Hours,C-Scheme,"Union Bank ATM, Ahinsa Circle, C-Scheme"
INC-13179,Kota,Investment Scam,74922,12:16,12-24 Hours,C-Scheme,"HDFC ATM, Statue Circle, C-Scheme"
INC-13180,Alwar,UPI Scam,16395,17:37,1-2 Hours,Mansarovar,"Bank of Baroda ATM, Patrakar Colony, Mansarovar"
INC-13181,Tonk,Sextortion,83308,20:54,12-24 Hours,Sitapura Industrial,"Axis Bank ATM, Mahatma Gandhi Hospital Road, Sitapura Industrial"
INC-13182,Udaipur,Credit Card Cloning,69540,13:51,12-24 Hours,Pratap Nagar,"SBI ATM, Kumbha Marg, Pratap Nagar"
INC-13183,Bikaner,OLX Scam,14934,17:20,1-2 Hours,Sitapura Industrial,"PNB ATM, India Gate, Sitapura Industrial"
INC-13184,Jaipur,OLX Scam,30848,21:28,12-24 Hours,Vaishali Nagar,"PNB ATM, Amrapali Circle, Vaishali Nagar"
INC-13185,Tonk,Job Fraud,94582,12:39,12-24 Hours,C-Scheme,"ICICI ATM, MI Road Junction, C-Scheme"
INC-13186,Udaipur,UPI Scam,7660,15:49,1-2 Hours,Mansarovar,"ICICI ATM, Kissan Dharam Kanta, Mansarovar"
INC-13187,Jaipur,KYC Fraud,3805,11:23,1-2 Hours,Mansarovar,"PNB ATM, Madhyam Marg, Mansarovar"
INC-13188,Jodhpur,Sextortion,99445,04:36,12-24 Hours,Sitapura Industrial,"Bank of Baroda ATM, Mahatma Gandhi Hospital Road, Sitapura Industrial"
INC-13189,Kota,Investment Scam,73517,13:04,12-24 Hours,C-Scheme,"SBI ATM, Ashok Marg, C-Scheme"
INC-13190,Jodhpur,KYC Fraud,40756,17:33,12-24 Hours,Bani Park,"ICICI ATM, Peetal Factory, Bani Park"
INC-13191,Ajmer,Investment Scam,139034,14:05,12-24 Hours,C-Scheme,"Axis Bank ATM, Subhash Marg, C-Scheme"
INC-13192,Jaipur,Sextortion,67781,02:19,12-24 Hours,Sitapura Industrial,"PNB ATM, EPI Zone, Sitapura Industrial"
INC-13193,Jaipur,UPI Scam,35288,12:46,12-24 Hours,Mansarovar,"Kotak Mahindra ATM, VT Road Chauraha, Mansarovar"
INC-13194,Jaipur,Investment Scam,101066,10:58,12-24 Hours,C-Scheme,"HDFC ATM, Ahinsa Circle, C-Scheme"
INC-13195,Ajmer,Credit Card Cloning,92313,18:48,12-24 Hours,Pratap Nagar,"HDFC ATM, Tonk Road, Pratap Nagar"
INC-13196,Jaipur,Job Fraud,11610,10:36,1-2 Hours,Jagatpura,"HDFC ATM, 7 Number Stand, Jagatpura"
INC-13197,Bikaner,UPI Scam,7726,15:42,1-2 Hours,Mansarovar,"Bank of Baroda ATM, Kissan Dharam Kanta, Mansarovar"
INC-13198,Sikar,UPI Scam,13979,14:04,1-2 Hours,Mansarovar,"Axis Bank ATM, Patrakar Colony, Mansarovar"
INC-13199,Tonk,OLX Scam,4912,10:40,1-2 Hours,Vaishali Nagar,"HDFC ATM, Hanuman Nagar, Vaishali Nagar"
INC-13200,Jaipur,UPI Scam,52867,19:07,12-24 Hours,Mansarovar,"Bank of Baroda ATM, Rajat Path, Mansarovar"
INC-13201,Jodhpur,Job Fraud,8898,12:50,1-2 Hours,Bani Park,"SBI ATM, Kabir Marg, Bani Park"
INC-13202,Jaipur,Loan App Fraud,28506,11:01,1-2 Hours,Malviya Nagar,"Axis Bank ATM, Gaurav Tower (GT) Road, Malviya Nagar"
INC-13203,Jaipur,OLX Scam,24013,17:29,1-2 Hours,Vaishali Nagar,"ICICI ATM, Gandhi Path, Vaishali Nagar"
INC-13204,Jaipur,Loan App Fraud,42251,17:54,12-24 Hours,Malviya Nagar,"Axis Bank ATM, Calgiri Road, Malviya Nagar"
INC-13205,Tonk,Sextortion,36395,00:38,12-24 Hours,Sitapura Industrial,"Union Bank ATM, RIICO Phase 1, Sitapura Industrial"
INC-13206,Tonk,OLX Scam,5558,12:11,1-2 Hours,Vaishali Nagar,"PNB ATM, Amrapali Circle, Vaishali Nagar"
INC-13207,Bikaner,KYC Fraud,19087,08:22,1-2 Hours,Bani Park,"Kotak Mahindra ATM, Peetal Factory, Bani Park"
INC-13208,Jaipur,UPI Scam,27180,09:43,1-2 Hours,Mansarovar,"Axis Bank ATM, Madhyam Marg, Mansarovar"
INC-13209,Bikaner,UPI Scam,56714,15:20,12-24 Hours,Bani Park,"HDFC ATM, Sindhi Camp Bus Stand Road, Bani Park"
INC-13210,Jaipur,UPI Scam,45514,09:38,12-24 Hours,Mansarovar,"Kotak Mahindra ATM, Kissan Dharam Kanta, Mansarovar"
INC-13211,Jaipur,Job Fraud,116195,14:04,12-24 Hours,Jagatpura,"PNB ATM, 7 Number Stand, Jagatpura"
INC-13212,Udaipur,Loan App Fraud,20772,17:00,1-2 Hours,Vaishali Nagar,"Union Bank ATM, Nursery Circle, Vaishali Nagar"
INC-13213,Kota,Sextortion,120411,01:12,12-24 Hours,Sitapura Industrial,"PNB ATM, Mahatma Gandhi Hospital Road, Sitapura Industrial"
INC-13214,Bikaner,Investment Scam,242427,13:06,12-24 Hours,C-Scheme,"HDFC ATM, Subhash Marg, C-Scheme"
INC-13215,Ajmer,Investment Scam,208023,19:18,12-24 Hours,Sitapura Industrial,"PNB ATM, EPI Zone, Sitapura Industrial"
INC-13216,Jaipur,Loan App Fraud,26795,17:42,1-2 Hours,Vaishali Nagar,"Axis Bank ATM, Gandhi Path, Vaishali Nagar"
INC-13217,Alwar,OLX Scam,15973,13:36,1-2 Hours,Vaishali Nagar,"ICICI ATM, Gandhi Path, Vaishali Nagar"
INC-13218,Tonk,Sextortion,75347,02:19,12-24 Hours,Sitapura Industrial,"SBI ATM, RIICO Phase 1, Sitapura Industrial"
INC-13219,Alwar,Investment Scam,155134,12:47,12-24 Hours,C-Scheme,"Kotak Mahindra ATM, Ahinsa Circle, C-Scheme"
INC-13220,Alwar,Credit Card Cloning,105482,17:17,12-24 Hours,Vidyadhar Nagar,"Kotak Mahindra ATM, Sector 2, Vidyadhar Nagar"
INC-13221,Udaipur,Credit Card Cloning,56983,19:42,12-24 Hours,Pratap Nagar,"Kotak Mahindra ATM, Sector 11, Pratap Nagar"
INC-13222,Jaipur,Job Fraud,135282,14:44,12-24 Hours,C-Scheme,"HDFC ATM, Ashok Marg, C-Scheme"
INC-13223,Jaipur,Loan App Fraud,20508,15:24,1-2 Hours,Malviya Nagar,"Union Bank ATM, Sector 3 Market, Malviya Nagar"
INC-13224,Jodhpur,UPI Scam,2993,13:29,1-2 Hours,Mansarovar,"Axis Bank ATM, Patrakar Colony, Mansarovar"
INC-13225,Alwar,UPI Scam,30664,13:48,12-24 Hours,Mansarovar,"Axis Bank ATM, Patrakar Colony, Mansarovar"
INC-13226,Jaipur,OLX Scam,7606,15:42,1-2 Hours,Vaishali Nagar,"HDFC ATM, Queens Road, Vaishali Nagar"
INC-13227,Tonk,Credit Card Cloning,89048,01:44,12-24 Hours,Pratap Nagar,"ICICI ATM, Sector 16 Market, Pratap Nagar"
INC-13228,Bikaner,UPI Scam,22633,13:20,1-2 Hours,Bani Park,"ICICI ATM, Kabir Marg, Bani Park"
INC-13229,Jaipur,Investment Scam,166890,12:03,12-24 Hours,C-Scheme,"SBI ATM, Ahinsa Circle, C-Scheme"
INC-13230,Alwar,Investment Scam,198669,10:04,12-24 Hours,C-Scheme,"Bank of Baroda ATM, Subhash Marg, C-Scheme"
INC-13231,Jodhpur,Investment Scam,134977,13:05,12-24 Hours,Bani Park,"HDFC ATM, Sindhi Camp Bus Stand Road, Bani Park"
INC-13232,Bhilwara,UPI Scam,28441,14:24,1-2 Hours,Mansarovar,"PNB ATM, Rajat Path, Mansarovar"
INC-13233,Bikaner,Job Fraud,114220,14:08,12-24 Hours,Bani Park,"Kotak Mahindra ATM, Peetal Factory, Bani Park"
INC-13234,Jaipur,Loan App Fraud,11682,13:15,1-2 Hours,Mansarovar,"Union Bank ATM, Rajat Path, Mansarovar"
INC-13235,Alwar,KYC Fraud,57090,13:04,12-24 Hours,Jhotwara,"ICICI ATM, Panchawala, Jhotwara"
INC-13236,Kota,Job Fraud,35490,11:07,12-24 Hours,Jagatpura,"Kotak Mahindra ATM, SKIT College Road, Jagatpura"
INC-13237,Udaipur,UPI Scam,26437,21:48,1-2 Hours,Malviya Nagar,"Kotak Mahindra ATM, Apex Circle, Malviya Nagar"
INC-13238,Jaipur,Job Fraud,89346,12:54,12-24 Hours,C-Scheme,"HDFC ATM, Subhash Marg, C-Scheme"
INC-13239,Udaipur,OLX Scam,25280,11:21,1-2 Hours,Vaishali Nagar,"Axis Bank ATM, Gandhi Path, Vaishali Nagar"
INC-13240,Jaipur,Loan App Fraud,15814,18:24,1-2 Hours,C-Scheme,"HDFC ATM, Statue Circle, C-Scheme"
INC-13241,Bhilwara,OLX Scam,16490,15:20,1-2 Hours,Vaishali Nagar,"ICICI ATM, Gandhi Path, Vaishali Nagar"
INC-13242,Jaipur,Job Fraud,113758,11:49,12-24 Hours,Bani Park,"Axis Bank ATM, Peetal Factory, Bani Park"
INC-13243,Sikar,Job Fraud,76015,16:02,12-24 Hours,Jagatpura,"Axis Bank ATM, NRI Colony, Jagatpura"
INC-13244,Jodhpur,UPI Scam,30172,09:44,12-24 Hours,Mansarovar,"Bank of Baroda ATM, Patrakar Colony, Mansarovar"
INC-13245,Jaipur,Credit Card Cloning,176747,03:30,12-24 Hours,Pratap Nagar,"Union Bank ATM, Tonk Road, Pratap Nagar"
INC-13246,Pali,UPI Scam,44625,15:29,12-24 Hours,Jhotwara,"Kotak Mahindra ATM, Panchawala, Jhotwara"
INC-13247,Jaipur,KYC Fraud,55445,20:32,12-24 Hours,Vaishali Nagar,"Axis Bank ATM, Queens Road, Vaishali Nagar"
INC-13248,Jaipur,Job Fraud,11769,14:49,1-2 Hours,Jagatpura,"Union Bank ATM, Ramnagariya, Jagatpura"
INC-13249,Jaipur,Sextortion,111986,00:20,12-24 Hours,Sitapura Industrial,"Union Bank ATM, Mahatma Gandhi Hospital Road, Sitapura Industrial"
INC-13250,Kota,UPI Scam,49202,17:04,12-24 Hours,Mansarovar,"HDFC ATM, Madhyam Marg, Mansarovar"
INC-13251,Udaipur,OLX Scam,11595,19:22,1-2 Hours,Vaishali Nagar,"Kotak Mahindra ATM, Gandhi Path, Vaishali Nagar"
INC-13252,Jodhpur,Credit Card Cloning,202297,14:13,12-24 Hours,Bani Park,"ICICI ATM, Sindhi Camp Bus Stand Road, Bani Park"
INC-13253,Jaipur,UPI Scam,5542,13:10,1-2 Hours,Mansarovar,"ICICI ATM, Kaveri Path, Mansarovar"
INC-13254,Alwar,Loan App Fraud,39364,15:02,12-24 Hours,Vidyadhar Nagar,"ICICI ATM, Central Spine, Vidyadhar Nagar"
INC-13255,Bhilwara,Credit Card Cloning,117546,14:34,12-24 Hours,Pratap Nagar,"Bank of Baroda ATM, Sector 11, Pratap Nagar"
INC-13256,Jaipur,UPI Scam,19920,08:34,1-2 Hours,Mansarovar,"PNB ATM, VT Road Chauraha, Mansarovar"
INC-13257,Udaipur,Investment Scam,64067,14:40,12-24 Hours,C-Scheme,"Kotak Mahindra ATM, Statue Circle, C-Scheme"
INC-13258,Jodhpur,UPI Scam,26212,16:23,1-2 Hours,Mansarovar,"SBI ATM, Madhyam Marg, Mansarovar"
INC-13259,Bhilwara,UPI Scam,8109,12:27,1-2 Hours,Mansarovar,"ICICI ATM, VT Road Chauraha, Mansarovar"
INC-13260,Bhilwara,OLX Scam,4048,11:20,1-2 Hours,Vaishali Nagar,"ICICI ATM, Gandhi Path, Vaishali Nagar"
INC-13261,Jaipur,Investment Scam,145919,09:12,12-24 Hours,C-Scheme,"ICICI ATM, Ashok Marg, C-Scheme"
INC-13262,Tonk,KYC Fraud,15052,10:55,1-2 Hours,Bani Park,"SBI ATM, Collectorate Circle, Bani Park"
INC-13263,Jodhpur,KYC Fraud,11833,18:00,1-2 Hours,Bani Park,"Union Bank ATM, Kabir Marg, Bani Park"
INC-13264,Jaipur,Investment Scam,104372,12:27,12-24 Hours,C-Scheme,"Kotak Mahindra ATM, Ahinsa Circle, C-Scheme"
INC-13265,Jodhpur,Job Fraud,10407,14:01,1-2 Hours,Jagatpura,"Bank of Baroda ATM, 7 Number Stand, Jagatpura"
INC-13266,Jaipur,Investment Scam,71571,12:00,12-24 Hours,C-Scheme,"ICICI ATM, MI Road Junction, C-Scheme"
INC-13267,Ajmer,OLX Scam,5817,08:06,1-2 Hours,Bani Park,"Kotak Mahindra ATM, Peetal Factory, Bani Park"
INC-13268,Kota,Investment Scam,78487,16:08,12-24 Hours,C-Scheme,"Axis Bank ATM, Statue Circle, C-Scheme"
INC-13269,Alwar,Loan App Fraud,76811,13:40,12-24 Hours,Vidyadhar Nagar,"Union Bank ATM, Alka Cinema Road, Vidyadhar Nagar"
INC-13270,Jaipur,KYC Fraud,17818,10:11,1-2 Hours,Malviya Nagar,"Union Bank ATM, JLN Marg, Malviya Nagar"
INC-13271,Pali,Investment Scam,172284,14:49,12-24 Hours,C-Scheme,"HDFC ATM, Ashok Marg, C-Scheme"
INC-13272,Jaipur,KYC Fraud,28840,13:02,1-2 Hours,Vaishali Nagar,"ICICI ATM, Nursery Circle, Vaishali Nagar"
INC-13273,Jaipur,Loan App Fraud,22360,15:30,1-2 Hours,C-Scheme,"SBI ATM, MI Road Junction, C-Scheme"
INC-13274,Jaipur,Job Fraud,26449,16:38,1-2 Hours,Jagatpura,"ICICI ATM, NRI Colony, Jagatpura"
INC-13275,Tonk,OLX Scam,32473,12:56,12-24 Hours,Vaishali Nagar,"Bank of Baroda ATM, Hanuman Nagar, Vaishali Nagar"
INC-13276,Jaipur,KYC Fraud,46901,14:43,12-24 Hours,Malviya Nagar,"HDFC ATM, Gaurav Tower (GT) Road, Malviya Nagar"
INC-13277,Jaipur,Sextortion,65786,23:26,12-24 Hours,Sitapura Industrial,"Bank of Baroda ATM, Tonk Road Junction, Sitapura Industrial"
INC-13278,Tonk,Sextortion,35772,01:35,12-24 Hours,Sitapura Industrial,"Kotak Mahindra ATM, RIICO Phase 1, Sitapura Industrial"
INC-13279,Ajmer,Loan App Fraud,26794,15:42,1-2 Hours,Bani Park,"HDFC ATM, Kabir Marg, Bani Park"
INC-13280,Pali,UPI Scam,8152,11:00,1-2 Hours,Mansarovar,"Kotak Mahindra ATM, Madhyam Marg, Mansarovar"
INC-13281,Pali,UPI Scam,19414,16:43,1-2 Hours,Mansarovar,"Axis Bank ATM, Madhyam Marg, Mansarovar"
INC-13282,Tonk,Sextortion,47011,21:56,12-24 Hours,Sitapura Industrial,"Union Bank ATM, Mahatma Gandhi Hospital Road, Sitapura Industrial"
INC-13283,Bhilwara,Job Fraud,70989,14:13,12-24 Hours,Jagatpura,"SBI ATM, NRI Colony, Jagatpura"
INC-13284,Ajmer,Sextortion,60633,23:55,12-24 Hours,Sitapura Industrial,"Bank of Baroda ATM, Mahatma Gandhi Hospital Road, Sitapura Industrial"
INC-13285,Alwar,KYC Fraud,37035,14:44,12-24 Hours,Bani Park,"Union Bank ATM, Peetal Factory, Bani Park"
INC-13286,Jaipur,Credit Card Cloning,215144,00:37,12-24 Hours,Pratap Nagar,"PNB ATM, Tonk Road, Pratap Nagar"
INC-13287,Tonk,Investment Scam,246232,14:55,12-24 Hours,C-Scheme,"Union Bank ATM, Ashok Marg, C-Scheme"
INC-13288,Bikaner,OLX Scam,25897,09:08,1-2 Hours,Vaishali Nagar,"ICICI ATM, Nursery Circle, Vaishali Nagar"
INC-13289,Jodhpur,Investment Scam,118051,14:06,12-24 Hours,C-Scheme,"Bank of Baroda ATM, MI Road Junction, C-Scheme"
INC-13290,Sikar,UPI Scam,35355,12:33,12-24 Hours,Mansarovar,"Axis Bank ATM, Kaveri Path, Mansarovar"
INC-13291,Jaipur,Job Fraud,104984,13:32,12-24 Hours,C-Scheme,"Kotak Mahindra ATM, Ashok Marg, C-Scheme"
INC-13292,Bhilwara,Sextortion,84886,03:30,12-24 Hours,Sitapura Industrial,"HDFC ATM, Tonk Road Junction, Sitapura Industrial"
INC-13293,Ajmer,Loan App Fraud,19294,13:28,1-2 Hours,Mansarovar,"Axis Bank ATM, Madhyam Marg, Mansarovar"
INC-13294,Alwar,UPI Scam,29129,14:42,1-2 Hours,Vaishali Nagar,"Axis Bank ATM, Queens Road, Vaishali Nagar"
INC-13295,Jaipur,Job Fraud,74096,13:45,12-24 Hours,Bani Park,"Axis Bank ATM, Sindhi Camp Bus Stand Road, Bani Park"
INC-13296,Sikar,KYC Fraud,5263,19:35,1-2 Hours,Jhotwara,"Bank of Baroda ATM, Panchawala, Jhotwara"
INC-13297,Jaipur,Investment Scam,182925,11:12,12-24 Hours,C-Scheme,"Kotak Mahindra ATM, Ashok Marg, C-Scheme"
INC-13298,Jaipur,OLX Scam,19868,16:16,1-2 Hours,Vaishali Nagar,"Union Bank ATM, Gandhi Path, Vaishali Nagar"
INC-13299,Ajmer,UPI Scam,8842,11:50,1-2 Hours,Mansarovar,"PNB ATM, Kissan Dharam Kanta, Mansarovar"
INC-13300,Alwar,Loan App Fraud,41216,16:58,12-24 Hours,Vidyadhar Nagar,"Union Bank ATM, Central Spine, Vidyadhar Nagar"
INC-13301,Tonk,UPI Scam,17674,14:59,1-2 Hours,Mansarovar,"PNB ATM, Patrakar Colony, Mansarovar"
INC-13302,Pali,KYC Fraud,17950,14:59,1-2 Hours,Bani Park,"HDFC ATM, Sindhi Camp Bus Stand Road, Bani Park"
INC-13303,Alwar,UPI Scam,26672,14:01,1-2 Hours,Mansarovar,"Kotak Mahindra ATM, Patrakar Colony, Mansarovar"
INC-13304,Jodhpur,KYC Fraud,57686,11:23,12-24 Hours,C-Scheme,"Axis Bank ATM, Ahinsa Circle, C-Scheme"
INC-13305,Jodhpur,OLX Scam,15776,13:20,1-2 Hours,Vaishali Nagar,"Bank of Baroda ATM, Queens Road, Vaishali Nagar"
INC-13306,Bikaner,KYC Fraud,20519,11:31,1-2 Hours,Bani Park,"Kotak Mahindra ATM, Collectorate Circle, Bani Park"
INC-13307,Udaipur,Investment Scam,159032,14:26,12-24 Hours,Bani Park,"ICICI ATM, Peetal Factory, Bani Park"
INC-13308,Bhilwara,UPI Scam,30981,10:11,12-24 Hours,Mansarovar,"SBI ATM, Kaveri Path, Mansarovar"
INC-13309,Sikar,Investment Scam,126148,12:56,12-24 Hours,C-Scheme,"ICICI ATM, Subhash Marg, C-Scheme"
INC-13310,Pali,UPI Scam,47296,11:01,12-24 Hours,Mansarovar,"Bank of Baroda ATM, Rajat Path, Mansarovar"
INC-13311,Jodhpur,Sextortion,67148,23:43,12-24 Hours,Sitapura Industrial,"HDFC ATM, EPI Zone, Sitapura Industrial"
INC-13312,Jaipur,UPI Scam,10891,18:38,1-2 Hours,Mansarovar,"Union Bank ATM, Kissan Dharam Kanta, Mansarovar"
INC-13313,Udaipur,UPI Scam,8099,11:52,1-2 Hours,Mansarovar,"Axis Bank ATM, Rajat Path, Mansarovar"
INC-13314,Jaipur,Investment Scam,214563,10:09,12-24 Hours,C-Scheme,"Kotak Mahindra ATM, MI Road Junction, C-Scheme"
INC-13315,Jaipur,Investment Scam,99255,13:57,12-24 Hours,C-Scheme,"SBI ATM, Ahinsa Circle, C-Scheme"
INC-13316,Ajmer,Loan App Fraud,36171,15:20,12-24 Hours,Bani Park,"Union Bank ATM, Collectorate Circle, Bani Park"
INC-13317,Jaipur,Job Fraud,73980,13:25,12-24 Hours,Jagatpura,"ICICI ATM, Mahal Road, Jagatpura"
INC-13318,Jaipur,UPI Scam,27851,17:36,1-2 Hours,Sitapura Industrial,"ICICI ATM, Tonk Road Junction, Sitapura Industrial"
INC-13319,Ajmer,Loan App Fraud,21418,16:31,1-2 Hours,Bani Park,"ICICI ATM, Kabir Marg, Bani Park"
INC-13320,Jodhpur,Investment Scam,128578,14:09,12-24 Hours,C-Scheme,"PNB ATM, Subhash Marg, C-Scheme"
INC-13321,Sikar,OLX Scam,24404,13:30,1-2 Hours,Vaishali Nagar,"Union Bank ATM, Queens Road, Vaishali Nagar"
INC-13322,Udaipur,Loan App Fraud,21534,14:20,1-2 Hours,Vidyadhar Nagar,"PNB ATM, Alka Cinema Road, Vidyadhar Nagar"
INC-13323,Udaipur,Sextortion,101989,04:34,12-24 Hours,Sitapura Industrial,"Union Bank ATM, India Gate, Sitapura Industrial"
INC-13324,Jaipur,KYC Fraud,8915,15:45,1-2 Hours,Malviya Nagar,"Kotak Mahindra ATM, Gaurav Tower (GT) Road, Malviya Nagar"
INC-13325,Alwar,KYC Fraud,11656,09:27,1-2 Hours,Jhotwara,"HDFC ATM, Lata Circle, Jhotwara"
INC-13326,Jaipur,KYC Fraud,41273,14:19,12-24 Hours,Mansarovar,"Kotak Mahindra ATM, Kissan Dharam Kanta, Mansarovar"
INC-13327,Tonk,Loan App Fraud,40656,14:56,12-24 Hours,Bani Park,"Axis Bank ATM, Collectorate Circle, Bani Park"
INC-13328,Jaipur,Investment Scam,105734,13:53,12-24 Hours,C-Scheme,"PNB ATM, Ahinsa Circle, C-Scheme"
INC-13329,Jodhpur,UPI Scam,24120,10:28,1-2 Hours,Vaishali Nagar,"SBI ATM, Hanuman Nagar, Vaishali Nagar"
INC-13330,Jaipur,Credit Card Cloning,108170,19:10,12-24 Hours,Pratap Nagar,"HDFC ATM, Sector 11, Pratap Nagar"
INC-13331,Jaipur,Sextortion,24366,04:14,1-2 Hours,Sitapura Industrial,"PNB ATM, India Gate, Sitapura Industrial"
INC-13332,Jodhpur,Job Fraud,60133,12:05,12-24 Hours,Bani Park,"PNB ATM, Peetal Factory, Bani Park"
INC-13333,Alwar,KYC Fraud,9249,09:03,1-2 Hours,Bani Park,"SBI ATM, Peetal Factory, Bani Park"
INC-13334,Bikaner,Sextortion,82341,20:42,12-24 Hours,Sitapura Industrial,"ICICI ATM, EPI Zone, Sitapura Industrial"
INC-13335,Jaipur,Sextortion,76093,03:05,12-24 Hours,Sitapura Industrial,"ICICI ATM, RIICO Phase 1, Sitapura Industrial"
INC-13336,Jaipur,Credit Card Cloning,137394,16:43,12-24 Hours,Pratap Nagar,"PNB ATM, Sector 16 Market, Pratap Nagar"
INC-13337,Sikar,Credit Card Cloning,233819,20:16,12-24 Hours,Pratap Nagar,"Union Bank ATM, Sector 11, Pratap Nagar"
INC-13338,Bikaner,UPI Scam,9191,15:41,1-2 Hours,Mansarovar,"PNB ATM, Rajat Path, Mansarovar"
INC-13339,Jaipur,OLX Scam,11899,10:50,1-2 Hours,Vaishali Nagar,"PNB ATM, Amrapali Circle, Vaishali Nagar"
INC-13340,Kota,Investment Scam,71006,17:50,12-24 Hours,C-Scheme,"Axis Bank ATM, Subhash Marg, C-Scheme"
INC-13341,Jodhpur,Investment Scam,185871,15:49,12-24 Hours,Bani Park,"HDFC ATM, Peetal Factory, Bani Park"
INC-13342,Pali,Investment Scam,114691,13:42,12-24 Hours,C-Scheme,"PNB ATM, MI Road Junction, C-Scheme"
INC-13343,Jaipur,KYC Fraud,18992,16:39,1-2 Hours,Malviya Nagar,"PNB ATM, Sector 3 Market, Malviya Nagar"
INC-13344,Jaipur,UPI Scam,48431,17:22,12-24 Hours,Mansarovar,"SBI ATM, Rajat Path, Mansarovar"
INC-13345,Jodhpur,OLX Scam,3286,15:48,1-2 Hours,Vaishali Nagar,"PNB ATM, Queens Road, Vaishali Nagar"
INC-13346,Jaipur,UPI Scam,18777,15:33,1-2 Hours,Mansarovar,"SBI ATM, Rajat Path, Mansarovar"
INC-13347,Jodhpur,Credit Card Cloning,42045,16:52,12-24 Hours,Bani Park,"Bank of Baroda ATM, Sindhi Camp Bus Stand Road, Bani Park"
INC-13348,Jaipur,OLX Scam,24843,13:41,1-2 Hours,Vaishali Nagar,"Union Bank ATM, Gandhi Path, Vaishali Nagar"
INC-13349,Jaipur,Loan App Fraud,37554,18:09,12-24 Hours,Mansarovar,"Kotak Mahindra ATM, Patrakar Colony, Mansarovar"
INC-13350,Jaipur,Loan App Fraud,35163,18:52,12-24 Hours,Mansarovar,"PNB ATM, Kaveri Path, Mansarovar"
INC-13351,Jaipur,Job Fraud,136249,17:09,12-24 Hours,Jagatpura,"HDFC ATM, 7 Number Stand, Jagatpura"
INC-13352,Tonk,Investment Scam,200703,13:19,12-24 Hours,C-Scheme,"PNB ATM, Subhash Marg, C-Scheme"
INC-13353,Jodhpur,OLX Scam,16510,19:50,1-2 Hours,Bani Park,"PNB ATM, Peetal Factory, Bani Park"
INC-13354,Bhilwara,UPI Scam,18351,13:51,1-2 Hours,Mansarovar,"PNB ATM, Patrakar Colony, Mansarovar"
INC-13355,Jaipur,Investment Scam,91176,13:34,12-24 Hours,C-Scheme,"Union Bank ATM, MI Road Junction, C-Scheme"
INC-13356,Ajmer,Loan App Fraud,25329,13:15,1-2 Hours,Bani Park,"PNB ATM, Collectorate Circle, Bani Park"
INC-13357,Jaipur,UPI Scam,25573,22:56,1-2 Hours,Mansarovar,"Axis Bank ATM, Kissan Dharam Kanta, Mansarovar"
INC-13358,Pali,Credit Card Cloning,248953,19:24,12-24 Hours,Pratap Nagar,"Axis Bank ATM, Sector 11, Pratap Nagar"
INC-13359,Pali,Sextortion,14933,21:30,1-2 Hours,Sitapura Industrial,"PNB ATM, EPI Zone, Sitapura Industrial"
INC-13360,Alwar,KYC Fraud,46493,13:35,12-24 Hours,Vaishali Nagar,"Bank of Baroda ATM, Nursery Circle, Vaishali Nagar"
INC-13361,Bikaner,UPI Scam,8624,19:42,1-2 Hours,Bani Park,"Union Bank ATM, Collectorate Circle, Bani Park"
INC-13362,Jodhpur,Job Fraud,77427,16:45,12-24 Hours,Jagatpura,"SBI ATM, NRI Colony, Jagatpura"
INC-13363,Jaipur,Credit Card Cloning,79197,14:34,12-24 Hours,Pratap Nagar,"Union Bank ATM, Haldi Ghati Marg, Pratap Nagar"
INC-13364,Jodhpur,Credit Card Cloning,76808,20:40,12-24 Hours,Bani Park,"HDFC ATM, Sindhi Camp Bus Stand Road, Bani Park"
INC-13365,Jaipur,Job Fraud,14892,13:26,1-2 Hours,Jagatpura,"SBI ATM, Ramnagariya, Jagatpura"
INC-13366,Jaipur,Credit Card Cloning,79086,17:20,12-24 Hours,Pratap Nagar,"Bank of Baroda ATM, Sector 16 Market, Pratap Nagar"
INC-13367,Sikar,OLX Scam,14847,09:08,1-2 Hours,Vaishali Nagar,"ICICI ATM, Queens Road, Vaishali Nagar"
INC-13368,Jaipur,UPI Scam,27971,16:17,1-2 Hours,Mansarovar,"Bank of Baroda ATM, Kaveri Path, Mansarovar"
INC-13369,Jodhpur,Loan App Fraud,42691,16:18,12-24 Hours,C-Scheme,"ICICI ATM, MI Road Junction, C-Scheme"
INC-13370,Jodhpur,UPI Scam,9273,12:34,1-2 Hours,Mansarovar,"ICICI ATM, Kaveri Path, Mansarovar"
INC-13371,Ajmer,Loan App Fraud,12777,16:13,1-2 Hours,Vidyadhar Nagar,"ICICI ATM, Central Spine, Vidyadhar Nagar"
INC-13372,Bhilwara,Loan App Fraud,36962,19:08,12-24 Hours,Vidyadhar Nagar,"Union Bank ATM, Alka Cinema Road, Vidyadhar Nagar"
INC-13373,Jodhpur,Job Fraud,97521,12:46,12-24 Hours,Bani Park,"Kotak Mahindra ATM, Collectorate Circle, Bani Park"
INC-13374,Jaipur,UPI Scam,55707,14:47,12-24 Hours,Mansarovar,"Union Bank ATM, Madhyam Marg, Mansarovar"
INC-13375,Jaipur,UPI Scam,22468,17:15,1-2 Hours,Mansarovar,"Bank of Baroda ATM, Kissan Dharam Kanta, Mansarovar"
INC-13376,Jaipur,KYC Fraud,14571,15:41,1-2 Hours,Jhotwara,"Union Bank ATM, Triton Mall Road, Jhotwara"
INC-13377,Sikar,UPI Scam,12385,11:03,1-2 Hours,Mansarovar,"Union Bank ATM, VT Road Chauraha, Mansarovar"
INC-13378,Tonk,Investment Scam,98597,14:59,12-24 Hours,C-Scheme,"Bank of Baroda ATM, Subhash Marg, C-Scheme"
INC-13379,Pali,KYC Fraud,13379,12:21,1-2 Hours,Jhotwara,"Bank of Baroda ATM, Kanta Chauraha, Jhotwara"
INC-13380,Jaipur,KYC Fraud,34149,17:41,12-24 Hours,Malviya Nagar,"Union Bank ATM, JLN Marg, Malviya Nagar"
INC-13381,Jaipur,UPI Scam,17836,20:26,1-2 Hours,Mansarovar,"Bank of Baroda ATM, Kaveri Path, Mansarovar"
INC-13382,Alwar,Investment Scam,126064,14:38,12-24 Hours,C-Scheme,"Bank of Baroda ATM, Subhash Marg, C-Scheme"
INC-13383,Jaipur,Loan App Fraud,22477,16:47,1-2 Hours,C-Scheme,"Kotak Mahindra ATM, Subhash Marg, C-Scheme"
INC-13384,Jaipur,UPI Scam,10004,18:34,1-2 Hours,Mansarovar,"Bank of Baroda ATM, Patrakar Colony, Mansarovar"
INC-13385,Udaipur,Credit Card Cloning,30509,17:37,12-24 Hours,Pratap Nagar,"PNB ATM, Sector 11, Pratap Nagar"
INC-13386,Bhilwara,Credit Card Cloning,75995,15:03,12-24 Hours,Jagatpura,"Bank of Baroda ATM, NRI Colony, Jagatpura"
INC-13387,Jaipur,Loan App Fraud,9754,17:46,1-2 Hours,Mansarovar,"HDFC ATM, VT Road Chauraha, Mansarovar"
INC-13388,Tonk,Sextortion,101920,23:39,12-24 Hours,Sitapura Industrial,"Kotak Mahindra ATM, Mahatma Gandhi Hospital Road, Sitapura Industrial"
INC-13389,Jaipur,Loan App Fraud,38647,20:52,12-24 Hours,Mansarovar,"HDFC ATM, Patrakar Colony, Mansarovar"
INC-13390,Jaipur,Sextortion,96859,22:32,12-24 Hours,Bani Park,"Union Bank ATM, Sindhi Camp Bus Stand Road, Bani Park"
INC-13391,Kota,UPI Scam,14477,13:44,1-2 Hours,Mansarovar,"Bank of Baroda ATM, Kissan Dharam Kanta, Mansarovar"
INC-13392,Pali,Credit Card Cloning,78615,16:57,12-24 Hours,Pratap Nagar,"Bank of Baroda ATM, Haldi Ghati Marg, Pratap Nagar"
INC-13393,Jaipur,Loan App Fraud,20433,15:07,1-2 Hours,Mansarovar,"HDFC ATM, Kissan Dharam Kanta, Mansarovar"
INC-13394,Jaipur,KYC Fraud,55856,18:44,12-24 Hours,Bani Park,"Bank of Baroda ATM, Sindhi Camp Bus Stand Road, Bani Park"
INC-13395,Jaipur,Investment Scam,169636,12:41,12-24 Hours,C-Scheme,"Union Bank ATM, MI Road Junction, C-Scheme"
INC-13396,Tonk,UPI Scam,32941,13:19,12-24 Hours,Mansarovar,"ICICI ATM, Madhyam Marg, Mansarovar"
INC-13397,Bikaner,KYC Fraud,18867,12:30,1-2 Hours,Jhotwara,"SBI ATM, Panchawala, Jhotwara"
INC-13398,Alwar,Investment Scam,222787,13:03,12-24 Hours,C-Scheme,"ICICI ATM, Ashok Marg, C-Scheme"
INC-13399,Jaipur,Investment Scam,173641,11:56,12-24 Hours,C-Scheme,"ICICI ATM, Ashok Marg, C-Scheme"
INC-13400,Tonk,UPI Scam,29903,15:36,1-2 Hours,Jagatpura,"PNB ATM, Mahal Road, Jagatpura"
INC-13401,Jaipur,UPI Scam,30636,17:30,12-24 Hours,Mansarovar,"ICICI ATM, Patrakar Colony, Mansarovar"
INC-13402,Ajmer,Job Fraud,25426,09:08,1-2 Hours,Jagatpura,"PNB ATM, Mahal Road, Jagatpura"
INC-13403,Bikaner,Credit Card Cloning,218360,16:13,12-24 Hours,Pratap Nagar,"HDFC ATM, Haldi Ghati Marg, Pratap Nagar"
INC-13404,Bikaner,Investment Scam,183317,11:12,12-24 Hours,Bani Park,"Union Bank ATM, Collectorate Circle, Bani Park"
INC-13405,Jaipur,Investment Scam,162232,14:11,12-24 Hours,C-Scheme,"Kotak Mahindra ATM, Ahinsa Circle, C-Scheme"
INC-13406,Udaipur,OLX Scam,6004,17:32,1-2 Hours,Vaishali Nagar,"HDFC ATM, Gandhi Path, Vaishali Nagar"
INC-13407,Jaipur,OLX Scam,5242,15:34,1-2 Hours,Vaishali Nagar,"SBI ATM, Hanuman Nagar, Vaishali Nagar"
INC-13408,Alwar,Credit Card Cloning,128700,15:55,12-24 Hours,Pratap Nagar,"HDFC ATM, Tonk Road, Pratap Nagar"
INC-13409,Ajmer,Sextortion,20941,22:28,1-2 Hours,Sitapura Industrial,"Axis Bank ATM, RIICO Phase 1, Sitapura Industrial"
INC-13410,Tonk,OLX Scam,12533,18:58,1-2 Hours,Vaishali Nagar,"PNB ATM, Amrapali Circle, Vaishali Nagar"
INC-13411,Udaipur,UPI Scam,27613,16:50,1-2 Hours,Mansarovar,"HDFC ATM, Kaveri Path, Mansarovar"
INC-13412,Kota,OLX Scam,9995,18:48,1-2 Hours,Vaishali Nagar,"ICICI ATM, Amrapali Circle, Vaishali Nagar"
INC-13413,Bhilwara,OLX Scam,32079,12:57,12-24 Hours,Bani Park,"HDFC ATM, Kabir Marg, Bani Park"
INC-13414,Udaipur,Investment Scam,118277,16:45,12-24 Hours,C-Scheme,"ICICI ATM, Ashok Marg, C-Scheme"
INC-13415,Bhilwara,Sextortion,33957,02:53,12-24 Hours,Vidyadhar Nagar,"Kotak Mahindra ATM, Central Spine, Vidyadhar Nagar"
INC-13416,Jaipur,Sextortion,71129,01:49,12-24 Hours,Sitapura Industrial,"SBI ATM, EPI Zone, Sitapura Industrial"
INC-13417,Bhilwara,Investment Scam,265624,18:03,12-24 Hours,Vidyadhar Nagar,"Kotak Mahindra ATM, Sector 2, Vidyadhar Nagar"
INC-13418,Jodhpur,Investment Scam,45217,12:43,12-24 Hours,Bani Park,"Kotak Mahindra ATM, Peetal Factory, Bani Park"
INC-13419,Alwar,Investment Scam,81918,15:06,12-24 Hours,C-Scheme,"SBI ATM, Subhash Marg, C-Scheme"
INC-13420,Kota,KYC Fraud,48998,17:41,12-24 Hours,Bani Park,"HDFC ATM, Kabir Marg, Bani Park"
INC-13421,Jaipur,KYC Fraud,16914,12:56,1-2 Hours,Vaishali Nagar,"Kotak Mahindra ATM, Queens Road, Vaishali Nagar"
INC-13422,Ajmer,Sextortion,38485,01:29,12-24 Hours,Sitapura Industrial,"ICICI ATM, India Gate, Sitapura Industrial"
INC-13423,Jaipur,Investment Scam,210405,13:53,12-24 Hours,C-Scheme,"Bank of Baroda ATM, MI Road Junction, C-Scheme"
INC-13424,Sikar,Credit Card Cloning,123106,15:49,12-24 Hours,Pratap Nagar,"Axis Bank ATM, Tonk Road, Pratap Nagar"
INC-13425,Jaipur,Job Fraud,65575,09:27,12-24 Hours,C-Scheme,"ICICI ATM, Statue Circle, C-Scheme"
INC-13426,Udaipur,Job Fraud,42625,14:15,12-24 Hours,Bani Park,"Axis Bank ATM, Sindhi Camp Bus Stand Road, Bani Park"
INC-13427,Ajmer,UPI Scam,29533,13:57,1-2 Hours,Mansarovar,"Kotak Mahindra ATM, Kissan Dharam Kanta, Mansarovar"
INC-13428,Bikaner,Sextortion,82488,04:08,12-24 Hours,Sitapura Industrial,"Union Bank ATM, RIICO Phase 1, Sitapura Industrial"
INC-13429,Jaipur,OLX Scam,13176,13:07,1-2 Hours,Vaishali Nagar,"Kotak Mahindra ATM, Amrapali Circle, Vaishali Nagar"
INC-13430,Jaipur,Sextortion,9202,21:28,1-2 Hours,Sitapura Industrial,"HDFC ATM, EPI Zone, Sitapura Industrial"
INC-13431,Jaipur,UPI Scam,14239,12:24,1-2 Hours,Mansarovar,"Kotak Mahindra ATM, Kaveri Path, Mansarovar"
INC-13432,Jaipur,OLX Scam,29537,18:47,1-2 Hours,Vaishali Nagar,"ICICI ATM, Nursery Circle, Vaishali Nagar"
INC-13433,Kota,Investment Scam,117813,14:47,12-24 Hours,C-Scheme,"PNB ATM, Statue Circle, C-Scheme"
INC-13434,Jodhpur,Loan App Fraud,28122,16:28,1-2 Hours,Bani Park,"Axis Bank ATM, Peetal Factory, Bani Park"
INC-13435,Jaipur,OLX Scam,3307,12:21,1-2 Hours,Vaishali Nagar,"Bank of Baroda ATM, Queens Road, Vaishali Nagar"
INC-13436,Bhilwara,KYC Fraud,24072,13:38,1-2 Hours,Mansarovar,"HDFC ATM, Madhyam Marg, Mansarovar"
INC-13437,Tonk,Credit Card Cloning,54679,14:43,12-24 Hours,Pratap Nagar,"Union Bank ATM, Sector 11, Pratap Nagar"
INC-13438,Jaipur,UPI Scam,39161,20:51,12-24 Hours,Mansarovar,"Axis Bank ATM, Kissan Dharam Kanta, Mansarovar"
INC-13439,Ajmer,Job Fraud,96721,16:50,12-24 Hours,Jagatpura,"Union Bank ATM, Mahal Road, Jagatpura"
INC-13440,Ajmer,OLX Scam,22955,15:34,1-2 Hours,Vaishali Nagar,"Bank of Baroda ATM, Amrapali Circle, Vaishali Nagar"
INC-13441,Jaipur,UPI Scam,35553,17:17,12-24 Hours,Mansarovar,"SBI ATM, VT Road Chauraha, Mansarovar"
INC-13442,Bikaner,Job Fraud,83096,11:00,12-24 Hours,Bani Park,"Union Bank ATM, Collectorate Circle, Bani Park"
INC-13443,Sikar,UPI Scam,20497,14:51,1-2 Hours,Mansarovar,"HDFC ATM, Patrakar Colony, Mansarovar"
INC-13444,Jaipur,Loan App Fraud,21227,15:53,1-2 Hours,Vaishali Nagar,"PNB ATM, Gandhi Path, Vaishali Nagar"
INC-13445,Jaipur,Investment Scam,176362,16:30,12-24 Hours,C-Scheme,"Kotak Mahindra ATM, Statue Circle, C-Scheme"
INC-13446,Jaipur,Sextortion,126121,21:13,12-24 Hours,Sitapura Industrial,"HDFC ATM, Tonk Road Junction, Sitapura Industrial"
INC-13447,Jaipur,Sextortion,73341,22:43,12-24 Hours,Sitapura Industrial,"Axis Bank ATM, EPI Zone, Sitapura Industrial"
INC-13448,Jaipur,KYC Fraud,15386,12:43,1-2 Hours,Vaishali Nagar,"Union Bank ATM, Amrapali Circle, Vaishali Nagar"
INC-13449,Tonk,Investment Scam,58530,13:43,12-24 Hours,C-Scheme,"HDFC ATM, Statue Circle, C-Scheme"
INC-13450,Sikar,OLX Scam,18646,13:54,1-2 Hours,Bani Park,"Axis Bank ATM, Collectorate Circle, Bani Park"
INC-13451,Jaipur,Loan App Fraud,78887,15:40,12-24 Hours,C-Scheme,"PNB ATM, Statue Circle, C-Scheme"
INC-13452,Sikar,Credit Card Cloning,212322,19:30,12-24 Hours,Pratap Nagar,"Axis Bank ATM, Kumbha Marg, Pratap Nagar"
INC-13453,Jaipur,Job Fraud,71635,12:03,12-24 Hours,Jagatpura,"HDFC ATM, NRI Colony, Jagatpura"
INC-13454,Pali,KYC Fraud,20197,12:21,1-2 Hours,Bani Park,"HDFC ATM, Collectorate Circle, Bani Park"
INC-13455,Udaipur,UPI Scam,31275,21:43,12-24 Hours,Malviya Nagar,"Union Bank ATM, Gaurav Tower (GT) Road, Malviya Nagar"
INC-13456,Pali,Investment Scam,108163,17:26,12-24 Hours,Bani Park,"HDFC ATM, Collectorate Circle, Bani Park"
INC-13457,Jaipur,OLX Scam,11825,12:54,1-2 Hours,Vaishali Nagar,"HDFC ATM, Hanuman Nagar, Vaishali Nagar"
INC-13458,Udaipur,UPI Scam,24110,13:13,1-2 Hours,Mansarovar,"PNB ATM, Kissan Dharam Kanta, Mansarovar"
INC-13459,Tonk,Investment Scam,171135,17:31,12-24 Hours,C-Scheme,"ICICI ATM, Statue Circle, C-Scheme"
INC-13460,Tonk,Credit Card Cloning,254679,20:35,12-24 Hours,Pratap Nagar,"SBI ATM, Sector 16 Market, Pratap Nagar"
INC-13461,Ajmer,UPI Scam,9062,12:46,1-2 Hours,Mansarovar,"HDFC ATM, Rajat Path, Mansarovar"
INC-13462,Kota,Investment Scam,149502,11:26,12-24 Hours,C-Scheme,"SBI ATM, MI Road Junction, C-Scheme"
INC-13463,Alwar,KYC Fraud,5903,14:13,1-2 Hours,Jhotwara,"Axis Bank ATM, Lata Circle, Jhotwara"
INC-13464,Bikaner,Credit Card Cloning,89112,02:49,12-24 Hours,Pratap Nagar,"ICICI ATM, Haldi Ghati Marg, Pratap Nagar"
INC-13465,Sikar,Investment Scam,92729,19:02,12-24 Hours,C-Scheme,"SBI ATM, Subhash Marg, C-Scheme"
INC-13466,Bikaner,Sextortion,87669,23:14,12-24 Hours,Sitapura Industrial,"Kotak Mahindra ATM, Mahatma Gandhi Hospital Road, Sitapura Industrial"
INC-13467,Jaipur,Sextortion,97344,01:32,12-24 Hours,Sitapura Industrial,"Axis Bank ATM, EPI Zone, Sitapura Industrial"
INC-13468,Jaipur,UPI Scam,29552,13:11,1-2 Hours,Mansarovar,"Kotak Mahindra ATM, Rajat Path, Mansarovar"
INC-13469,Alwar,KYC Fraud,52022,17:20,12-24 Hours,Bani Park,"Bank of Baroda ATM, Peetal Factory, Bani Park"
INC-13470,Jodhpur,KYC Fraud,23360,16:06,1-2 Hours,Jhotwara,"ICICI ATM, Lata Circle, Jhotwara"
INC-13471,Jodhpur,Job Fraud,74902,13:19,12-24 Hours,Sitapura Industrial,"SBI ATM, India Gate, Sitapura Industrial"
INC-13472,Jaipur,UPI Scam,9125,11:13,1-2 Hours,Vaishali Nagar,"Axis Bank ATM, Amrapali Circle, Vaishali Nagar"
INC-13473,Jaipur,Investment Scam,169733,17:14,12-24 Hours,C-Scheme,"Bank of Baroda ATM, Subhash Marg, C-Scheme"
INC-13474,Jaipur,Job Fraud,105826,10:46,12-24 Hours,Jagatpura,"PNB ATM, Mahal Road, Jagatpura"
INC-13475,Jodhpur,KYC Fraud,25145,13:23,1-2 Hours,Bani Park,"Kotak Mahindra ATM, Peetal Factory, Bani Park"
INC-13476,Jaipur,KYC Fraud,31580,14:46,12-24 Hours,Malviya Nagar,"SBI ATM, Gaurav Tower (GT) Road, Malviya Nagar"
INC-13477,Bikaner,Investment Scam,222147,12:08,12-24 Hours,Bani Park,"Axis Bank ATM, Sindhi Camp Bus Stand Road, Bani Park"
INC-13478,Udaipur,OLX Scam,36934,11:49,12-24 Hours,Vaishali Nagar,"Kotak Mahindra ATM, Gandhi Path, Vaishali Nagar"
INC-13479,Tonk,Sextortion,53549,03:11,12-24 Hours,Sitapura Industrial,"Union Bank ATM, India Gate, Sitapura Industrial"
INC-13480,Jaipur,Job Fraud,31386,11:34,12-24 Hours,Jagatpura,"SBI ATM, Mahal Road, Jagatpura"
INC-13481,Sikar,KYC Fraud,37222,12:17,12-24 Hours,Bani Park,"Union Bank ATM, Collectorate Circle, Bani Park"
INC-13482,Jaipur,OLX Scam,22223,16:17,1-2 Hours,Vaishali Nagar,"Axis Bank ATM, Hanuman Nagar, Vaishali Nagar"
INC-13483,Jodhpur,Credit Card Cloning,253003,18:29,12-24 Hours,Bani Park,"SBI ATM, Kabir Marg, Bani Park"
INC-13484,Jaipur,UPI Scam,21938,16:26,1-2 Hours,Mansarovar,"HDFC ATM, Kissan Dharam Kanta, Mansarovar"
INC-13485,Ajmer,KYC Fraud,5594,21:19,1-2 Hours,Jhotwara,"Bank of Baroda ATM, Kanta Chauraha, Jhotwara"
INC-13486,Sikar,Credit Card Cloning,47282,19:18,12-24 Hours,Bani Park,"ICICI ATM, Peetal Factory, Bani Park"
INC-13487,Jaipur,OLX Scam,6338,17:33,1-2 Hours,Vaishali Nagar,"Kotak Mahindra ATM, Hanuman Nagar, Vaishali Nagar"
INC-13488,Jodhpur,OLX Scam,20933,11:38,1-2 Hours,Bani Park,"SBI ATM, Sindhi Camp Bus Stand Road, Bani Park"
INC-13489,Udaipur,Loan App Fraud,33477,18:44,12-24 Hours,Vidyadhar Nagar,"Axis Bank ATM, Central Spine, Vidyadhar Nagar"
INC-13490,Jodhpur,OLX Scam,5295,14:51,1-2 Hours,Vaishali Nagar,"Kotak Mahindra ATM, Queens Road, Vaishali Nagar"
INC-13491,Jodhpur,UPI Scam,29042,09:41,1-2 Hours,Mansarovar,"Kotak Mahindra ATM, Rajat Path, Mansarovar"
INC-13492,Ajmer,Credit Card Cloning,172768,17:55,12-24 Hours,Bani Park,"Union Bank ATM, Collectorate Circle, Bani Park"
INC-13493,Jaipur,Job Fraud,99852,12:14,12-24 Hours,C-Scheme,"HDFC ATM, Ahinsa Circle, C-Scheme"
INC-13494,Ajmer,UPI Scam,9050,14:48,1-2 Hours,Mansarovar,"Bank of Baroda ATM, Kaveri Path, Mansarovar"
INC-13495,Jodhpur,Loan App Fraud,31808,12:58,12-24 Hours,Bani Park,"PNB ATM, Kabir Marg, Bani Park"
INC-13496,Ajmer,UPI Scam,23263,13:49,1-2 Hours,Mansarovar,"Bank of Baroda ATM, Kissan Dharam Kanta, Mansarovar"
INC-13497,Alwar,KYC Fraud,9622,10:01,1-2 Hours,Jhotwara,"ICICI ATM, Kalwar Road, Jhotwara"
INC-13498,Alwar,Investment Scam,247306,17:47,12-24 Hours,C-Scheme,"ICICI ATM, Ashok Marg, C-Scheme"
INC-13499,Jodhpur,Investment Scam,95742,14:58,12-24 Hours,C-Scheme,"Axis Bank ATM, Ashok Marg, C-Scheme"
INC-13500,Udaipur,OLX Scam,7713,21:07,1-2 Hours,Vaishali Nagar,"HDFC ATM, Hanuman Nagar, Vaishali Nagar"
INC-13501,Jaipur,UPI Scam,22949,13:54,1-2 Hours,Mansarovar,"Union Bank ATM, VT Road Chauraha, Mansarovar"
INC-13502,Kota,KYC Fraud,19251,16:32,1-2 Hours,Bani Park,"Axis Bank ATM, Peetal Factory, Bani Park"
INC-13503,Jodhpur,KYC Fraud,62078,10:31,12-24 Hours,Bani Park,"SBI ATM, Sindhi Camp Bus Stand Road, Bani Park"
INC-13504,Jaipur,KYC Fraud,58803,17:18,12-24 Hours,C-Scheme,"HDFC ATM, Ahinsa Circle, C-Scheme"
INC-13505,Jodhpur,Sextortion,35529,22:58,12-24 Hours,Sitapura Industrial,"PNB ATM, EPI Zone, Sitapura Industrial"
INC-13506,Udaipur,OLX Scam,32754,12:08,12-24 Hours,Vaishali Nagar,"SBI ATM, Queens Road, Vaishali Nagar"
INC-13507,Udaipur,Job Fraud,96881,12:34,12-24 Hours,C-Scheme,"Axis Bank ATM, Subhash Marg, C-Scheme"
INC-13508,Bikaner,OLX Scam,12979,10:17,1-2 Hours,Bani Park,"Axis Bank ATM, Peetal Factory, Bani Park"
INC-13509,Jaipur,OLX Scam,3909,17:10,1-2 Hours,Vaishali Nagar,"SBI ATM, Nursery Circle, Vaishali Nagar"
INC-13510,Kota,UPI Scam,11909,14:25,1-2 Hours,Mansarovar,"Kotak Mahindra ATM, Patrakar Colony, Mansarovar"
INC-13511,Bikaner,Loan App Fraud,16620,18:33,1-2 Hours,Bani Park,"Bank of Baroda ATM, Kabir Marg, Bani Park"
INC-13512,Jodhpur,KYC Fraud,75846,11:32,12-24 Hours,Jhotwara,"SBI ATM, Panchawala, Jhotwara"
INC-13513,Udaipur,UPI Scam,22833,11:27,1-2 Hours,Vaishali Nagar,"PNB ATM, Nursery Circle, Vaishali Nagar"
INC-13514,Jaipur,OLX Scam,23812,11:47,1-2 Hours,Vaishali Nagar,"Union Bank ATM, Nursery Circle, Vaishali Nagar"
INC-13515,Pali,UPI Scam,31968,10:48,12-24 Hours,Mansarovar,"Bank of Baroda ATM, Madhyam Marg, Mansarovar"
INC-13516,Jaipur,Job Fraud,100171,14:45,12-24 Hours,Jagatpura,"Kotak Mahindra ATM, 7 Number Stand, Jagatpura"
INC-13517,Pali,UPI Scam,23541,15:33,1-2 Hours,Mansarovar,"HDFC ATM, Patrakar Colony, Mansarovar"
INC-13518,Alwar,OLX Scam,11162,18:06,1-2 Hours,Vaishali Nagar,"Kotak Mahindra ATM, Amrapali Circle, Vaishali Nagar"
INC-13519,Bikaner,Sextortion,40878,20:12,12-24 Hours,Bani Park,"Bank of Baroda ATM, Peetal Factory, Bani Park"
INC-13520,Kota,UPI Scam,54920,18:06,12-24 Hours,Mansarovar,"Bank of Baroda ATM, Kissan Dharam Kanta, Mansarovar"
INC-13521,Tonk,UPI Scam,16389,10:18,1-2 Hours,Mansarovar,"HDFC ATM, Kaveri Path, Mansarovar"
INC-13522,Alwar,Investment Scam,76975,17:21,12-24 Hours,C-Scheme,"SBI ATM, Ashok Marg, C-Scheme"
INC-13523,Jaipur,UPI Scam,36148,17:28,12-24 Hours,Mansarovar,"Kotak Mahindra ATM, Kaveri Path, Mansarovar"
INC-13524,Jaipur,KYC Fraud,37551,10:54,12-24 Hours,Jhotwara,"ICICI ATM, Lata Circle, Jhotwara"
INC-13525,Jaipur,UPI Scam,37635,20:31,12-24 Hours,Mansarovar,"Bank of Baroda ATM, Madhyam Marg, Mansarovar"
INC-13526,Pali,Credit Card Cloning,133181,04:17,12-24 Hours,Sitapura Industrial,"HDFC ATM, India Gate, Sitapura Industrial"
INC-13527,Ajmer,UPI Scam,8697,14:42,1-2 Hours,Vaishali Nagar,"PNB ATM, Amrapali Circle, Vaishali Nagar"
INC-13528,Jaipur,Loan App Fraud,19043,17:33,1-2 Hours,Mansarovar,"Union Bank ATM, Patrakar Colony, Mansarovar"
INC-13529,Ajmer,KYC Fraud,41212,12:58,12-24 Hours,Mansarovar,"HDFC ATM, Rajat Path, Mansarovar"
INC-13530,Pali,Loan App Fraud,71886,17:24,12-24 Hours,Vidyadhar Nagar,"Axis Bank ATM, Central Spine, Vidyadhar Nagar"
INC-13531,Ajmer,Investment Scam,246492,12:35,12-24 Hours,C-Scheme,"HDFC ATM, Ahinsa Circle, C-Scheme"
INC-13532,Jodhpur,Investment Scam,62157,10:54,12-24 Hours,C-Scheme,"Axis Bank ATM, MI Road Junction, C-Scheme"
INC-13533,Alwar,OLX Scam,4400,12:46,1-2 Hours,Vaishali Nagar,"Union Bank ATM, Hanuman Nagar, Vaishali Nagar"
INC-13534,Pali,UPI Scam,34607,12:27,12-24 Hours,Mansarovar,"Bank of Baroda ATM, Kaveri Path, Mansarovar"
INC-13535,Ajmer,Credit Card Cloning,155769,19:36,12-24 Hours,Pratap Nagar,"Kotak Mahindra ATM, Haldi Ghati Marg, Pratap Nagar"
INC-13536,Kota,Investment Scam,56814,12:48,12-24 Hours,C-Scheme,"HDFC ATM, Statue Circle, C-Scheme"
INC-13537,Jaipur,OLX Scam,12320,14:49,1-2 Hours,Vaishali Nagar,"HDFC ATM, Hanuman Nagar, Vaishali Nagar"
INC-13538,Jaipur,OLX Scam,23563,13:31,1-2 Hours,Vaishali Nagar,"HDFC ATM, Hanuman Nagar, Vaishali Nagar"
INC-13539,Pali,OLX Scam,23897,14:17,1-2 Hours,Vaishali Nagar,"Bank of Baroda ATM, Queens Road, Vaishali Nagar"
INC-13540,Ajmer,KYC Fraud,49121,08:26,12-24 Hours,Bani Park,"Bank of Baroda ATM, Collectorate Circle, Bani Park"
INC-13541,Bikaner,Credit Card Cloning,105549,17:31,12-24 Hours,Bani Park,"Bank of Baroda ATM, Collectorate Circle, Bani Park"
INC-13542,Jaipur,Job Fraud,49515,12:22,12-24 Hours,Jagatpura,"PNB ATM, 7 Number Stand, Jagatpura"
INC-13543,Udaipur,Investment Scam,167287,17:25,12-24 Hours,C-Scheme,"PNB ATM, Subhash Marg, C-Scheme"
INC-13544,Kota,Job Fraud,138339,15:08,12-24 Hours,C-Scheme,"PNB ATM, Subhash Marg, C-Scheme"
INC-13545,Ajmer,Credit Card Cloning,52311,18:50,12-24 Hours,Pratap Nagar,"SBI ATM, Kumbha Marg, Pratap Nagar"
INC-13546,Tonk,KYC Fraud,34446,13:08,12-24 Hours,Jhotwara,"Kotak Mahindra ATM, Triton Mall Road, Jhotwara"
INC-13547,Kota,Job Fraud,67275,15:56,12-24 Hours,C-Scheme,"PNB ATM, Subhash Marg, C-Scheme"
INC-13548,Ajmer,Loan App Fraud,95839,16:24,12-24 Hours,Vidyadhar Nagar,"Kotak Mahindra ATM, National Highway 52 Bypass, Vidyadhar Nagar"
INC-13549,Jaipur,Sextortion,55897,00:08,12-24 Hours,Sitapura Industrial,"Bank of Baroda ATM, Tonk Road Junction, Sitapura Industrial"
INC-13550,Jaipur,Credit Card Cloning,56249,14:00,12-24 Hours,C-Scheme,"Kotak Mahindra ATM, Ahinsa Circle, C-Scheme"
INC-13551,Ajmer,Investment Scam,144865,14:06,12-24 Hours,C-Scheme,"Union Bank ATM, Statue Circle, C-Scheme"
INC-13552,Jodhpur,Investment Scam,117496,11:12,12-24 Hours,C-Scheme,"Axis Bank ATM, Ashok Marg, C-Scheme"
INC-13553,Kota,UPI Scam,8232,12:42,1-2 Hours,Vidyadhar Nagar,"Axis Bank ATM, National Highway 52 Bypass, Vidyadhar Nagar"
INC-13554,Jaipur,UPI Scam,31108,16:17,12-24 Hours,Mansarovar,"ICICI ATM, Kaveri Path, Mansarovar"
INC-13555,Pali,Loan App Fraud,19716,11:55,1-2 Hours,Bani Park,"HDFC ATM, Kabir Marg, Bani Park"
INC-13556,Jaipur,Loan App Fraud,75212,14:56,12-24 Hours,Vaishali Nagar,"Axis Bank ATM, Nursery Circle, Vaishali Nagar"
INC-13557,Bikaner,Job Fraud,80721,14:27,12-24 Hours,Bani Park,"HDFC ATM, Collectorate Circle, Bani Park"
INC-13558,Pali,UPI Scam,7438,14:06,1-2 Hours,Vaishali Nagar,"HDFC ATM, Hanuman Nagar, Vaishali Nagar"
INC-13559,Alwar,Loan App Fraud,59595,15:29,12-24 Hours,Vidyadhar Nagar,"Kotak Mahindra ATM, National Highway 52 Bypass, Vidyadhar Nagar"
INC-13560,Udaipur,Job Fraud,122107,15:18,12-24 Hours,Bani Park,"Union Bank ATM, Peetal Factory, Bani Park"
INC-13561,Kota,Loan App Fraud,66695,14:47,12-24 Hours,Vidyadhar Nagar,"ICICI ATM, Sector 2, Vidyadhar Nagar"
INC-13562,Kota,Sextortion,69381,22:20,12-24 Hours,Sitapura Industrial,"Bank of Baroda ATM, India Gate, Sitapura Industrial"
INC-13563,Jaipur,Loan App Fraud,84191,16:15,12-24 Hours,Vidyadhar Nagar,"Bank of Baroda ATM, Central Spine, Vidyadhar Nagar"
INC-13564,Jaipur,KYC Fraud,31364,14:28,12-24 Hours,Malviya Nagar,"SBI ATM, Apex Circle, Malviya Nagar"
INC-13565,Jodhpur,KYC Fraud,58777,16:20,12-24 Hours,Bani Park,"Union Bank ATM, Kabir Marg, Bani Park"
INC-13566,Sikar,Investment Scam,133015,15:04,12-24 Hours,C-Scheme,"Bank of Baroda ATM, Statue Circle, C-Scheme"
INC-13567,Sikar,Investment Scam,180526,12:25,12-24 Hours,C-Scheme,"Bank of Baroda ATM, Statue Circle, C-Scheme"
INC-13568,Jaipur,Credit Card Cloning,32355,19:00,12-24 Hours,Bani Park,"PNB ATM, Sindhi Camp Bus Stand Road, Bani Park"
INC-13569,Alwar,UPI Scam,35661,10:22,12-24 Hours,Vaishali Nagar,"Kotak Mahindra ATM, Queens Road, Vaishali Nagar"
INC-13570,Sikar,KYC Fraud,60949,12:51,12-24 Hours,Jhotwara,"Union Bank ATM, Kalwar Road, Jhotwara"
INC-13571,Jaipur,Investment Scam,99686,16:39,12-24 Hours,C-Scheme,"Union Bank ATM, Statue Circle, C-Scheme"
INC-13572,Jodhpur,Job Fraud,18944,09:18,1-2 Hours,C-Scheme,"PNB ATM, Statue Circle, C-Scheme"
INC-13573,Jaipur,Job Fraud,59167,14:46,12-24 Hours,Jagatpura,"Kotak Mahindra ATM, Mahal Road, Jagatpura"
INC-13574,Ajmer,Sextortion,96886,23:23,12-24 Hours,Sitapura Industrial,"ICICI ATM, RIICO Phase 1, Sitapura Industrial"
INC-13575,Ajmer,UPI Scam,25424,12:57,1-2 Hours,Mansarovar,"ICICI ATM, Kissan Dharam Kanta, Mansarovar"
INC-13576,Jaipur,Investment Scam,251112,11:20,12-24 Hours,C-Scheme,"Axis Bank ATM, MI Road Junction, C-Scheme"
INC-13577,Jaipur,UPI Scam,40880,09:56,12-24 Hours,Mansarovar,"PNB ATM, Rajat Path, Mansarovar"
INC-13578,Kota,Loan App Fraud,19308,14:00,1-2 Hours,Vidyadhar Nagar,"Union Bank ATM, National Highway 52 Bypass, Vidyadhar Nagar"
INC-13579,Udaipur,OLX Scam,11443,18:43,1-2 Hours,Bani Park,"SBI ATM, Collectorate Circle, Bani Park"
INC-13580,Tonk,KYC Fraud,41260,11:50,12-24 Hours,Bani Park,"HDFC ATM, Sindhi Camp Bus Stand Road, Bani Park"
INC-13581,Sikar,Job Fraud,33728,16:30,12-24 Hours,Bani Park,"Kotak Mahindra ATM, Sindhi Camp Bus Stand Road, Bani Park"
INC-13582,Ajmer,OLX Scam,12759,13:54,1-2 Hours,Vaishali Nagar,"Axis Bank ATM, Gandhi Path, Vaishali Nagar"
INC-13583,Jaipur,OLX Scam,22891,15:57,1-2 Hours,Jagatpura,"ICICI ATM, Mahal Road, Jagatpura"
INC-13584,Jodhpur,Credit Card Cloning,95153,17:41,12-24 Hours,Bani Park,"Axis Bank ATM, Kabir Marg, Bani Park"
INC-13585,Pali,OLX Scam,10418,17:33,1-2 Hours,Vaishali Nagar,"HDFC ATM, Amrapali Circle, Vaishali Nagar"
INC-13586,Alwar,Loan App Fraud,59014,14:55,12-24 Hours,Vidyadhar Nagar,"HDFC ATM, Central Spine, Vidyadhar Nagar"
INC-13587,Jodhpur,OLX Scam,15772,10:16,1-2 Hours,Jagatpura,"Axis Bank ATM, Ramnagariya, Jagatpura"
INC-13588,Alwar,Sextortion,22363,23:51,1-2 Hours,Sitapura Industrial,"Bank of Baroda ATM, Mahatma Gandhi Hospital Road, Sitapura Industrial"
INC-13589,Alwar,KYC Fraud,61016,11:13,12-24 Hours,Bani Park,"Axis Bank ATM, Collectorate Circle, Bani Park"
INC-13590,Kota,KYC Fraud,58102,13:27,12-24 Hours,Bani Park,"Kotak Mahindra ATM, Peetal Factory, Bani Park"
INC-13591,Udaipur,Sextortion,44977,22:05,12-24 Hours,Sitapura Industrial,"Axis Bank ATM, EPI Zone, Sitapura Industrial"
INC-13592,Udaipur,Loan App Fraud,11642,13:11,1-2 Hours,Vidyadhar Nagar,"SBI ATM, National Highway 52 Bypass, Vidyadhar Nagar"
INC-13593,Jodhpur,Sextortion,26731,22:07,1-2 Hours,Sitapura Industrial,"Union Bank ATM, Tonk Road Junction, Sitapura Industrial"
INC-13594,Jodhpur,UPI Scam,7478,10:18,1-2 Hours,Mansarovar,"SBI ATM, Patrakar Colony, Mansarovar"
INC-13595,Jaipur,UPI Scam,50741,14:00,12-24 Hours,Mansarovar,"SBI ATM, Madhyam Marg, Mansarovar"
INC-13596,Bhilwara,Sextortion,47295,01:45,12-24 Hours,Sitapura Industrial,"PNB ATM, Tonk Road Junction, Sitapura Industrial"
INC-13597,Alwar,KYC Fraud,35631,17:14,12-24 Hours,Bani Park,"Bank of Baroda ATM, Peetal Factory, Bani Park"
INC-13598,Ajmer,Loan App Fraud,28217,15:28,1-2 Hours,Vidyadhar Nagar,"Axis Bank ATM, Alka Cinema Road, Vidyadhar Nagar"
INC-13599,Jaipur,UPI Scam,28585,10:27,1-2 Hours,Mansarovar,"Union Bank ATM, VT Road Chauraha, Mansarovar"
INC-13600,Jaipur,Credit Card Cloning,38783,16:39,12-24 Hours,C-Scheme,"PNB ATM, Ashok Marg, C-Scheme"
INC-13601,Tonk,UPI Scam,38233,15:49,12-24 Hours,Mansarovar,"Axis Bank ATM, VT Road Chauraha, Mansarovar"
INC-13602,Bhilwara,Sextortion,25730,00:13,1-2 Hours,Sitapura Industrial,"Union Bank ATM, Tonk Road Junction, Sitapura Industrial"
INC-13603,Alwar,UPI Scam,37711,13:32,12-24 Hours,Mansarovar,"Bank of Baroda ATM, Kissan Dharam Kanta, Mansarovar"
INC-13604,Ajmer,Job Fraud,94144,13:12,12-24 Hours,Bani Park,"Bank of Baroda ATM, Peetal Factory, Bani Park"
INC-13605,Tonk,Sextortion,134566,23:44,12-24 Hours,Sitapura Industrial,"PNB ATM, India Gate, Sitapura Industrial"
INC-13606,Pali,Loan App Fraud,29938,13:31,1-2 Hours,Bani Park,"Axis Bank ATM, Sindhi Camp Bus Stand Road, Bani Park"
INC-13607,Jodhpur,Sextortion,49914,01:33,12-24 Hours,Jhotwara,"PNB ATM, Kanta Chauraha, Jhotwara"
INC-13608,Jodhpur,Investment Scam,123945,11:22,12-24 Hours,C-Scheme,"Union Bank ATM, Ahinsa Circle, C-Scheme"
INC-13609,Jodhpur,Job Fraud,109635,12:45,12-24 Hours,Bani Park,"Bank of Baroda ATM, Collectorate Circle, Bani Park"
INC-13610,Alwar,OLX Scam,22714,12:46,1-2 Hours,Vaishali Nagar,"SBI ATM, Hanuman Nagar, Vaishali Nagar"
INC-13611,Jaipur,Investment Scam,145147,12:56,12-24 Hours,C-Scheme,"PNB ATM, Ashok Marg, C-Scheme"
INC-13612,Jaipur,Sextortion,93224,22:00,12-24 Hours,Sitapura Industrial,"Union Bank ATM, Mahatma Gandhi Hospital Road, Sitapura Industrial"
INC-13613,Jodhpur,Job Fraud,41886,13:07,12-24 Hours,Jagatpura,"ICICI ATM, 7 Number Stand, Jagatpura"
INC-13614,Jaipur,Job Fraud,52527,15:14,12-24 Hours,Vaishali Nagar,"SBI ATM, Nursery Circle, Vaishali Nagar"
INC-13615,Udaipur,UPI Scam,35516,12:11,12-24 Hours,Mansarovar,"Kotak Mahindra ATM, VT Road Chauraha, Mansarovar"
INC-13616,Bikaner,Credit Card Cloning,193957,12:55,12-24 Hours,Bani Park,"Bank of Baroda ATM, Sindhi Camp Bus Stand Road, Bani Park"
INC-13617,Ajmer,Credit Card Cloning,101151,15:44,12-24 Hours,Pratap Nagar,"Kotak Mahindra ATM, Sector 11, Pratap Nagar"
INC-13618,Tonk,Investment Scam,229294,16:12,12-24 Hours,C-Scheme,"ICICI ATM, Subhash Marg, C-Scheme"
INC-13619,Bikaner,Job Fraud,71959,10:03,12-24 Hours,Bani Park,"PNB ATM, Collectorate Circle, Bani Park"
INC-13620,Bhilwara,UPI Scam,26373,13:25,1-2 Hours,Mansarovar,"Bank of Baroda ATM, Madhyam Marg, Mansarovar"
INC-13621,Jaipur,Sextortion,65733,23:55,12-24 Hours,Sitapura Industrial,"Axis Bank ATM, India Gate, Sitapura Industrial"
INC-13622,Bikaner,KYC Fraud,17502,12:45,1-2 Hours,Bani Park,"Bank of Baroda ATM, Kabir Marg, Bani Park"
INC-13623,Tonk,Sextortion,32784,22:02,12-24 Hours,Sitapura Industrial,"ICICI ATM, Tonk Road Junction, Sitapura Industrial"
INC-13624,Jaipur,Sextortion,80977,02:30,12-24 Hours,Sitapura Industrial,"Union Bank ATM, RIICO Phase 1, Sitapura Industrial"
INC-13625,Jaipur,Investment Scam,176954,14:56,12-24 Hours,C-Scheme,"ICICI ATM, Statue Circle, C-Scheme"
INC-13626,Sikar,Loan App Fraud,66181,15:38,12-24 Hours,Jhotwara,"PNB ATM, Kanta Chauraha, Jhotwara"
INC-13627,Alwar,Sextortion,39448,00:26,12-24 Hours,Vidyadhar Nagar,"Axis Bank ATM, Alka Cinema Road, Vidyadhar Nagar"
INC-13628,Pali,Sextortion,42388,01:40,12-24 Hours,Vidyadhar Nagar,"HDFC ATM, Central Spine, Vidyadhar Nagar"
INC-13629,Bikaner,KYC Fraud,36375,10:02,12-24 Hours,Jhotwara,"SBI ATM, Triton Mall Road, Jhotwara"
INC-13630,Tonk,Sextortion,85560,00:12,12-24 Hours,Sitapura Industrial,"PNB ATM, Mahatma Gandhi Hospital Road, Sitapura Industrial"
INC-13631,Bikaner,OLX Scam,14707,17:44,1-2 Hours,Malviya Nagar,"Bank of Baroda ATM, Apex Circle, Malviya Nagar"
INC-13632,Sikar,Investment Scam,221470,14:07,12-24 Hours,C-Scheme,"SBI ATM, Statue Circle, C-Scheme"
INC-13633,Bhilwara,Job Fraud,124887,11:47,12-24 Hours,Bani Park,"PNB ATM, Sindhi Camp Bus Stand Road, Bani Park"
INC-13634,Tonk,KYC Fraud,43166,12:56,12-24 Hours,Bani Park,"PNB ATM, Kabir Marg, Bani Park"
INC-13635,Jaipur,Job Fraud,84515,12:40,12-24 Hours,Jagatpura,"Axis Bank ATM, NRI Colony, Jagatpura"
INC-13636,Jaipur,Job Fraud,59994,09:39,12-24 Hours,Jagatpura,"Kotak Mahindra ATM, 7 Number Stand, Jagatpura"
INC-13637,Kota,UPI Scam,15932,11:38,1-2 Hours,Vaishali Nagar,"ICICI ATM, Hanuman Nagar, Vaishali Nagar"
INC-13638,Alwar,KYC Fraud,14691,09:54,1-2 Hours,Bani Park,"Axis Bank ATM, Kabir Marg, Bani Park"
INC-13639,Tonk,KYC Fraud,67188,21:17,12-24 Hours,Sitapura Industrial,"HDFC ATM, EPI Zone, Sitapura Industrial"
INC-13640,Bikaner,Investment Scam,200689,14:55,12-24 Hours,C-Scheme,"HDFC ATM, Statue Circle, C-Scheme"
INC-13641,Tonk,Job Fraud,43501,13:05,12-24 Hours,Jhotwara,"ICICI ATM, Panchawala, Jhotwara"
INC-13642,Alwar,Job Fraud,103218,15:19,12-24 Hours,Jagatpura,"ICICI ATM, Mahal Road, Jagatpura"
INC-13643,Ajmer,UPI Scam,29446,14:33,1-2 Hours,Vaishali Nagar,"Bank of Baroda ATM, Queens Road, Vaishali Nagar"
INC-13644,Jaipur,Sextortion,111592,22:37,12-24 Hours,Sitapura Industrial,"Union Bank ATM, India Gate, Sitapura Industrial"
INC-13645,Bikaner,Loan App Fraud,15872,17:23,1-2 Hours,Bani Park,"Axis Bank ATM, Collectorate Circle, Bani Park"
INC-13646,Bhilwara,Job Fraud,73366,16:59,12-24 Hours,C-Scheme,"ICICI ATM, Subhash Marg, C-Scheme"
INC-13647,Jaipur,UPI Scam,15706,20:41,1-2 Hours,Mansarovar,"Bank of Baroda ATM, Patrakar Colony, Mansarovar"
INC-13648,Udaipur,KYC Fraud,29958,14:15,1-2 Hours,Bani Park,"Bank of Baroda ATM, Collectorate Circle, Bani Park"
INC-13649,Jaipur,Sextortion,64025,01:47,12-24 Hours,Sitapura Industrial,"PNB ATM, EPI Zone, Sitapura Industrial"
INC-13650,Udaipur,KYC Fraud,38495,13:56,12-24 Hours,Bani Park,"PNB ATM, Collectorate Circle, Bani Park"
INC-13651,Sikar,KYC Fraud,6873,14:15,1-2 Hours,Jhotwara,"PNB ATM, Kalwar Road, Jhotwara"
INC-13652,Pali,UPI Scam,45700,13:44,12-24 Hours,Malviya Nagar,"Bank of Baroda ATM, Sector 3 Market, Malviya Nagar"
INC-13653,Bikaner,Loan App Fraud,27458,13:28,1-2 Hours,Bani Park,"ICICI ATM, Sindhi Camp Bus Stand Road, Bani Park"
INC-13654,Jodhpur,KYC Fraud,25843,18:36,1-2 Hours,Bani Park,"PNB ATM, Kabir Marg, Bani Park"
INC-13655,Bhilwara,KYC Fraud,54707,10:51,12-24 Hours,Jhotwara,"PNB ATM, Lata Circle, Jhotwara"
INC-13656,Bikaner,Sextortion,53963,20:38,12-24 Hours,Sitapura Industrial,"Bank of Baroda ATM, EPI Zone, Sitapura Industrial"
INC-13657,Tonk,Job Fraud,53333,14:27,12-24 Hours,C-Scheme,"HDFC ATM, Subhash Marg, C-Scheme"
INC-13658,Jaipur,Credit Card Cloning,85822,20:57,12-24 Hours,C-Scheme,"Axis Bank ATM, Ashok Marg, C-Scheme"
INC-13659,Jaipur,UPI Scam,19111,13:07,1-2 Hours,Mansarovar,"Kotak Mahindra ATM, Patrakar Colony, Mansarovar"
INC-13660,Kota,Loan App Fraud,89097,14:18,12-24 Hours,Vidyadhar Nagar,"Axis Bank ATM, Central Spine, Vidyadhar Nagar"
INC-13661,Bikaner,Loan App Fraud,49466,12:21,12-24 Hours,Malviya Nagar,"SBI ATM, Gaurav Tower (GT) Road, Malviya Nagar"
INC-13662,Jaipur,KYC Fraud,31455,17:59,12-24 Hours,Malviya Nagar,"Bank of Baroda ATM, Apex Circle, Malviya Nagar"
INC-13663,Jodhpur,UPI Scam,8350,21:50,1-2 Hours,Bani Park,"Axis Bank ATM, Kabir Marg, Bani Park"
INC-13664,Tonk,Credit Card Cloning,155346,16:19,12-24 Hours,Pratap Nagar,"Bank of Baroda ATM, Haldi Ghati Marg, Pratap Nagar"
INC-13665,Tonk,Investment Scam,70660,13:30,12-24 Hours,C-Scheme,"Axis Bank ATM, Ahinsa Circle, C-Scheme"
INC-13666,Jaipur,Loan App Fraud,48410,15:14,12-24 Hours,Malviya Nagar,"Union Bank ATM, Sector 3 Market, Malviya Nagar"
INC-13667,Jaipur,Job Fraud,140667,15:02,12-24 Hours,Jagatpura,"HDFC ATM, Ramnagariya, Jagatpura"
INC-13668,Ajmer,Loan App Fraud,68828,19:02,12-24 Hours,Vidyadhar Nagar,"SBI ATM, Central Spine, Vidyadhar Nagar"
INC-13669,Jodhpur,Investment Scam,149714,14:02,12-24 Hours,C-Scheme,"Axis Bank ATM, Statue Circle, C-Scheme"
INC-13670,Jaipur,OLX Scam,3536,16:27,1-2 Hours,Vaishali Nagar,"Axis Bank ATM, Hanuman Nagar, Vaishali Nagar"
INC-13671,Jaipur,Job Fraud,40533,09:10,12-24 Hours,Jagatpura,"Union Bank ATM, 7 Number Stand, Jagatpura"
INC-13672,Tonk,Loan App Fraud,10944,15:48,1-2 Hours,Vidyadhar Nagar,"Union Bank ATM, Central Spine, Vidyadhar Nagar"
INC-13673,Kota,Investment Scam,130846,11:34,12-24 Hours,C-Scheme,"ICICI ATM, Ahinsa Circle, C-Scheme"
INC-13674,Jaipur,Sextortion,23332,22:17,1-2 Hours,Sitapura Industrial,"PNB ATM, Tonk Road Junction, Sitapura Industrial"
INC-13675,Jaipur,Investment Scam,112708,16:48,12-24 Hours,C-Scheme,"Axis Bank ATM, Statue Circle, C-Scheme"
INC-13676,Udaipur,Investment Scam,127043,12:30,12-24 Hours,C-Scheme,"HDFC ATM, MI Road Junction, C-Scheme"
INC-13677,Jodhpur,Investment Scam,107370,13:59,12-24 Hours,C-Scheme,"HDFC ATM, Ashok Marg, C-Scheme"
INC-13678,Tonk,KYC Fraud,34510,21:51,12-24 Hours,Jhotwara,"Axis Bank ATM, Kalwar Road, Jhotwara"
INC-13679,Jaipur,Investment Scam,126593,14:50,12-24 Hours,C-Scheme,"ICICI ATM, Subhash Marg, C-Scheme"
INC-13680,Bikaner,Investment Scam,212155,17:26,12-24 Hours,Bani Park,"Kotak Mahindra ATM, Peetal Factory, Bani Park"
INC-13681,Alwar,Investment Scam,62291,16:50,12-24 Hours,C-Scheme,"ICICI ATM, MI Road Junction, C-Scheme"
INC-13682,Bikaner,OLX Scam,22617,15:08,1-2 Hours,Bani Park,"Kotak Mahindra ATM, Peetal Factory, Bani Park"
INC-13683,Jaipur,UPI Scam,19760,12:43,1-2 Hours,Mansarovar,"SBI ATM, Kissan Dharam Kanta, Mansarovar"
INC-13684,Sikar,OLX Scam,12117,19:32,1-2 Hours,Vaishali Nagar,"Bank of Baroda ATM, Nursery Circle, Vaishali Nagar"
INC-13685,Jaipur,Loan App Fraud,57900,13:42,12-24 Hours,Malviya Nagar,"Bank of Baroda ATM, JLN Marg, Malviya Nagar"
INC-13686,Jodhpur,Investment Scam,234955,18:03,12-24 Hours,Bani Park,"Kotak Mahindra ATM, Collectorate Circle, Bani Park"
INC-13687,Bhilwara,KYC Fraud,51768,11:40,12-24 Hours,Bani Park,"Kotak Mahindra ATM, Kabir Marg, Bani Park"
INC-13688,Jaipur,Job Fraud,43484,12:06,12-24 Hours,Jagatpura,"Bank of Baroda ATM, Ramnagariya, Jagatpura"
INC-13689,Jaipur,KYC Fraud,14571,12:05,1-2 Hours,Vaishali Nagar,"PNB ATM, Gandhi Path, Vaishali Nagar"
INC-13690,Tonk,Sextortion,51560,23:20,12-24 Hours,Sitapura Industrial,"SBI ATM, India Gate, Sitapura Industrial"
INC-13691,Jaipur,Job Fraud,84395,13:23,12-24 Hours,Jagatpura,"Bank of Baroda ATM, Ramnagariya, Jagatpura"
INC-13692,Alwar,OLX Scam,9897,18:58,1-2 Hours,Vaishali Nagar,"PNB ATM, Gandhi Path, Vaishali Nagar"
INC-13693,Jaipur,UPI Scam,23525,18:54,1-2 Hours,Mansarovar,"Axis Bank ATM, VT Road Chauraha, Mansarovar"
INC-13694,Udaipur,Job Fraud,105978,15:25,12-24 Hours,Sitapura Industrial,"HDFC ATM, RIICO Phase 1, Sitapura Industrial"
INC-13695,Jaipur,Loan App Fraud,59224,15:23,12-24 Hours,Mansarovar,"SBI ATM, Madhyam Marg, Mansarovar"
INC-13696,Jaipur,Job Fraud,78743,12:53,12-24 Hours,Jagatpura,"PNB ATM, 7 Number Stand, Jagatpura"
INC-13697,Kota,KYC Fraud,33859,13:39,12-24 Hours,Vaishali Nagar,"Bank of Baroda ATM, Hanuman Nagar, Vaishali Nagar"
INC-13698,Jodhpur,Loan App Fraud,59365,12:19,12-24 Hours,Vidyadhar Nagar,"Axis Bank ATM, Central Spine, Vidyadhar Nagar"
INC-13699,Tonk,UPI Scam,20380,16:27,1-2 Hours,Mansarovar,"Axis Bank ATM, Madhyam Marg, Mansarovar"
INC-13700,Jaipur,Job Fraud,37330,16:21,12-24 Hours,Jagatpura,"Union Bank ATM, SKIT College Road, Jagatpura"
INC-13701,Bikaner,OLX Scam,13239,12:18,1-2 Hours,Vaishali Nagar,"ICICI ATM, Amrapali Circle, Vaishali Nagar"
INC-13702,Jaipur,Job Fraud,68228,11:25,12-24 Hours,C-Scheme,"Kotak Mahindra ATM, Ashok Marg, C-Scheme"
INC-13703,Bhilwara,UPI Scam,10707,10:48,1-2 Hours,Mansarovar,"SBI ATM, Kissan Dharam Kanta, Mansarovar"
INC-13704,Jaipur,Sextortion,42169,21:25,12-24 Hours,Sitapura Industrial,"SBI ATM, India Gate, Sitapura Industrial"
INC-13705,Alwar,Sextortion,19430,23:31,1-2 Hours,C-Scheme,"Kotak Mahindra ATM, MI Road Junction, C-Scheme"
INC-13706,Jaipur,Job Fraud,54258,18:05,12-24 Hours,Jagatpura,"HDFC ATM, 7 Number Stand, Jagatpura"
INC-13707,Bhilwara,Sextortion,76338,22:51,12-24 Hours,Sitapura Industrial,"Axis Bank ATM, Mahatma Gandhi Hospital Road, Sitapura Industrial"
INC-13708,Jaipur,Credit Card Cloning,68703,16:55,12-24 Hours,Pratap Nagar,"Bank of Baroda ATM, Haldi Ghati Marg, Pratap Nagar"
INC-13709,Bhilwara,KYC Fraud,48905,19:02,12-24 Hours,Bani Park,"HDFC ATM, Sindhi Camp Bus Stand Road, Bani Park"
INC-13710,Jaipur,UPI Scam,28966,13:07,1-2 Hours,Mansarovar,"Bank of Baroda ATM, Rajat Path, Mansarovar"
INC-13711,Ajmer,UPI Scam,5123,10:19,1-2 Hours,Mansarovar,"Bank of Baroda ATM, Rajat Path, Mansarovar"
INC-13712,Ajmer,UPI Scam,14387,09:15,1-2 Hours,Mansarovar,"Bank of Baroda ATM, Rajat Path, Mansarovar"
INC-13713,Jaipur,KYC Fraud,44616,08:29,12-24 Hours,Malviya Nagar,"PNB ATM, Calgiri Road, Malviya Nagar"
INC-13714,Sikar,UPI Scam,24156,14:28,1-2 Hours,Mansarovar,"PNB ATM, VT Road Chauraha, Mansarovar"
INC-13715,Pali,UPI Scam,27220,10:03,1-2 Hours,Mansarovar,"PNB ATM, Kissan Dharam Kanta, Mansarovar"
INC-13716,Jaipur,UPI Scam,29981,18:58,1-2 Hours,Mansarovar,"Axis Bank ATM, VT Road Chauraha, Mansarovar"
INC-13717,Pali,Investment Scam,186600,10:33,12-24 Hours,C-Scheme,"Bank of Baroda ATM, Subhash Marg, C-Scheme"
INC-13718,Jaipur,KYC Fraud,25717,09:15,1-2 Hours,Malviya Nagar,"Axis Bank ATM, Sector 3 Market, Malviya Nagar"
INC-13719,Jaipur,Credit Card Cloning,263666,19:49,12-24 Hours,Pratap Nagar,"Kotak Mahindra ATM, Tonk Road, Pratap Nagar"
INC-13720,Ajmer,OLX Scam,18471,14:01,1-2 Hours,Vaishali Nagar,"PNB ATM, Nursery Circle, Vaishali Nagar"
INC-13721,Udaipur,Credit Card Cloning,72703,16:52,12-24 Hours,Pratap Nagar,"PNB ATM, Sector 11, Pratap Nagar"
INC-13722,Jaipur,Investment Scam,152946,17:00,12-24 Hours,Bani Park,"Kotak Mahindra ATM, Kabir Marg, Bani Park"
INC-13723,Ajmer,KYC Fraud,53676,14:28,12-24 Hours,Bani Park,"ICICI ATM, Sindhi Camp Bus Stand Road, Bani Park"
INC-13724,Jaipur,Credit Card Cloning,58184,01:07,12-24 Hours,Pratap Nagar,"Kotak Mahindra ATM, Haldi Ghati Marg, Pratap Nagar"
INC-13725,Ajmer,Sextortion,101554,01:53,12-24 Hours,Sitapura Industrial,"Axis Bank ATM, Tonk Road Junction, Sitapura Industrial"
INC-13726,Jaipur,Credit Card Cloning,130985,10:55,12-24 Hours,C-Scheme,"SBI ATM, Ahinsa Circle, C-Scheme"
INC-13727,Jaipur,UPI Scam,29306,15:52,1-2 Hours,Mansarovar,"Union Bank ATM, Kissan Dharam Kanta, Mansarovar"
INC-13728,Udaipur,Sextortion,18430,22:08,1-2 Hours,Sitapura Industrial,"Kotak Mahindra ATM, Mahatma Gandhi Hospital Road, Sitapura Industrial"
INC-13729,Bhilwara,UPI Scam,23547,13:27,1-2 Hours,Mansarovar,"Kotak Mahindra ATM, Patrakar Colony, Mansarovar"
INC-13730,Jaipur,Sextortion,32185,22:52,12-24 Hours,Sitapura Industrial,"HDFC ATM, Mahatma Gandhi Hospital Road, Sitapura Industrial"
INC-13731,Jaipur,UPI Scam,39759,19:54,12-24 Hours,Mansarovar,"Kotak Mahindra ATM, VT Road Chauraha, Mansarovar"
INC-13732,Pali,Investment Scam,242216,14:02,12-24 Hours,Bani Park,"ICICI ATM, Kabir Marg, Bani Park"
INC-13733,Jaipur,KYC Fraud,24747,16:12,1-2 Hours,Malviya Nagar,"Kotak Mahindra ATM, JLN Marg, Malviya Nagar"
INC-13734,Jodhpur,UPI Scam,8577,10:31,1-2 Hours,Mansarovar,"Union Bank ATM, Patrakar Colony, Mansarovar"
INC-13735,Udaipur,OLX Scam,26537,15:19,1-2 Hours,Vaishali Nagar,"Bank of Baroda ATM, Hanuman Nagar, Vaishali Nagar"
INC-13736,Jaipur,OLX Scam,11481,15:49,1-2 Hours,Vaishali Nagar,"Bank of Baroda ATM, Gandhi Path, Vaishali Nagar"
INC-13737,Jaipur,UPI Scam,10673,16:24,1-2 Hours,Mansarovar,"HDFC ATM, VT Road Chauraha, Mansarovar"
INC-13738,Bikaner,UPI Scam,7319,13:43,1-2 Hours,Mansarovar,"Bank of Baroda ATM, VT Road Chauraha, Mansarovar"
INC-13739,Jaipur,Job Fraud,46552,13:08,12-24 Hours,Jagatpura,"Kotak Mahindra ATM, 7 Number Stand, Jagatpura"
INC-13740,Udaipur,Investment Scam,195403,12:44,12-24 Hours,C-Scheme,"ICICI ATM, Subhash Marg, C-Scheme"
INC-13741,Jaipur,UPI Scam,28583,17:11,1-2 Hours,Vaishali Nagar,"HDFC ATM, Amrapali Circle, Vaishali Nagar"
INC-13742,Ajmer,KYC Fraud,52219,15:36,12-24 Hours,Jhotwara,"Union Bank ATM, Panchawala, Jhotwara"
INC-13743,Tonk,Investment Scam,82036,11:57,12-24 Hours,C-Scheme,"Kotak Mahindra ATM, Ashok Marg, C-Scheme"
INC-13744,Pali,Investment Scam,152386,12:20,12-24 Hours,C-Scheme,"Bank of Baroda ATM, Ahinsa Circle, C-Scheme"
INC-13745,Jaipur,Sextortion,73103,01:13,12-24 Hours,Sitapura Industrial,"Union Bank ATM, EPI Zone, Sitapura Industrial"
INC-13746,Jaipur,UPI Scam,13896,12:44,1-2 Hours,Mansarovar,"HDFC ATM, Madhyam Marg, Mansarovar"
INC-13747,Jaipur,KYC Fraud,52464,11:46,12-24 Hours,Bani Park,"PNB ATM, Collectorate Circle, Bani Park"
INC-13748,Kota,KYC Fraud,40232,13:12,12-24 Hours,Bani Park,"ICICI ATM, Kabir Marg, Bani Park"
INC-13749,Jaipur,UPI Scam,22424,18:01,1-2 Hours,Mansarovar,"Bank of Baroda ATM, Patrakar Colony, Mansarovar"
INC-13750,Jodhpur,Investment Scam,99870,17:50,12-24 Hours,C-Scheme,"HDFC ATM, Ahinsa Circle, C-Scheme"
INC-13751,Sikar,UPI Scam,9028,14:17,1-2 Hours,Mansarovar,"Axis Bank ATM, Patrakar Colony, Mansarovar"
INC-13752,Bhilwara,UPI Scam,44480,08:57,12-24 Hours,Mansarovar,"Kotak Mahindra ATM, Kaveri Path, Mansarovar"
INC-13753,Pali,Credit Card Cloning,66127,20:13,12-24 Hours,Bani Park,"Union Bank ATM, Kabir Marg, Bani Park"
INC-13754,Ajmer,Investment Scam,224781,10:19,12-24 Hours,C-Scheme,"SBI ATM, Statue Circle, C-Scheme"
INC-13755,Udaipur,KYC Fraud,36487,18:11,12-24 Hours,Bani Park,"ICICI ATM, Peetal Factory, Bani Park"
INC-13756,Jaipur,Loan App Fraud,72406,13:21,12-24 Hours,Vaishali Nagar,"HDFC ATM, Gandhi Path, Vaishali Nagar"
INC-13757,Sikar,Investment Scam,162154,14:31,12-24 Hours,C-Scheme,"PNB ATM, Ahinsa Circle, C-Scheme"
INC-13758,Bikaner,UPI Scam,18904,15:59,1-2 Hours,Mansarovar,"SBI ATM, Kaveri Path, Mansarovar"
INC-13759,Jaipur,Loan App Fraud,33699,10:33,12-24 Hours,Malviya Nagar,"Axis Bank ATM, Sector 3 Market, Malviya Nagar"
INC-13760,Bhilwara,UPI Scam,18781,22:04,1-2 Hours,Mansarovar,"Bank of Baroda ATM, VT Road Chauraha, Mansarovar"
INC-13761,Jaipur,Investment Scam,68902,11:21,12-24 Hours,C-Scheme,"HDFC ATM, Subhash Marg, C-Scheme"
INC-13762,Jodhpur,KYC Fraud,7697,15:46,1-2 Hours,Jhotwara,"HDFC ATM, Lata Circle, Jhotwara"
INC-13763,Tonk,KYC Fraud,11749,12:33,1-2 Hours,Malviya Nagar,"SBI ATM, Calgiri Road, Malviya Nagar"
INC-13764,Jaipur,Loan App Fraud,59196,11:28,12-24 Hours,Vidyadhar Nagar,"Bank of Baroda ATM, Central Spine, Vidyadhar Nagar"
INC-13765,Alwar,UPI Scam,16334,14:47,1-2 Hours,Mansarovar,"Bank of Baroda ATM, VT Road Chauraha, Mansarovar"
INC-13766,Bikaner,Job Fraud,39081,15:10,12-24 Hours,Jagatpura,"HDFC ATM, SKIT College Road, Jagatpura"
INC-13767,Ajmer,Loan App Fraud,22038,11:23,1-2 Hours,Sitapura Industrial,"Axis Bank ATM, Mahatma Gandhi Hospital Road, Sitapura Industrial"
INC-13768,Sikar,KYC Fraud,32647,11:09,12-24 Hours,Jhotwara,"Kotak Mahindra ATM, Kanta Chauraha, Jhotwara"
INC-13769,Jaipur,UPI Scam,9519,16:03,1-2 Hours,Mansarovar,"SBI ATM, VT Road Chauraha, Mansarovar"
INC-13770,Alwar,Sextortion,39852,22:23,12-24 Hours,Pratap Nagar,"Kotak Mahindra ATM, Sector 16 Market, Pratap Nagar"
INC-13771,Alwar,Job Fraud,101817,11:42,12-24 Hours,C-Scheme,"HDFC ATM, Statue Circle, C-Scheme"
INC-13772,Jodhpur,Loan App Fraud,25123,15:07,1-2 Hours,Malviya Nagar,"PNB ATM, Sector 3 Market, Malviya Nagar"
INC-13773,Tonk,Loan App Fraud,17928,12:12,1-2 Hours,Vidyadhar Nagar,"HDFC ATM, Central Spine, Vidyadhar Nagar"
INC-13774,Jaipur,KYC Fraud,12359,10:18,1-2 Hours,Malviya Nagar,"ICICI ATM, Calgiri Road, Malviya Nagar"
INC-13775,Jaipur,OLX Scam,20569,08:11,1-2 Hours,Vaishali Nagar,"PNB ATM, Nursery Circle, Vaishali Nagar"
INC-13776,Tonk,Sextortion,22207,22:59,1-2 Hours,Vaishali Nagar,"Bank of Baroda ATM, Gandhi Path, Vaishali Nagar"
INC-13777,Bikaner,Investment Scam,104189,11:24,12-24 Hours,C-Scheme,"Union Bank ATM, Subhash Marg, C-Scheme"
INC-13778,Jaipur,Investment Scam,161442,15:45,12-24 Hours,C-Scheme,"Union Bank ATM, Subhash Marg, C-Scheme"
INC-13779,Jodhpur,Sextortion,18704,23:04,1-2 Hours,Jhotwara,"Union Bank ATM, Panchawala, Jhotwara"
INC-13780,Jaipur,Credit Card Cloning,60881,18:54,12-24 Hours,Sitapura Industrial,"SBI ATM, EPI Zone, Sitapura Industrial"
INC-13781,Jaipur,Credit Card Cloning,186336,19:51,12-24 Hours,Pratap Nagar,"PNB ATM, Sector 16 Market, Pratap Nagar"
INC-13782,Tonk,KYC Fraud,14166,13:31,1-2 Hours,Bani Park,"Axis Bank ATM, Sindhi Camp Bus Stand Road, Bani Park"
INC-13783,Tonk,KYC Fraud,41733,16:14,12-24 Hours,Bani Park,"Bank of Baroda ATM, Sindhi Camp Bus Stand Road, Bani Park"
INC-13784,Ajmer,UPI Scam,23056,17:12,1-2 Hours,Mansarovar,"Kotak Mahindra ATM, Rajat Path, Mansarovar"
INC-13785,Tonk,Job Fraud,116600,13:17,12-24 Hours,Bani Park,"Union Bank ATM, Collectorate Circle, Bani Park"
INC-13786,Jaipur,Loan App Fraud,26546,18:15,1-2 Hours,Malviya Nagar,"Bank of Baroda ATM, Sector 3 Market, Malviya Nagar"
INC-13787,Jaipur,UPI Scam,18227,15:15,1-2 Hours,Mansarovar,"Axis Bank ATM, Patrakar Colony, Mansarovar"
INC-13788,Jaipur,Sextortion,19378,20:30,1-2 Hours,Sitapura Industrial,"SBI ATM, Tonk Road Junction, Sitapura Industrial"
INC-13789,Jodhpur,Investment Scam,149666,15:50,12-24 Hours,C-Scheme,"Kotak Mahindra ATM, Statue Circle, C-Scheme"
INC-13790,Jaipur,KYC Fraud,24352,20:58,1-2 Hours,Vaishali Nagar,"SBI ATM, Queens Road, Vaishali Nagar"
INC-13791,Ajmer,UPI Scam,34198,12:57,12-24 Hours,Mansarovar,"ICICI ATM, VT Road Chauraha, Mansarovar"
INC-13792,Jodhpur,KYC Fraud,10868,17:22,1-2 Hours,Bani Park,"Bank of Baroda ATM, Collectorate Circle, Bani Park"
INC-13793,Jaipur,Job Fraud,42821,14:38,12-24 Hours,C-Scheme,"HDFC ATM, Ahinsa Circle, C-Scheme"
INC-13794,Jodhpur,OLX Scam,5573,12:48,1-2 Hours,Bani Park,"Axis Bank ATM, Peetal Factory, Bani Park"
INC-13795,Jodhpur,Job Fraud,157748,12:56,12-24 Hours,C-Scheme,"Axis Bank ATM, Subhash Marg, C-Scheme"
INC-13796,Pali,UPI Scam,11831,11:45,1-2 Hours,Mansarovar,"Union Bank ATM, Madhyam Marg, Mansarovar"
INC-13797,Jaipur,Loan App Fraud,48244,12:04,12-24 Hours,Malviya Nagar,"HDFC ATM, JLN Marg, Malviya Nagar"
INC-13798,Bhilwara,Loan App Fraud,60851,16:47,12-24 Hours,Vidyadhar Nagar,"PNB ATM, Alka Cinema Road, Vidyadhar Nagar"
INC-13799,Sikar,Investment Scam,221369,17:37,12-24 Hours,C-Scheme,"Union Bank ATM, Ashok Marg, C-Scheme"
INC-13800,Jodhpur,Investment Scam,140945,15:06,12-24 Hours,C-Scheme,"Axis Bank ATM, Statue Circle, C-Scheme"
INC-13801,Pali,Loan App Fraud,35713,12:56,12-24 Hours,Jhotwara,"Bank of Baroda ATM, Lata Circle, Jhotwara"
INC-13802,Jaipur,Investment Scam,47368,15:45,12-24 Hours,C-Scheme,"SBI ATM, Statue Circle, C-Scheme"
INC-13803,Jodhpur,Job Fraud,60048,10:09,12-24 Hours,C-Scheme,"HDFC ATM, MI Road Junction, C-Scheme"
INC-13804,Jaipur,Credit Card Cloning,28552,00:27,1-2 Hours,Pratap Nagar,"Kotak Mahindra ATM, Haldi Ghati Marg, Pratap Nagar"
INC-13805,Alwar,Sextortion,51784,01:38,12-24 Hours,Sitapura Industrial,"PNB ATM, Mahatma Gandhi Hospital Road, Sitapura Industrial"
INC-13806,Ajmer,Investment Scam,214230,11:16,12-24 Hours,Malviya Nagar,"PNB ATM, JLN Marg, Malviya Nagar"
INC-13807,Jaipur,OLX Scam,9652,10:18,1-2 Hours,Vaishali Nagar,"SBI ATM, Amrapali Circle, Vaishali Nagar"
INC-13808,Bhilwara,UPI Scam,3635,12:47,1-2 Hours,Mansarovar,"Bank of Baroda ATM, Patrakar Colony, Mansarovar"
INC-13809,Udaipur,OLX Scam,4038,14:38,1-2 Hours,Bani Park,"ICICI ATM, Sindhi Camp Bus Stand Road, Bani Park"
INC-13810,Tonk,KYC Fraud,52811,16:45,12-24 Hours,Jhotwara,"Kotak Mahindra ATM, Kalwar Road, Jhotwara"
INC-13811,Ajmer,Investment Scam,225957,13:27,12-24 Hours,C-Scheme,"Union Bank ATM, Subhash Marg, C-Scheme"
INC-13812,Udaipur,KYC Fraud,22243,10:50,1-2 Hours,Bani Park,"HDFC ATM, Sindhi Camp Bus Stand Road, Bani Park"
INC-13813,Jaipur,Job Fraud,79296,13:17,12-24 Hours,Jagatpura,"ICICI ATM, Mahal Road, Jagatpura"
INC-13814,Udaipur,OLX Scam,8992,10:51,1-2 Hours,Vaishali Nagar,"Kotak Mahindra ATM, Hanuman Nagar, Vaishali Nagar"
INC-13815,Bikaner,Credit Card Cloning,179209,15:37,12-24 Hours,Pratap Nagar,"SBI ATM, Sector 16 Market, Pratap Nagar"
INC-13816,Alwar,Investment Scam,182897,10:51,12-24 Hours,C-Scheme,"Bank of Baroda ATM, Subhash Marg, C-Scheme"
INC-13817,Jaipur,KYC Fraud,14564,14:42,1-2 Hours,Malviya Nagar,"Bank of Baroda ATM, Calgiri Road, Malviya Nagar"
INC-13818,Jodhpur,UPI Scam,15935,12:11,1-2 Hours,Mansarovar,"Axis Bank ATM, Kaveri Path, Mansarovar"
INC-13819,Jodhpur,Credit Card Cloning,81843,03:00,12-24 Hours,Pratap Nagar,"Kotak Mahindra ATM, Sector 16 Market, Pratap Nagar"
INC-13820,Jaipur,UPI Scam,19781,15:03,1-2 Hours,Mansarovar,"PNB ATM, VT Road Chauraha, Mansarovar"
INC-13821,Sikar,KYC Fraud,38959,13:18,12-24 Hours,Jhotwara,"Bank of Baroda ATM, Kanta Chauraha, Jhotwara"
INC-13822,Pali,Investment Scam,133533,17:29,12-24 Hours,C-Scheme,"Kotak Mahindra ATM, Subhash Marg, C-Scheme"
INC-13823,Sikar,Sextortion,59149,04:48,12-24 Hours,Sitapura Industrial,"ICICI ATM, RIICO Phase 1, Sitapura Industrial"
INC-13824,Pali,Investment Scam,134346,11:19,12-24 Hours,C-Scheme,"SBI ATM, MI Road Junction, C-Scheme"
INC-13825,Udaipur,Loan App Fraud,89661,17:42,12-24 Hours,Vidyadhar Nagar,"Union Bank ATM, National Highway 52 Bypass, Vidyadhar Nagar"
INC-13826,Udaipur,Credit Card Cloning,213503,21:27,12-24 Hours,Sitapura Industrial,"PNB ATM, Mahatma Gandhi Hospital Road, Sitapura Industrial"
INC-13827,Jodhpur,UPI Scam,17939,20:52,1-2 Hours,Mansarovar,"PNB ATM, Patrakar Colony, Mansarovar"
INC-13828,Tonk,Sextortion,77235,00:32,12-24 Hours,Sitapura Industrial,"SBI ATM, RIICO Phase 1, Sitapura Industrial"
INC-13829,Udaipur,Investment Scam,100412,11:14,12-24 Hours,C-Scheme,"PNB ATM, Ashok Marg, C-Scheme"
INC-13830,Kota,UPI Scam,12053,12:57,1-2 Hours,Mansarovar,"Union Bank ATM, Rajat Path, Mansarovar"
INC-13831,Jaipur,Investment Scam,172868,15:06,12-24 Hours,C-Scheme,"Axis Bank ATM, MI Road Junction, C-Scheme"
INC-13832,Bikaner,Sextortion,66033,01:53,12-24 Hours,Sitapura Industrial,"PNB ATM, Tonk Road Junction, Sitapura Industrial"
INC-13833,Ajmer,OLX Scam,3087,18:05,1-2 Hours,Vaishali Nagar,"Axis Bank ATM, Amrapali Circle, Vaishali Nagar"
INC-13834,Udaipur,Investment Scam,109864,11:52,12-24 Hours,C-Scheme,"Bank of Baroda ATM, Subhash Marg, C-Scheme"
INC-13835,Jodhpur,Sextortion,26261,23:01,1-2 Hours,Sitapura Industrial,"Union Bank ATM, RIICO Phase 1, Sitapura Industrial"
INC-13836,Jaipur,OLX Scam,22121,12:18,1-2 Hours,Vaishali Nagar,"Kotak Mahindra ATM, Nursery Circle, Vaishali Nagar"
INC-13837,Jaipur,Investment Scam,259529,14:13,12-24 Hours,C-Scheme,"HDFC ATM, Statue Circle, C-Scheme"
INC-13838,Jaipur,Investment Scam,104967,14:01,12-24 Hours,C-Scheme,"SBI ATM, Statue Circle, C-Scheme"
INC-13839,Jodhpur,Sextortion,35600,23:55,12-24 Hours,Sitapura Industrial,"SBI ATM, EPI Zone, Sitapura Industrial"
INC-13840,Jaipur,UPI Scam,28552,12:15,1-2 Hours,Mansarovar,"Union Bank ATM, Rajat Path, Mansarovar"
INC-13841,Kota,KYC Fraud,14867,12:53,1-2 Hours,Malviya Nagar,"HDFC ATM, Gaurav Tower (GT) Road, Malviya Nagar"
INC-13842,Jodhpur,Loan App Fraud,24333,16:26,1-2 Hours,Bani Park,"PNB ATM, Sindhi Camp Bus Stand Road, Bani Park"
INC-13843,Bikaner,UPI Scam,13045,17:09,1-2 Hours,Mansarovar,"Bank of Baroda ATM, Kaveri Path, Mansarovar"
INC-13844,Jodhpur,UPI Scam,26961,13:11,1-2 Hours,Mansarovar,"PNB ATM, Madhyam Marg, Mansarovar"
INC-13845,Bikaner,UPI Scam,15442,13:13,1-2 Hours,Mansarovar,"SBI ATM, Rajat Path, Mansarovar"
INC-13846,Tonk,Investment Scam,163181,16:59,12-24 Hours,C-Scheme,"Bank of Baroda ATM, Ahinsa Circle, C-Scheme"
INC-13847,Bikaner,KYC Fraud,54032,16:23,12-24 Hours,Bani Park,"Union Bank ATM, Sindhi Camp Bus Stand Road, Bani Park"
INC-13848,Jaipur,Investment Scam,110837,11:31,12-24 Hours,C-Scheme,"Union Bank ATM, Subhash Marg, C-Scheme"
INC-13849,Udaipur,OLX Scam,29060,14:27,1-2 Hours,Vaishali Nagar,"SBI ATM, Queens Road, Vaishali Nagar"
INC-13850,Jaipur,UPI Scam,18534,13:19,1-2 Hours,Mansarovar,"ICICI ATM, Kissan Dharam Kanta, Mansarovar"
INC-13851,Ajmer,UPI Scam,31970,13:37,12-24 Hours,Mansarovar,"Union Bank ATM, Kissan Dharam Kanta, Mansarovar"
INC-13852,Jaipur,Loan App Fraud,95473,14:37,12-24 Hours,Vidyadhar Nagar,"Kotak Mahindra ATM, Central Spine, Vidyadhar Nagar"
INC-13853,Jaipur,UPI Scam,41374,12:46,12-24 Hours,Mansarovar,"PNB ATM, Patrakar Colony, Mansarovar"
INC-13854,Jaipur,KYC Fraud,10498,13:53,1-2 Hours,Malviya Nagar,"Axis Bank ATM, Calgiri Road, Malviya Nagar"
INC-13855,Alwar,OLX Scam,3462,14:18,1-2 Hours,Vaishali Nagar,"HDFC ATM, Nursery Circle, Vaishali Nagar"
INC-13856,Jaipur,Credit Card Cloning,174541,16:43,12-24 Hours,Pratap Nagar,"PNB ATM, Kumbha Marg, Pratap Nagar"
INC-13857,Alwar,Sextortion,59680,04:43,12-24 Hours,Vidyadhar Nagar,"Bank of Baroda ATM, Sector 2, Vidyadhar Nagar"
INC-13858,Pali,KYC Fraud,46338,14:59,12-24 Hours,Bani Park,"PNB ATM, Kabir Marg, Bani Park"
INC-13859,Bikaner,Job Fraud,111410,12:28,12-24 Hours,Bani Park,"HDFC ATM, Sindhi Camp Bus Stand Road, Bani Park"
INC-13860,Sikar,Investment Scam,140149,16:46,12-24 Hours,C-Scheme,"ICICI ATM, Subhash Marg, C-Scheme"
INC-13861,Jaipur,OLX Scam,25897,19:55,1-2 Hours,Malviya Nagar,"Axis Bank ATM, JLN Marg, Malviya Nagar"
INC-13862,Alwar,UPI Scam,16834,14:17,1-2 Hours,Mansarovar,"SBI ATM, Rajat Path, Mansarovar"
INC-13863,Tonk,OLX Scam,29896,13:32,1-2 Hours,Vaishali Nagar,"Kotak Mahindra ATM, Gandhi Path, Vaishali Nagar"
INC-13864,Jaipur,UPI Scam,3959,08:45,1-2 Hours,Mansarovar,"ICICI ATM, Kaveri Path, Mansarovar"
INC-13865,Alwar,UPI Scam,33835,12:45,12-24 Hours,Mansarovar,"ICICI ATM, Kaveri Path, Mansarovar"
INC-13866,Tonk,Sextortion,115414,23:13,12-24 Hours,Sitapura Industrial,"Axis Bank ATM, Mahatma Gandhi Hospital Road, Sitapura Industrial"
INC-13867,Jaipur,OLX Scam,29115,12:45,1-2 Hours,Vaishali Nagar,"Axis Bank ATM, Gandhi Path, Vaishali Nagar"
INC-13868,Jodhpur,Loan App Fraud,42850,16:02,12-24 Hours,Bani Park,"Bank of Baroda ATM, Collectorate Circle, Bani Park"
INC-13869,Jaipur,KYC Fraud,27976,16:33,1-2 Hours,Mansarovar,"PNB ATM, Rajat Path, Mansarovar"
INC-13870,Jodhpur,Loan App Fraud,47291,14:04,12-24 Hours,Bani Park,"Axis Bank ATM, Peetal Factory, Bani Park"
INC-13871,Jodhpur,KYC Fraud,16871,20:35,1-2 Hours,Vidyadhar Nagar,"Axis Bank ATM, Central Spine, Vidyadhar Nagar"
INC-13872,Udaipur,UPI Scam,35952,21:28,12-24 Hours,Mansarovar,"Axis Bank ATM, Kissan Dharam Kanta, Mansarovar"
INC-13873,Bhilwara,Loan App Fraud,13591,12:47,1-2 Hours,Vidyadhar Nagar,"PNB ATM, Central Spine, Vidyadhar Nagar"
INC-13874,Jaipur,KYC Fraud,56258,17:33,12-24 Hours,Bani Park,"Bank of Baroda ATM, Collectorate Circle, Bani Park"
INC-13875,Jaipur,Job Fraud,16248,14:55,1-2 Hours,Jagatpura,"Union Bank ATM, Mahal Road, Jagatpura"
INC-13876,Jaipur,Investment Scam,144859,16:41,12-24 Hours,C-Scheme,"Axis Bank ATM, MI Road Junction, C-Scheme"
INC-13877,Sikar,Job Fraud,115737,11:07,12-24 Hours,C-Scheme,"Union Bank ATM, Ashok Marg, C-Scheme"
INC-13878,Udaipur,Sextortion,68799,22:55,12-24 Hours,Sitapura Industrial,"SBI ATM, Tonk Road Junction, Sitapura Industrial"
INC-13879,Jaipur,Job Fraud,156360,13:14,12-24 Hours,Sitapura Industrial,"PNB ATM, RIICO Phase 1, Sitapura Industrial"
INC-13880,Pali,UPI Scam,21520,14:21,1-2 Hours,Mansarovar,"Union Bank ATM, Patrakar Colony, Mansarovar"
INC-13881,Sikar,KYC Fraud,73049,15:18,12-24 Hours,Jhotwara,"Bank of Baroda ATM, Kalwar Road, Jhotwara"
INC-13882,Alwar,Loan App Fraud,17150,13:28,1-2 Hours,Vidyadhar Nagar,"Kotak Mahindra ATM, Sector 2, Vidyadhar Nagar"
INC-13883,Jaipur,KYC Fraud,20794,14:19,1-2 Hours,Mansarovar,"ICICI ATM, Madhyam Marg, Mansarovar"
INC-13884,Bikaner,Loan App Fraud,46105,13:09,12-24 Hours,Bani Park,"PNB ATM, Peetal Factory, Bani Park"
INC-13885,Jaipur,Loan App Fraud,21530,12:27,1-2 Hours,Mansarovar,"PNB ATM, Madhyam Marg, Mansarovar"
INC-13886,Kota,Loan App Fraud,51264,18:36,12-24 Hours,Vidyadhar Nagar,"Union Bank ATM, Alka Cinema Road, Vidyadhar Nagar"
INC-13887,Udaipur,Investment Scam,243206,17:39,12-24 Hours,Bani Park,"Union Bank ATM, Kabir Marg, Bani Park"
INC-13888,Jaipur,Investment Scam,59100,14:18,12-24 Hours,C-Scheme,"ICICI ATM, Subhash Marg, C-Scheme"
INC-13889,Tonk,Sextortion,69203,00:29,12-24 Hours,Sitapura Industrial,"Bank of Baroda ATM, India Gate, Sitapura Industrial"
INC-13890,Udaipur,UPI Scam,9453,15:43,1-2 Hours,Mansarovar,"PNB ATM, Patrakar Colony, Mansarovar"
INC-13891,Alwar,Sextortion,28101,03:17,1-2 Hours,Vidyadhar Nagar,"Union Bank ATM, Central Spine, Vidyadhar Nagar"
INC-13892,Jodhpur,OLX Scam,13804,15:25,1-2 Hours,Vaishali Nagar,"Union Bank ATM, Queens Road, Vaishali Nagar"
INC-13893,Kota,UPI Scam,18437,16:46,1-2 Hours,Mansarovar,"Axis Bank ATM, Rajat Path, Mansarovar"
INC-13894,Jaipur,Loan App Fraud,82659,16:04,12-24 Hours,Mansarovar,"Union Bank ATM, VT Road Chauraha, Mansarovar"
INC-13895,Jaipur,OLX Scam,3289,17:07,1-2 Hours,Vaishali Nagar,"Bank of Baroda ATM, Hanuman Nagar, Vaishali Nagar"
INC-13896,Jodhpur,UPI Scam,14018,13:58,1-2 Hours,Vidyadhar Nagar,"SBI ATM, National Highway 52 Bypass, Vidyadhar Nagar"
INC-13897,Udaipur,Job Fraud,64010,14:04,12-24 Hours,Jagatpura,"Axis Bank ATM, SKIT College Road, Jagatpura"
INC-13898,Bikaner,Loan App Fraud,61474,14:46,12-24 Hours,Bani Park,"Bank of Baroda ATM, Peetal Factory, Bani Park"
INC-13899,Pali,OLX Scam,27924,15:47,1-2 Hours,Vaishali Nagar,"Union Bank ATM, Amrapali Circle, Vaishali Nagar"
INC-13900,Udaipur,UPI Scam,5589,14:15,1-2 Hours,Mansarovar,"PNB ATM, VT Road Chauraha, Mansarovar"
INC-13901,Bhilwara,UPI Scam,5899,12:57,1-2 Hours,Mansarovar,"Union Bank ATM, Patrakar Colony, Mansarovar"
INC-13902,Tonk,UPI Scam,23407,10:32,1-2 Hours,Mansarovar,"Kotak Mahindra ATM, VT Road Chauraha, Mansarovar"
INC-13903,Pali,Sextortion,31023,21:53,12-24 Hours,Sitapura Industrial,"Union Bank ATM, EPI Zone, Sitapura Industrial"
INC-13904,Jaipur,KYC Fraud,67865,18:48,12-24 Hours,Jhotwara,"ICICI ATM, Kanta Chauraha, Jhotwara"
INC-13905,Ajmer,Sextortion,20592,21:06,1-2 Hours,Sitapura Industrial,"HDFC ATM, EPI Zone, Sitapura Industrial"
INC-13906,Sikar,Job Fraud,75171,11:40,12-24 Hours,C-Scheme,"ICICI ATM, Ahinsa Circle, C-Scheme"
INC-13907,Jaipur,OLX Scam,7815,18:20,1-2 Hours,Vaishali Nagar,"ICICI ATM, Amrapali Circle, Vaishali Nagar"
INC-13908,Ajmer,UPI Scam,19509,17:45,1-2 Hours,Mansarovar,"SBI ATM, Patrakar Colony, Mansarovar"
INC-13909,Jaipur,Sextortion,113396,22:53,12-24 Hours,Sitapura Industrial,"HDFC ATM, EPI Zone, Sitapura Industrial"
INC-13910,Bikaner,OLX Scam,21222,14:26,1-2 Hours,Vaishali Nagar,"PNB ATM, Queens Road, Vaishali Nagar"
INC-13911,Ajmer,Investment Scam,153942,16:28,12-24 Hours,C-Scheme,"PNB ATM, Ashok Marg, C-Scheme"
INC-13912,Alwar,Sextortion,89109,00:46,12-24 Hours,Sitapura Industrial,"Bank of Baroda ATM, Tonk Road Junction, Sitapura Industrial"
INC-13913,Jodhpur,KYC Fraud,17000,20:42,1-2 Hours,Jhotwara,"SBI ATM, Lata Circle, Jhotwara"
INC-13914,Kota,KYC Fraud,36349,15:31,12-24 Hours,Malviya Nagar,"ICICI ATM, Gaurav Tower (GT) Road, Malviya Nagar"
INC-13915,Jodhpur,OLX Scam,17648,14:29,1-2 Hours,Vaishali Nagar,"Union Bank ATM, Gandhi Path, Vaishali Nagar"
INC-13916,Jodhpur,Investment Scam,82998,09:26,12-24 Hours,C-Scheme,"Bank of Baroda ATM, Ahinsa Circle, C-Scheme"
INC-13917,Pali,UPI Scam,37051,14:17,12-24 Hours,Mansarovar,"Kotak Mahindra ATM, Rajat Path, Mansarovar"
INC-13918,Jaipur,KYC Fraud,27430,12:10,1-2 Hours,Malviya Nagar,"SBI ATM, Calgiri Road, Malviya Nagar"
INC-13919,Bikaner,UPI Scam,12145,11:52,1-2 Hours,Mansarovar,"Axis Bank ATM, VT Road Chauraha, Mansarovar"
INC-13920,Jaipur,UPI Scam,44575,17:16,12-24 Hours,Mansarovar,"Kotak Mahindra ATM, Patrakar Colony, Mansarovar"
INC-13921,Udaipur,KYC Fraud,29705,12:25,1-2 Hours,Malviya Nagar,"ICICI ATM, Sector 3 Market, Malviya Nagar"
INC-13922,Jaipur,UPI Scam,10449,15:04,1-2 Hours,Mansarovar,"Axis Bank ATM, Patrakar Colony, Mansarovar"
INC-13923,Pali,Loan App Fraud,68343,12:21,12-24 Hours,Bani Park,"HDFC ATM, Sindhi Camp Bus Stand Road, Bani Park"
INC-13924,Jaipur,KYC Fraud,24737,15:45,1-2 Hours,Bani Park,"Axis Bank ATM, Kabir Marg, Bani Park"
INC-13925,Bhilwara,Job Fraud,97657,10:57,12-24 Hours,Bani Park,"Bank of Baroda ATM, Peetal Factory, Bani Park"
INC-13926,Jaipur,UPI Scam,25766,15:16,1-2 Hours,Mansarovar,"Kotak Mahindra ATM, VT Road Chauraha, Mansarovar"
INC-13927,Bhilwara,Loan App Fraud,23995,14:51,1-2 Hours,Vidyadhar Nagar,"Axis Bank ATM, Alka Cinema Road, Vidyadhar Nagar"
INC-13928,Bhilwara,Loan App Fraud,22769,14:12,1-2 Hours,Vidyadhar Nagar,"Union Bank ATM, Alka Cinema Road, Vidyadhar Nagar"
INC-13929,Jodhpur,Job Fraud,129006,16:41,12-24 Hours,C-Scheme,"SBI ATM, Statue Circle, C-Scheme"
INC-13930,Tonk,Investment Scam,140377,10:53,12-24 Hours,C-Scheme,"Bank of Baroda ATM, Statue Circle, C-Scheme"
INC-13931,Jaipur,Job Fraud,97067,11:36,12-24 Hours,Jagatpura,"Bank of Baroda ATM, Mahal Road, Jagatpura"
INC-13932,Jaipur,OLX Scam,10684,17:44,1-2 Hours,Vaishali Nagar,"PNB ATM, Nursery Circle, Vaishali Nagar"
INC-13933,Jaipur,UPI Scam,16947,13:22,1-2 Hours,Mansarovar,"Axis Bank ATM, Rajat Path, Mansarovar"
INC-13934,Jaipur,UPI Scam,10319,11:00,1-2 Hours,Mansarovar,"HDFC ATM, Patrakar Colony, Mansarovar"
INC-13935,Jaipur,Credit Card Cloning,81473,18:03,12-24 Hours,Pratap Nagar,"PNB ATM, Kumbha Marg, Pratap Nagar"
INC-13936,Jaipur,OLX Scam,9480,16:48,1-2 Hours,Vaishali Nagar,"Bank of Baroda ATM, Amrapali Circle, Vaishali Nagar"
INC-13937,Tonk,Job Fraud,109502,11:08,12-24 Hours,Sitapura Industrial,"Union Bank ATM, RIICO Phase 1, Sitapura Industrial"
INC-13938,Jaipur,UPI Scam,45187,11:06,12-24 Hours,Mansarovar,"Union Bank ATM, Kissan Dharam Kanta, Mansarovar"
INC-13939,Alwar,UPI Scam,28687,16:40,1-2 Hours,Mansarovar,"Union Bank ATM, Kissan Dharam Kanta, Mansarovar"
INC-13940,Alwar,Sextortion,44028,22:30,12-24 Hours,Sitapura Industrial,"Union Bank ATM, EPI Zone, Sitapura Industrial"
INC-13941,Tonk,KYC Fraud,19503,19:26,1-2 Hours,Jhotwara,"ICICI ATM, Triton Mall Road, Jhotwara"
INC-13942,Jodhpur,KYC Fraud,39018,15:11,12-24 Hours,Bani Park,"ICICI ATM, Kabir Marg, Bani Park"
INC-13943,Udaipur,UPI Scam,8817,10:53,1-2 Hours,Mansarovar,"Axis Bank ATM, Patrakar Colony, Mansarovar"
INC-13944,Bhilwara,Credit Card Cloning,126881,17:11,12-24 Hours,Pratap Nagar,"Bank of Baroda ATM, Tonk Road, Pratap Nagar"
INC-13945,Pali,Investment Scam,137049,11:14,12-24 Hours,Bani Park,"ICICI ATM, Collectorate Circle, Bani Park"
INC-13946,Jodhpur,UPI Scam,25140,11:29,1-2 Hours,Mansarovar,"Bank of Baroda ATM, Patrakar Colony, Mansarovar"
INC-13947,Alwar,UPI Scam,13455,11:02,1-2 Hours,Mansarovar,"ICICI ATM, VT Road Chauraha, Mansarovar"
INC-13948,Bikaner,Credit Card Cloning,200018,16:25,12-24 Hours,Jhotwara,"PNB ATM, Panchawala, Jhotwara"
INC-13949,Jaipur,OLX Scam,8825,12:05,1-2 Hours,Vaishali Nagar,"Kotak Mahindra ATM, Hanuman Nagar, Vaishali Nagar"
INC-13950,Jaipur,UPI Scam,32988,19:58,12-24 Hours,Mansarovar,"ICICI ATM, VT Road Chauraha, Mansarovar"
INC-13951,Bhilwara,Sextortion,79927,22:20,12-24 Hours,Sitapura Industrial,"Union Bank ATM, Mahatma Gandhi Hospital Road, Sitapura Industrial"
INC-13952,Alwar,UPI Scam,25187,12:02,1-2 Hours,Mansarovar,"SBI ATM, Madhyam Marg, Mansarovar"
INC-13953,Ajmer,Loan App Fraud,47222,12:59,12-24 Hours,Vidyadhar Nagar,"Kotak Mahindra ATM, Alka Cinema Road, Vidyadhar Nagar"
INC-13954,Jodhpur,KYC Fraud,23704,14:41,1-2 Hours,Jhotwara,"PNB ATM, Triton Mall Road, Jhotwara"
INC-13955,Jaipur,OLX Scam,23855,15:41,1-2 Hours,Vaishali Nagar,"Kotak Mahindra ATM, Queens Road, Vaishali Nagar"
INC-13956,Kota,Investment Scam,128014,16:18,12-24 Hours,C-Scheme,"HDFC ATM, Ashok Marg, C-Scheme"
INC-13957,Kota,Investment Scam,116546,13:23,12-24 Hours,C-Scheme,"HDFC ATM, MI Road Junction, C-Scheme"
INC-13958,Jaipur,Investment Scam,280421,12:26,12-24 Hours,C-Scheme,"Bank of Baroda ATM, MI Road Junction, C-Scheme"
INC-13959,Jaipur,KYC Fraud,7708,19:28,1-2 Hours,Bani Park,"Axis Bank ATM, Sindhi Camp Bus Stand Road, Bani Park"
INC-13960,Kota,UPI Scam,23806,13:00,1-2 Hours,Mansarovar,"ICICI ATM, Madhyam Marg, Mansarovar"
INC-13961,Ajmer,UPI Scam,41484,12:40,12-24 Hours,Mansarovar,"Union Bank ATM, Kaveri Path, Mansarovar"
INC-13962,Jodhpur,Investment Scam,133986,11:18,12-24 Hours,C-Scheme,"PNB ATM, Ahinsa Circle, C-Scheme"
INC-13963,Jaipur,KYC Fraud,15433,11:50,1-2 Hours,C-Scheme,"HDFC ATM, Statue Circle, C-Scheme"
INC-13964,Udaipur,UPI Scam,23397,11:57,1-2 Hours,Mansarovar,"ICICI ATM, Patrakar Colony, Mansarovar"
INC-13965,Tonk,UPI Scam,9235,15:25,1-2 Hours,Mansarovar,"PNB ATM, Kaveri Path, Mansarovar"
INC-13966,Pali,Job Fraud,18212,15:38,1-2 Hours,Jagatpura,"Bank of Baroda ATM, NRI Colony, Jagatpura"
INC-13967,Jaipur,Job Fraud,80005,11:29,12-24 Hours,Jagatpura,"Union Bank ATM, Ramnagariya, Jagatpura"
INC-13968,Sikar,UPI Scam,47777,13:24,12-24 Hours,Mansarovar,"Kotak Mahindra ATM, Kissan Dharam Kanta, Mansarovar"
INC-13969,Alwar,Credit Card Cloning,67298,19:33,12-24 Hours,Pratap Nagar,"PNB ATM, Kumbha Marg, Pratap Nagar"
INC-13970,Jodhpur,UPI Scam,28911,13:11,1-2 Hours,Mansarovar,"Bank of Baroda ATM, Kaveri Path, Mansarovar"
INC-13971,Jaipur,Credit Card Cloning,58938,14:51,12-24 Hours,C-Scheme,"ICICI ATM, Statue Circle, C-Scheme"
INC-13972,Pali,UPI Scam,19019,17:52,1-2 Hours,Mansarovar,"PNB ATM, Rajat Path, Mansarovar"
INC-13973,Bhilwara,Loan App Fraud,61282,15:11,12-24 Hours,Vidyadhar Nagar,"PNB ATM, Alka Cinema Road, Vidyadhar Nagar"
INC-13974,Jaipur,Credit Card Cloning,70155,20:22,12-24 Hours,Bani Park,"HDFC ATM, Collectorate Circle, Bani Park"
INC-13975,Jaipur,Loan App Fraud,42240,16:25,12-24 Hours,Mansarovar,"Kotak Mahindra ATM, Kaveri Path, Mansarovar"
INC-13976,Jaipur,Investment Scam,124103,15:10,12-24 Hours,C-Scheme,"Union Bank ATM, MI Road Junction, C-Scheme"
INC-13977,Jaipur,OLX Scam,28152,12:33,1-2 Hours,Vaishali Nagar,"Bank of Baroda ATM, Amrapali Circle, Vaishali Nagar"
INC-13978,Tonk,Job Fraud,54773,15:34,12-24 Hours,C-Scheme,"SBI ATM, MI Road Junction, C-Scheme"
INC-13979,Jaipur,Credit Card Cloning,204451,17:30,12-24 Hours,C-Scheme,"Axis Bank ATM, Ashok Marg, C-Scheme"
INC-13980,Jodhpur,UPI Scam,8710,17:40,1-2 Hours,Bani Park,"Union Bank ATM, Sindhi Camp Bus Stand Road, Bani Park"
INC-13981,Tonk,Job Fraud,9012,15:24,1-2 Hours,Jagatpura,"SBI ATM, Mahal Road, Jagatpura"
INC-13982,Jaipur,Sextortion,45057,20:09,12-24 Hours,Malviya Nagar,"HDFC ATM, Apex Circle, Malviya Nagar"
INC-13983,Jaipur,Loan App Fraud,20558,17:49,1-2 Hours,Malviya Nagar,"HDFC ATM, Apex Circle, Malviya Nagar"
INC-13984,Jaipur,Job Fraud,28301,13:11,1-2 Hours,Jagatpura,"Kotak Mahindra ATM, Ramnagariya, Jagatpura"
INC-13985,Jaipur,UPI Scam,26109,15:49,1-2 Hours,Mansarovar,"HDFC ATM, Rajat Path, Mansarovar"
INC-13986,Udaipur,Credit Card Cloning,95452,18:24,12-24 Hours,Sitapura Industrial,"HDFC ATM, Tonk Road Junction, Sitapura Industrial"
INC-13987,Bhilwara,Investment Scam,223398,16:15,12-24 Hours,C-Scheme,"PNB ATM, MI Road Junction, C-Scheme"
INC-13988,Jaipur,OLX Scam,26565,19:18,1-2 Hours,Vaishali Nagar,"HDFC ATM, Queens Road, Vaishali Nagar"
INC-13989,Sikar,OLX Scam,17518,10:08,1-2 Hours,Bani Park,"Union Bank ATM, Collectorate Circle, Bani Park"
INC-13990,Udaipur,Job Fraud,40673,10:55,12-24 Hours,Bani Park,"Axis Bank ATM, Collectorate Circle, Bani Park"
INC-13991,Bhilwara,Loan App Fraud,18474,15:07,1-2 Hours,Vidyadhar Nagar,"Axis Bank ATM, Sector 2, Vidyadhar Nagar"
INC-13992,Jodhpur,Credit Card Cloning,29042,20:08,1-2 Hours,Bani Park,"HDFC ATM, Sindhi Camp Bus Stand Road, Bani Park"
INC-13993,Sikar,Investment Scam,92341,13:05,12-24 Hours,C-Scheme,"SBI ATM, Statue Circle, C-Scheme"
INC-13994,Jaipur,UPI Scam,19746,13:56,1-2 Hours,Mansarovar,"Axis Bank ATM, VT Road Chauraha, Mansarovar"
INC-13995,Jodhpur,Credit Card Cloning,48366,16:50,12-24 Hours,Bani Park,"Kotak Mahindra ATM, Peetal Factory, Bani Park"
INC-13996,Bikaner,Job Fraud,109390,17:32,12-24 Hours,C-Scheme,"Bank of Baroda ATM, Statue Circle, C-Scheme"
INC-13997,Jodhpur,OLX Scam,6811,13:05,1-2 Hours,Bani Park,"SBI ATM, Kabir Marg, Bani Park"
INC-13998,Udaipur,Investment Scam,246317,11:50,12-24 Hours,C-Scheme,"SBI ATM, Ashok Marg, C-Scheme"
INC-13999,Jaipur,Job Fraud,50225,10:33,12-24 Hours,C-Scheme,"Bank of Baroda ATM, Ahinsa Circle, C-Scheme"
INC-14000,Jaipur,KYC Fraud,31023,13:16,12-24 Hours,Malviya Nagar,"Union Bank ATM, Sector 3 Market, Malviya Nagar"
INC-14001,Jodhpur,Job Fraud,23382,09:25,1-2 Hours,Bani Park,"SBI ATM, Peetal Factory, Bani Park"
INC-14002,Jaipur,OLX Scam,3805,19:31,1-2 Hours,Vaishali Nagar,"SBI ATM, Amrapali Circle, Vaishali Nagar"
INC-14003,Pali,Sextortion,52580,00:11,12-24 Hours,Sitapura Industrial,"ICICI ATM, Mahatma Gandhi Hospital Road, Sitapura Industrial"
INC-14004,Ajmer,UPI Scam,29272,19:04,1-2 Hours,Mansarovar,"HDFC ATM, VT Road Chauraha, Mansarovar"
INC-14005,Bikaner,OLX Scam,12440,11:01,1-2 Hours,Vaishali Nagar,"SBI ATM, Queens Road, Vaishali Nagar"
INC-14006,Jaipur,UPI Scam,14345,10:51,1-2 Hours,Mansarovar,"PNB ATM, Kissan Dharam Kanta, Mansarovar"
INC-14007,Jaipur,UPI Scam,5818,13:27,1-2 Hours,Mansarovar,"Union Bank ATM, Kaveri Path, Mansarovar"
INC-14008,Pali,Job Fraud,161353,14:28,12-24 Hours,C-Scheme,"PNB ATM, Ahinsa Circle, C-Scheme"
INC-14009,Kota,Job Fraud,53053,12:03,12-24 Hours,Jagatpura,"HDFC ATM, 7 Number Stand, Jagatpura"
INC-14010,Pali,UPI Scam,32592,18:50,12-24 Hours,Bani Park,"Kotak Mahindra ATM, Peetal Factory, Bani Park"
INC-14011,Sikar,Sextortion,49203,21:06,12-24 Hours,Jhotwara,"Kotak Mahindra ATM, Kalwar Road, Jhotwara"
INC-14012,Udaipur,Job Fraud,119084,13:48,12-24 Hours,C-Scheme,"Union Bank ATM, Subhash Marg, C-Scheme"
INC-14013,Bikaner,UPI Scam,9227,11:19,1-2 Hours,Mansarovar,"Bank of Baroda ATM, VT Road Chauraha, Mansarovar"
INC-14014,Udaipur,Loan App Fraud,31727,16:39,12-24 Hours,Bani Park,"ICICI ATM, Collectorate Circle, Bani Park"
INC-14015,Pali,Credit Card Cloning,142665,15:45,12-24 Hours,Pratap Nagar,"Axis Bank ATM, Sector 11, Pratap Nagar"
INC-14016,Udaipur,UPI Scam,19417,11:46,1-2 Hours,Mansarovar,"Axis Bank ATM, Rajat Path, Mansarovar"
INC-14017,Jaipur,Sextortion,75903,20:32,12-24 Hours,Sitapura Industrial,"Axis Bank ATM, Mahatma Gandhi Hospital Road, Sitapura Industrial"
INC-14018,Jodhpur,KYC Fraud,41043,17:08,12-24 Hours,Bani Park,"PNB ATM, Kabir Marg, Bani Park"
INC-14019,Sikar,OLX Scam,15770,12:45,1-2 Hours,Vaishali Nagar,"Bank of Baroda ATM, Gandhi Path, Vaishali Nagar"
INC-14020,Jaipur,UPI Scam,31503,13:15,12-24 Hours,Mansarovar,"ICICI ATM, Kissan Dharam Kanta, Mansarovar"
INC-14021,Jaipur,Loan App Fraud,19691,13:54,1-2 Hours,Pratap Nagar,"ICICI ATM, Haldi Ghati Marg, Pratap Nagar"
INC-14022,Jaipur,KYC Fraud,16754,17:23,1-2 Hours,Vaishali Nagar,"ICICI ATM, Amrapali Circle, Vaishali Nagar"
INC-14023,Jodhpur,UPI Scam,41073,21:10,12-24 Hours,Mansarovar,"Axis Bank ATM, Kissan Dharam Kanta, Mansarovar"
INC-14024,Bikaner,Sextortion,49506,03:17,12-24 Hours,Sitapura Industrial,"PNB ATM, EPI Zone, Sitapura Industrial"
INC-14025,Jodhpur,Investment Scam,77284,17:59,12-24 Hours,Pratap Nagar,"PNB ATM, Sector 11, Pratap Nagar"
INC-14026,Jaipur,UPI Scam,19741,12:41,1-2 Hours,Mansarovar,"Bank of Baroda ATM, Kissan Dharam Kanta, Mansarovar"
INC-14027,Jaipur,Investment Scam,67639,13:15,12-24 Hours,C-Scheme,"PNB ATM, Subhash Marg, C-Scheme"
INC-14028,Udaipur,Loan App Fraud,11748,15:41,1-2 Hours,Jhotwara,"PNB ATM, Triton Mall Road, Jhotwara"
INC-14029,Alwar,Loan App Fraud,46831,13:16,12-24 Hours,Vidyadhar Nagar,"Union Bank ATM, Sector 2, Vidyadhar Nagar"
INC-14030,Jodhpur,OLX Scam,7725,19:23,1-2 Hours,Bani Park,"Bank of Baroda ATM, Collectorate Circle, Bani Park"
INC-14031,Jaipur,UPI Scam,19647,17:14,1-2 Hours,Mansarovar,"HDFC ATM, Kaveri Path, Mansarovar"
INC-14032,Bhilwara,Sextortion,63384,03:16,12-24 Hours,Vidyadhar Nagar,"Union Bank ATM, Sector 2, Vidyadhar Nagar"
INC-14033,Jaipur,UPI Scam,6884,16:47,1-2 Hours,Mansarovar,"PNB ATM, VT Road Chauraha, Mansarovar"
INC-14034,Udaipur,Credit Card Cloning,189919,14:40,12-24 Hours,Sitapura Industrial,"HDFC ATM, EPI Zone, Sitapura Industrial"
INC-14035,Jodhpur,KYC Fraud,42607,15:47,12-24 Hours,Vidyadhar Nagar,"Kotak Mahindra ATM, Sector 2, Vidyadhar Nagar"
INC-14036,Jodhpur,OLX Scam,5469,17:24,1-2 Hours,Bani Park,"Union Bank ATM, Collectorate Circle, Bani Park"
INC-14037,Jaipur,KYC Fraud,51747,12:57,12-24 Hours,Mansarovar,"HDFC ATM, Madhyam Marg, Mansarovar"
INC-14038,Jaipur,UPI Scam,31190,11:58,12-24 Hours,Jhotwara,"SBI ATM, Panchawala, Jhotwara"
INC-14039,Tonk,UPI Scam,45237,15:08,12-24 Hours,Mansarovar,"Axis Bank ATM, Rajat Path, Mansarovar"
INC-14040,Jaipur,UPI Scam,23174,18:23,1-2 Hours,Mansarovar,"PNB ATM, VT Road Chauraha, Mansarovar"
INC-14041,Jaipur,Sextortion,47401,23:56,12-24 Hours,Sitapura Industrial,"Union Bank ATM, Mahatma Gandhi Hospital Road, Sitapura Industrial"
INC-14042,Jaipur,UPI Scam,6342,10:25,1-2 Hours,Mansarovar,"ICICI ATM, Patrakar Colony, Mansarovar"
INC-14043,Jaipur,Sextortion,97598,21:45,12-24 Hours,Sitapura Industrial,"Kotak Mahindra ATM, RIICO Phase 1, Sitapura Industrial"
INC-14044,Tonk,Job Fraud,39028,14:20,12-24 Hours,Jagatpura,"PNB ATM, Ramnagariya, Jagatpura"
INC-14045,Alwar,Credit Card Cloning,66010,17:21,12-24 Hours,Pratap Nagar,"Axis Bank ATM, Haldi Ghati Marg, Pratap Nagar"
INC-14046,Jaipur,Sextortion,53899,02:28,12-24 Hours,Sitapura Industrial,"Axis Bank ATM, Tonk Road Junction, Sitapura Industrial"
INC-14047,Jodhpur,Sextortion,80187,21:06,12-24 Hours,Sitapura Industrial,"PNB ATM, Mahatma Gandhi Hospital Road, Sitapura Industrial"
INC-14048,Jaipur,Investment Scam,204043,11:55,12-24 Hours,C-Scheme,"Kotak Mahindra ATM, Ahinsa Circle, C-Scheme"
INC-14049,Jaipur,KYC Fraud,31229,13:26,12-24 Hours,Malviya Nagar,"SBI ATM, Sector 3 Market, Malviya Nagar"
INC-14050,Jaipur,OLX Scam,13440,19:05,1-2 Hours,Vaishali Nagar,"HDFC ATM, Gandhi Path, Vaishali Nagar"
INC-14051,Jaipur,Sextortion,26669,21:33,1-2 Hours,Sitapura Industrial,"PNB ATM, RIICO Phase 1, Sitapura Industrial"
INC-14052,Jaipur,Investment Scam,214397,12:25,12-24 Hours,C-Scheme,"Axis Bank ATM, Ashok Marg, C-Scheme"
INC-14053,Jodhpur,KYC Fraud,47520,15:52,12-24 Hours,Bani Park,"Bank of Baroda ATM, Collectorate Circle, Bani Park"
INC-14054,Jodhpur,Loan App Fraud,74371,18:56,12-24 Hours,Bani Park,"Axis Bank ATM, Peetal Factory, Bani Park"
INC-14055,Bhilwara,Job Fraud,111591,15:10,12-24 Hours,Jagatpura,"Bank of Baroda ATM, Mahal Road, Jagatpura"
INC-14056,Jaipur,KYC Fraud,48911,14:42,12-24 Hours,Vaishali Nagar,"SBI ATM, Amrapali Circle, Vaishali Nagar"
INC-14057,Udaipur,KYC Fraud,13646,11:36,1-2 Hours,Bani Park,"ICICI ATM, Kabir Marg, Bani Park"
INC-14058,Sikar,Investment Scam,130225,16:43,12-24 Hours,C-Scheme,"Union Bank ATM, Ashok Marg, C-Scheme"
INC-14059,Bhilwara,Loan App Fraud,39717,10:02,12-24 Hours,Vidyadhar Nagar,"Bank of Baroda ATM, National Highway 52 Bypass, Vidyadhar Nagar"
INC-14060,Jodhpur,UPI Scam,12626,10:09,1-2 Hours,Mansarovar,"ICICI ATM, Patrakar Colony, Mansarovar"
INC-14061,Jodhpur,Investment Scam,136529,12:43,12-24 Hours,Bani Park,"HDFC ATM, Sindhi Camp Bus Stand Road, Bani Park"
INC-14062,Tonk,Loan App Fraud,27852,13:08,1-2 Hours,Vidyadhar Nagar,"HDFC ATM, National Highway 52 Bypass, Vidyadhar Nagar"
INC-14063,Sikar,Investment Scam,44687,10:56,12-24 Hours,Malviya Nagar,"Axis Bank ATM, Apex Circle, Malviya Nagar"
INC-14064,Jodhpur,UPI Scam,25066,14:24,1-2 Hours,Mansarovar,"ICICI ATM, Rajat Path, Mansarovar"
INC-14065,Pali,Loan App Fraud,70159,12:45,12-24 Hours,Bani Park,"PNB ATM, Collectorate Circle, Bani Park"
INC-14066,Tonk,UPI Scam,7186,18:51,1-2 Hours,Mansarovar,"Axis Bank ATM, Rajat Path, Mansarovar"
INC-14067,Sikar,UPI Scam,36290,12:41,12-24 Hours,Mansarovar,"Axis Bank ATM, Kissan Dharam Kanta, Mansarovar"
INC-14068,Bikaner,KYC Fraud,37846,16:30,12-24 Hours,Bani Park,"HDFC ATM, Sindhi Camp Bus Stand Road, Bani Park"
INC-14069,Pali,Job Fraud,108415,14:46,12-24 Hours,C-Scheme,"Kotak Mahindra ATM, Subhash Marg, C-Scheme"
INC-14070,Tonk,Loan App Fraud,35377,14:48,12-24 Hours,Vidyadhar Nagar,"Kotak Mahindra ATM, National Highway 52 Bypass, Vidyadhar Nagar"
INC-14071,Tonk,KYC Fraud,21604,12:39,1-2 Hours,Bani Park,"PNB ATM, Collectorate Circle, Bani Park"
INC-14072,Jaipur,Investment Scam,103686,12:24,12-24 Hours,C-Scheme,"SBI ATM, Statue Circle, C-Scheme"
INC-14073,Alwar,Job Fraud,59963,11:44,12-24 Hours,C-Scheme,"ICICI ATM, Statue Circle, C-Scheme"
INC-14074,Jaipur,Credit Card Cloning,208147,18:47,12-24 Hours,Bani Park,"Bank of Baroda ATM, Kabir Marg, Bani Park"
INC-14075,Kota,Sextortion,27788,22:24,1-2 Hours,Sitapura Industrial,"Kotak Mahindra ATM, RIICO Phase 1, Sitapura Industrial"
INC-14076,Jodhpur,Credit Card Cloning,82422,19:10,12-24 Hours,Pratap Nagar,"Union Bank ATM, Sector 16 Market, Pratap Nagar"
INC-14077,Jaipur,Loan App Fraud,86642,19:29,12-24 Hours,Vidyadhar Nagar,"PNB ATM, Sector 2, Vidyadhar Nagar"
INC-14078,Sikar,Investment Scam,154317,11:20,12-24 Hours,C-Scheme,"Kotak Mahindra ATM, MI Road Junction, C-Scheme"
INC-14079,Bikaner,Loan App Fraud,26127,16:39,1-2 Hours,Jhotwara,"Bank of Baroda ATM, Lata Circle, Jhotwara"
INC-14080,Jaipur,Sextortion,25119,22:42,1-2 Hours,Sitapura Industrial,"HDFC ATM, Mahatma Gandhi Hospital Road, Sitapura Industrial"
INC-14081,Pali,Credit Card Cloning,243244,18:47,12-24 Hours,Bani Park,"Bank of Baroda ATM, Collectorate Circle, Bani Park"
INC-14082,Sikar,Job Fraud,53656,15:16,12-24 Hours,Jagatpura,"PNB ATM, Ramnagariya, Jagatpura"
INC-14083,Kota,UPI Scam,36905,08:55,12-24 Hours,Mansarovar,"ICICI ATM, Patrakar Colony, Mansarovar"
INC-14084,Jaipur,Loan App Fraud,65104,15:56,12-24 Hours,C-Scheme,"PNB ATM, Subhash Marg, C-Scheme"
INC-14085,Jaipur,UPI Scam,24595,17:57,1-2 Hours,Mansarovar,"SBI ATM, Madhyam Marg, Mansarovar"
INC-14086,Sikar,KYC Fraud,61996,16:09,12-24 Hours,Jhotwara,"Kotak Mahindra ATM, Triton Mall Road, Jhotwara"
INC-14087,Kota,Loan App Fraud,71677,16:42,12-24 Hours,Vidyadhar Nagar,"SBI ATM, National Highway 52 Bypass, Vidyadhar Nagar"
INC-14088,Jaipur,Sextortion,79098,02:43,12-24 Hours,Sitapura Industrial,"Kotak Mahindra ATM, RIICO Phase 1, Sitapura Industrial"
INC-14089,Jaipur,KYC Fraud,15744,12:24,1-2 Hours,Malviya Nagar,"ICICI ATM, Gaurav Tower (GT) Road, Malviya Nagar"
INC-14090,Bhilwara,KYC Fraud,20104,11:48,1-2 Hours,Bani Park,"Axis Bank ATM, Sindhi Camp Bus Stand Road, Bani Park"
INC-14091,Ajmer,KYC Fraud,39272,14:58,12-24 Hours,Bani Park,"SBI ATM, Peetal Factory, Bani Park"
INC-14092,Bhilwara,Sextortion,57484,22:53,12-24 Hours,Sitapura Industrial,"Bank of Baroda ATM, EPI Zone, Sitapura Industrial"
INC-14093,Jodhpur,KYC Fraud,52712,13:26,12-24 Hours,Bani Park,"SBI ATM, Sindhi Camp Bus Stand Road, Bani Park"
INC-14094,Pali,OLX Scam,8483,15:44,1-2 Hours,Vaishali Nagar,"Bank of Baroda ATM, Amrapali Circle, Vaishali Nagar"
INC-14095,Jodhpur,Investment Scam,64822,11:16,12-24 Hours,C-Scheme,"ICICI ATM, Statue Circle, C-Scheme"
INC-14096,Pali,Loan App Fraud,36161,14:09,12-24 Hours,Bani Park,"ICICI ATM, Collectorate Circle, Bani Park"
INC-14097,Alwar,KYC Fraud,32105,18:35,12-24 Hours,Bani Park,"Kotak Mahindra ATM, Peetal Factory, Bani Park"
INC-14098,Jaipur,Sextortion,84531,23:36,12-24 Hours,Sitapura Industrial,"Axis Bank ATM, RIICO Phase 1, Sitapura Industrial"
INC-14099,Jodhpur,OLX Scam,10586,14:56,1-2 Hours,Vaishali Nagar,"Kotak Mahindra ATM, Hanuman Nagar, Vaishali Nagar"
INC-14100,Bikaner,UPI Scam,33088,17:00,12-24 Hours,Bani Park,"ICICI ATM, Sindhi Camp Bus Stand Road, Bani Park"
INC-14101,Tonk,UPI Scam,13251,15:06,1-2 Hours,Bani Park,"Kotak Mahindra ATM, Sindhi Camp Bus Stand Road, Bani Park"
INC-14102,Kota,UPI Scam,36960,18:23,12-24 Hours,Mansarovar,"SBI ATM, Kaveri Path, Mansarovar"
INC-14103,Alwar,OLX Scam,11520,13:22,1-2 Hours,Vaishali Nagar,"Kotak Mahindra ATM, Gandhi Path, Vaishali Nagar"
INC-14104,Jodhpur,OLX Scam,21322,14:49,1-2 Hours,Vaishali Nagar,"PNB ATM, Gandhi Path, Vaishali Nagar"
INC-14105,Alwar,OLX Scam,4557,17:54,1-2 Hours,Vaishali Nagar,"SBI ATM, Gandhi Path, Vaishali Nagar"
INC-14106,Kota,Sextortion,13182,01:55,1-2 Hours,Sitapura Industrial,"Union Bank ATM, EPI Zone, Sitapura Industrial"
INC-14107,Sikar,KYC Fraud,43451,12:05,12-24 Hours,Jhotwara,"Bank of Baroda ATM, Triton Mall Road, Jhotwara"
INC-14108,Jaipur,Sextortion,84415,20:54,12-24 Hours,Sitapura Industrial,"SBI ATM, Tonk Road Junction, Sitapura Industrial"
INC-14109,Bikaner,Credit Card Cloning,129575,22:58,12-24 Hours,Pratap Nagar,"Bank of Baroda ATM, Kumbha Marg, Pratap Nagar"
INC-14110,Alwar,Credit Card Cloning,40481,18:50,12-24 Hours,Pratap Nagar,"Union Bank ATM, Sector 16 Market, Pratap Nagar"
INC-14111,Alwar,Investment Scam,96516,12:11,12-24 Hours,C-Scheme,"PNB ATM, Subhash Marg, C-Scheme"
INC-14112,Udaipur,Credit Card Cloning,57920,16:43,12-24 Hours,Pratap Nagar,"Axis Bank ATM, Kumbha Marg, Pratap Nagar"
INC-14113,Udaipur,UPI Scam,9844,15:23,1-2 Hours,Mansarovar,"Axis Bank ATM, Kissan Dharam Kanta, Mansarovar"
INC-14114,Jaipur,Credit Card Cloning,63730,18:54,12-24 Hours,C-Scheme,"Bank of Baroda ATM, Statue Circle, C-Scheme"
INC-14115,Sikar,Loan App Fraud,25294,14:03,1-2 Hours,Vaishali Nagar,"SBI ATM, Gandhi Path, Vaishali Nagar"
INC-14116,Jodhpur,Sextortion,62050,23:09,12-24 Hours,Sitapura Industrial,"Kotak Mahindra ATM, EPI Zone, Sitapura Industrial"
INC-14117,Jaipur,Investment Scam,110438,13:32,12-24 Hours,C-Scheme,"Axis Bank ATM, MI Road Junction, C-Scheme"
INC-14118,Pali,Loan App Fraud,72157,11:26,12-24 Hours,C-Scheme,"Union Bank ATM, Subhash Marg, C-Scheme"
INC-14119,Jaipur,UPI Scam,17276,10:32,1-2 Hours,Mansarovar,"Bank of Baroda ATM, VT Road Chauraha, Mansarovar"
INC-14120,Pali,UPI Scam,8670,20:17,1-2 Hours,Mansarovar,"Bank of Baroda ATM, Rajat Path, Mansarovar"
INC-14121,Sikar,Job Fraud,123945,16:49,12-24 Hours,Jagatpura,"PNB ATM, 7 Number Stand, Jagatpura"
INC-14122,Jaipur,Credit Card Cloning,166695,20:04,12-24 Hours,Pratap Nagar,"Kotak Mahindra ATM, Sector 16 Market, Pratap Nagar"
INC-14123,Sikar,OLX Scam,15365,18:54,1-2 Hours,Vaishali Nagar,"SBI ATM, Hanuman Nagar, Vaishali Nagar"
INC-14124,Jaipur,KYC Fraud,21134,13:44,1-2 Hours,Malviya Nagar,"Axis Bank ATM, Sector 3 Market, Malviya Nagar"
INC-14125,Alwar,Investment Scam,190939,18:59,12-24 Hours,C-Scheme,"Kotak Mahindra ATM, Ahinsa Circle, C-Scheme"
INC-14126,Jaipur,Investment Scam,69345,14:26,12-24 Hours,C-Scheme,"Bank of Baroda ATM, Statue Circle, C-Scheme"
INC-14127,Jaipur,Job Fraud,79539,19:59,12-24 Hours,Vaishali Nagar,"SBI ATM, Gandhi Path, Vaishali Nagar"
INC-14128,Alwar,OLX Scam,31067,10:54,12-24 Hours,Vidyadhar Nagar,"Kotak Mahindra ATM, Alka Cinema Road, Vidyadhar Nagar"
INC-14129,Udaipur,Loan App Fraud,31876,18:32,12-24 Hours,Bani Park,"PNB ATM, Kabir Marg, Bani Park"
INC-14130,Jaipur,Loan App Fraud,27076,14:25,1-2 Hours,Vaishali Nagar,"SBI ATM, Queens Road, Vaishali Nagar"
INC-14131,Alwar,KYC Fraud,47883,18:02,12-24 Hours,Bani Park,"Union Bank ATM, Peetal Factory, Bani Park"
INC-14132,Jaipur,KYC Fraud,26018,15:47,1-2 Hours,Mansarovar,"SBI ATM, Kaveri Path, Mansarovar"
INC-14133,Tonk,OLX Scam,12404,14:48,1-2 Hours,Vaishali Nagar,"Axis Bank ATM, Amrapali Circle, Vaishali Nagar"
INC-14134,Jodhpur,Loan App Fraud,31018,11:37,12-24 Hours,Bani Park,"HDFC ATM, Sindhi Camp Bus Stand Road, Bani Park"
INC-14135,Bikaner,KYC Fraud,55004,11:36,12-24 Hours,Bani Park,"SBI ATM, Collectorate Circle, Bani Park"
INC-14136,Jaipur,UPI Scam,3818,10:50,1-2 Hours,Mansarovar,"Bank of Baroda ATM, Kaveri Path, Mansarovar"
INC-14137,Udaipur,Investment Scam,53835,10:13,12-24 Hours,C-Scheme,"SBI ATM, Subhash Marg, C-Scheme"
INC-14138,Udaipur,Loan App Fraud,21362,14:18,1-2 Hours,Vidyadhar Nagar,"PNB ATM, Alka Cinema Road, Vidyadhar Nagar"
INC-14139,Jaipur,KYC Fraud,32380,17:13,12-24 Hours,Malviya Nagar,"PNB ATM, Gaurav Tower (GT) Road, Malviya Nagar"
INC-14140,Jaipur,Job Fraud,159074,12:00,12-24 Hours,C-Scheme,"HDFC ATM, Statue Circle, C-Scheme"
INC-14141,Jodhpur,UPI Scam,27854,15:04,1-2 Hours,Mansarovar,"Bank of Baroda ATM, Rajat Path, Mansarovar"
INC-14142,Jaipur,Loan App Fraud,41057,10:18,12-24 Hours,Malviya Nagar,"SBI ATM, Sector 3 Market, Malviya Nagar"
INC-14143,Jaipur,Job Fraud,25745,11:48,1-2 Hours,Jagatpura,"SBI ATM, NRI Colony, Jagatpura"
INC-14144,Kota,OLX Scam,15363,13:40,1-2 Hours,Vaishali Nagar,"Kotak Mahindra ATM, Amrapali Circle, Vaishali Nagar"
INC-14145,Jodhpur,UPI Scam,31230,15:49,12-24 Hours,Mansarovar,"HDFC ATM, VT Road Chauraha, Mansarovar"
INC-14146,Tonk,OLX Scam,18385,14:29,1-2 Hours,Vaishali Nagar,"Axis Bank ATM, Hanuman Nagar, Vaishali Nagar"
INC-14147,Jaipur,Credit Card Cloning,144476,00:42,12-24 Hours,Pratap Nagar,"ICICI ATM, Tonk Road, Pratap Nagar"
INC-14148,Jaipur,Job Fraud,100720,13:32,12-24 Hours,Sitapura Industrial,"Kotak Mahindra ATM, India Gate, Sitapura Industrial"
INC-14149,Jaipur,UPI Scam,8332,19:14,1-2 Hours,Mansarovar,"HDFC ATM, VT Road Chauraha, Mansarovar"
INC-14150,Bikaner,UPI Scam,36131,14:53,12-24 Hours,Mansarovar,"Union Bank ATM, Kissan Dharam Kanta, Mansarovar"
INC-14151,Udaipur,UPI Scam,8751,16:55,1-2 Hours,Mansarovar,"ICICI ATM, Madhyam Marg, Mansarovar"
INC-14152,Jaipur,Loan App Fraud,37474,19:22,12-24 Hours,Malviya Nagar,"PNB ATM, Gaurav Tower (GT) Road, Malviya Nagar"
INC-14153,Udaipur,Investment Scam,92108,14:31,12-24 Hours,Sitapura Industrial,"Kotak Mahindra ATM, Tonk Road Junction, Sitapura Industrial"
INC-14154,Ajmer,UPI Scam,40261,11:20,12-24 Hours,Mansarovar,"ICICI ATM, Kissan Dharam Kanta, Mansarovar"
INC-14155,Jaipur,Loan App Fraud,11040,18:44,1-2 Hours,Mansarovar,"Union Bank ATM, Patrakar Colony, Mansarovar"
INC-14156,Jodhpur,Credit Card Cloning,80725,16:43,12-24 Hours,Pratap Nagar,"PNB ATM, Sector 11, Pratap Nagar"
INC-14157,Bikaner,Investment Scam,146393,18:52,12-24 Hours,C-Scheme,"SBI ATM, Ahinsa Circle, C-Scheme"
INC-14158,Ajmer,Loan App Fraud,55465,11:50,12-24 Hours,Bani Park,"Union Bank ATM, Sindhi Camp Bus Stand Road, Bani Park"
INC-14159,Jaipur,Investment Scam,65693,13:03,12-24 Hours,C-Scheme,"SBI ATM, Ashok Marg, C-Scheme"
INC-14160,Alwar,Investment Scam,212020,13:55,12-24 Hours,Vidyadhar Nagar,"Axis Bank ATM, Central Spine, Vidyadhar Nagar"
INC-14161,Ajmer,OLX Scam,10052,10:15,1-2 Hours,Bani Park,"Kotak Mahindra ATM, Collectorate Circle, Bani Park"
INC-14162,Pali,OLX Scam,21631,13:36,1-2 Hours,Vaishali Nagar,"Axis Bank ATM, Hanuman Nagar, Vaishali Nagar"
INC-14163,Jaipur,OLX Scam,33860,13:04,12-24 Hours,Vaishali Nagar,"SBI ATM, Queens Road, Vaishali Nagar"
INC-14164,Jaipur,Loan App Fraud,25698,14:12,1-2 Hours,Vaishali Nagar,"ICICI ATM, Nursery Circle, Vaishali Nagar"
INC-14165,Ajmer,UPI Scam,26900,17:05,1-2 Hours,Bani Park,"ICICI ATM, Peetal Factory, Bani Park"
INC-14166,Jodhpur,Credit Card Cloning,167418,14:47,12-24 Hours,Bani Park,"Kotak Mahindra ATM, Peetal Factory, Bani Park"
INC-14167,Jaipur,KYC Fraud,47875,20:43,12-24 Hours,Jagatpura,"SBI ATM, NRI Colony, Jagatpura"
INC-14168,Ajmer,Credit Card Cloning,76004,17:55,12-24 Hours,Pratap Nagar,"HDFC ATM, Tonk Road, Pratap Nagar"
INC-14169,Jaipur,UPI Scam,25588,11:14,1-2 Hours,Mansarovar,"ICICI ATM, Rajat Path, Mansarovar"
INC-14170,Jaipur,Investment Scam,25229,17:43,1-2 Hours,Bani Park,"Bank of Baroda ATM, Sindhi Camp Bus Stand Road, Bani Park"
INC-14171,Ajmer,Investment Scam,71519,13:39,12-24 Hours,C-Scheme,"HDFC ATM, MI Road Junction, C-Scheme"
INC-14172,Jaipur,Job Fraud,78884,17:56,12-24 Hours,C-Scheme,"SBI ATM, Ahinsa Circle, C-Scheme"
INC-14173,Jaipur,KYC Fraud,6673,19:20,1-2 Hours,Vaishali Nagar,"Union Bank ATM, Gandhi Path, Vaishali Nagar"
INC-14174,Alwar,Loan App Fraud,5400,19:28,1-2 Hours,Vidyadhar Nagar,"Kotak Mahindra ATM, National Highway 52 Bypass, Vidyadhar Nagar"
INC-14175,Jaipur,Investment Scam,141851,14:03,12-24 Hours,C-Scheme,"ICICI ATM, Ashok Marg, C-Scheme"
INC-14176,Ajmer,UPI Scam,22588,19:28,1-2 Hours,Mansarovar,"Axis Bank ATM, Patrakar Colony, Mansarovar"
INC-14177,Jodhpur,Credit Card Cloning,117956,17:28,12-24 Hours,Pratap Nagar,"Bank of Baroda ATM, Tonk Road, Pratap Nagar"
INC-14178,Jaipur,Job Fraud,95661,12:13,12-24 Hours,Jagatpura,"Axis Bank ATM, Ramnagariya, Jagatpura"
INC-14179,Jaipur,OLX Scam,2791,14:57,1-2 Hours,Vaishali Nagar,"ICICI ATM, Nursery Circle, Vaishali Nagar"
INC-14180,Jaipur,Investment Scam,101224,11:52,12-24 Hours,C-Scheme,"SBI ATM, MI Road Junction, C-Scheme"
INC-14181,Bikaner,Investment Scam,170545,12:54,12-24 Hours,C-Scheme,"Axis Bank ATM, Ashok Marg, C-Scheme"
INC-14182,Alwar,OLX Scam,38082,09:26,12-24 Hours,Malviya Nagar,"HDFC ATM, JLN Marg, Malviya Nagar"
INC-14183,Jaipur,KYC Fraud,14008,16:04,1-2 Hours,Mansarovar,"Bank of Baroda ATM, Patrakar Colony, Mansarovar"
INC-14184,Jaipur,UPI Scam,26709,13:10,1-2 Hours,Mansarovar,"Kotak Mahindra ATM, VT Road Chauraha, Mansarovar"
INC-14185,Pali,KYC Fraud,44606,10:02,12-24 Hours,Mansarovar,"Kotak Mahindra ATM, Madhyam Marg, Mansarovar"
INC-14186,Jodhpur,Loan App Fraud,30167,10:18,12-24 Hours,Bani Park,"Kotak Mahindra ATM, Collectorate Circle, Bani Park"
INC-14187,Jodhpur,UPI Scam,7786,12:24,1-2 Hours,Mansarovar,"HDFC ATM, Rajat Path, Mansarovar"
INC-14188,Pali,UPI Scam,14261,10:34,1-2 Hours,Mansarovar,"Union Bank ATM, Kaveri Path, Mansarovar"
INC-14189,Jaipur,Loan App Fraud,67557,12:03,12-24 Hours,Vidyadhar Nagar,"Kotak Mahindra ATM, National Highway 52 Bypass, Vidyadhar Nagar"
INC-14190,Bhilwara,Loan App Fraud,22223,18:47,1-2 Hours,Vidyadhar Nagar,"Bank of Baroda ATM, National Highway 52 Bypass, Vidyadhar Nagar"
INC-14191,Jaipur,Investment Scam,135167,15:01,12-24 Hours,Bani Park,"ICICI ATM, Kabir Marg, Bani Park"
INC-14192,Jaipur,Credit Card Cloning,29242,21:16,1-2 Hours,Sitapura Industrial,"Union Bank ATM, RIICO Phase 1, Sitapura Industrial"
INC-14193,Ajmer,OLX Scam,7889,11:36,1-2 Hours,Vaishali Nagar,"PNB ATM, Nursery Circle, Vaishali Nagar"
INC-14194,Kota,KYC Fraud,42548,10:48,12-24 Hours,Bani Park,"ICICI ATM, Kabir Marg, Bani Park"
INC-14195,Kota,UPI Scam,2983,17:50,1-2 Hours,Mansarovar,"HDFC ATM, Patrakar Colony, Mansarovar"
INC-14196,Alwar,UPI Scam,24534,22:35,1-2 Hours,Mansarovar,"Union Bank ATM, Kissan Dharam Kanta, Mansarovar"
INC-14197,Jaipur,Loan App Fraud,16247,15:30,1-2 Hours,Mansarovar,"Bank of Baroda ATM, Madhyam Marg, Mansarovar"
INC-14198,Kota,Loan App Fraud,15158,16:03,1-2 Hours,Vidyadhar Nagar,"PNB ATM, Sector 2, Vidyadhar Nagar"
INC-14199,Jaipur,Loan App Fraud,54402,14:52,12-24 Hours,Vidyadhar Nagar,"PNB ATM, Alka Cinema Road, Vidyadhar Nagar"
INC-14200,Jaipur,Loan App Fraud,39539,15:41,12-24 Hours,Mansarovar,"Axis Bank ATM, Kissan Dharam Kanta, Mansarovar"
INC-14201,Jodhpur,OLX Scam,16858,15:01,1-2 Hours,Vaishali Nagar,"Bank of Baroda ATM, Hanuman Nagar, Vaishali Nagar"
INC-14202,Jaipur,Loan App Fraud,36948,15:53,12-24 Hours,Malviya Nagar,"Kotak Mahindra ATM, Calgiri Road, Malviya Nagar"
INC-14203,Jaipur,Credit Card Cloning,116337,16:21,12-24 Hours,Sitapura Industrial,"Union Bank ATM, RIICO Phase 1, Sitapura Industrial"
INC-14204,Ajmer,Investment Scam,77461,11:39,12-24 Hours,C-Scheme,"HDFC ATM, Ahinsa Circle, C-Scheme"
INC-14205,Jaipur,OLX Scam,8615,14:07,1-2 Hours,Vaishali Nagar,"HDFC ATM, Nursery Circle, Vaishali Nagar"
INC-14206,Udaipur,OLX Scam,20535,09:25,1-2 Hours,Vaishali Nagar,"PNB ATM, Hanuman Nagar, Vaishali Nagar"
INC-14207,Jaipur,Loan App Fraud,54761,14:00,12-24 Hours,Vidyadhar Nagar,"Kotak Mahindra ATM, Alka Cinema Road, Vidyadhar Nagar"
INC-14208,Jodhpur,OLX Scam,11291,10:06,1-2 Hours,Vaishali Nagar,"Union Bank ATM, Queens Road, Vaishali Nagar"
INC-14209,Jaipur,Job Fraud,80622,11:53,12-24 Hours,C-Scheme,"ICICI ATM, Ashok Marg, C-Scheme"
INC-14210,Bhilwara,Investment Scam,172683,13:07,12-24 Hours,C-Scheme,"Axis Bank ATM, Ashok Marg, C-Scheme"
INC-14211,Jodhpur,UPI Scam,25455,16:58,1-2 Hours,Mansarovar,"ICICI ATM, Rajat Path, Mansarovar"
INC-14212,Jodhpur,Job Fraud,159392,17:25,12-24 Hours,Bani Park,"Kotak Mahindra ATM, Sindhi Camp Bus Stand Road, Bani Park"
INC-14213,Udaipur,UPI Scam,14355,12:31,1-2 Hours,Mansarovar,"Bank of Baroda ATM, VT Road Chauraha, Mansarovar"
INC-14214,Jodhpur,OLX Scam,17254,18:13,1-2 Hours,Bani Park,"Axis Bank ATM, Collectorate Circle, Bani Park"
INC-14215,Tonk,Investment Scam,120105,14:33,12-24 Hours,C-Scheme,"Kotak Mahindra ATM, Ahinsa Circle, C-Scheme"
INC-14216,Alwar,Loan App Fraud,17767,15:45,1-2 Hours,Vidyadhar Nagar,"Axis Bank ATM, National Highway 52 Bypass, Vidyadhar Nagar"
INC-14217,Bhilwara,UPI Scam,12361,17:17,1-2 Hours,Mansarovar,"Union Bank ATM, Patrakar Colony, Mansarovar"
INC-14218,Sikar,OLX Scam,26842,13:26,1-2 Hours,Vaishali Nagar,"SBI ATM, Hanuman Nagar, Vaishali Nagar"
INC-14219,Udaipur,UPI Scam,14186,17:14,1-2 Hours,Mansarovar,"Union Bank ATM, Kissan Dharam Kanta, Mansarovar"
INC-14220,Alwar,UPI Scam,45352,15:13,12-24 Hours,Mansarovar,"Bank of Baroda ATM, Kissan Dharam Kanta, Mansarovar"
INC-14221,Pali,KYC Fraud,57428,16:51,12-24 Hours,Jhotwara,"SBI ATM, Kanta Chauraha, Jhotwara"
INC-14222,Jaipur,Credit Card Cloning,251624,18:51,12-24 Hours,C-Scheme,"Union Bank ATM, Statue Circle, C-Scheme"
INC-14223,Jaipur,Credit Card Cloning,146222,18:37,12-24 Hours,Pratap Nagar,"Kotak Mahindra ATM, Tonk Road, Pratap Nagar"
INC-14224,Jaipur,KYC Fraud,26611,12:16,1-2 Hours,Vaishali Nagar,"HDFC ATM, Amrapali Circle, Vaishali Nagar"
INC-14225,Ajmer,KYC Fraud,75834,19:24,12-24 Hours,Bani Park,"HDFC ATM, Sindhi Camp Bus Stand Road, Bani Park"
INC-14226,Jaipur,Sextortion,29069,02:54,1-2 Hours,Sitapura Industrial,"HDFC ATM, India Gate, Sitapura Industrial"
INC-14227,Udaipur,Job Fraud,94216,13:43,12-24 Hours,C-Scheme,"PNB ATM, MI Road Junction, C-Scheme"
INC-14228,Ajmer,Job Fraud,63674,14:56,12-24 Hours,Bani Park,"Bank of Baroda ATM, Kabir Marg, Bani Park"
INC-14229,Jodhpur,Sextortion,34018,01:07,12-24 Hours,Sitapura Industrial,"Kotak Mahindra ATM, India Gate, Sitapura Industrial"
INC-14230,Ajmer,KYC Fraud,23755,14:35,1-2 Hours,Bani Park,"PNB ATM, Kabir Marg, Bani Park"
INC-14231,Sikar,Investment Scam,107106,12:50,12-24 Hours,C-Scheme,"PNB ATM, Ahinsa Circle, C-Scheme"
INC-14232,Jodhpur,KYC Fraud,12816,17:49,1-2 Hours,Bani Park,"Kotak Mahindra ATM, Kabir Marg, Bani Park"
INC-14233,Jaipur,Investment Scam,159310,11:32,12-24 Hours,C-Scheme,"ICICI ATM, MI Road Junction, C-Scheme"
INC-14234,Alwar,KYC Fraud,46787,11:36,12-24 Hours,Bani Park,"PNB ATM, Peetal Factory, Bani Park"
INC-14235,Bikaner,Job Fraud,143072,12:51,12-24 Hours,Bani Park,"Union Bank ATM, Sindhi Camp Bus Stand Road, Bani Park"
INC-14236,Jodhpur,Credit Card Cloning,207491,17:42,12-24 Hours,Bani Park,"Union Bank ATM, Sindhi Camp Bus Stand Road, Bani Park"
INC-14237,Udaipur,UPI Scam,6270,16:41,1-2 Hours,Mansarovar,"ICICI ATM, Patrakar Colony, Mansarovar"
INC-14238,Sikar,UPI Scam,18365,17:25,1-2 Hours,Mansarovar,"Axis Bank ATM, Rajat Path, Mansarovar"
INC-14239,Jaipur,Credit Card Cloning,108930,19:24,12-24 Hours,C-Scheme,"ICICI ATM, Ashok Marg, C-Scheme"
INC-14240,Tonk,UPI Scam,13641,11:22,1-2 Hours,Mansarovar,"Union Bank ATM, Kissan Dharam Kanta, Mansarovar"
INC-14241,Jaipur,Investment Scam,24091,10:28,1-2 Hours,C-Scheme,"Union Bank ATM, Ahinsa Circle, C-Scheme"
INC-14242,Jodhpur,Investment Scam,115511,12:36,12-24 Hours,Bani Park,"Union Bank ATM, Sindhi Camp Bus Stand Road, Bani Park"
INC-14243,Sikar,Loan App Fraud,48984,12:25,12-24 Hours,Bani Park,"Kotak Mahindra ATM, Peetal Factory, Bani Park"
INC-14244,Jaipur,Investment Scam,212528,12:25,12-24 Hours,C-Scheme,"Axis Bank ATM, Ahinsa Circle, C-Scheme"
INC-14245,Alwar,Loan App Fraud,40469,13:21,12-24 Hours,Vidyadhar Nagar,"Union Bank ATM, Sector 2, Vidyadhar Nagar"
INC-14246,Jodhpur,Investment Scam,123793,13:27,12-24 Hours,Bani Park,"SBI ATM, Sindhi Camp Bus Stand Road, Bani Park"
INC-14247,Alwar,KYC Fraud,57916,12:58,12-24 Hours,Bani Park,"ICICI ATM, Peetal Factory, Bani Park"
INC-14248,Jaipur,OLX Scam,20107,18:50,1-2 Hours,Vaishali Nagar,"ICICI ATM, Gandhi Path, Vaishali Nagar"
INC-14249,Kota,UPI Scam,36209,13:41,12-24 Hours,Mansarovar,"Bank of Baroda ATM, Patrakar Colony, Mansarovar"
INC-14250,Jaipur,OLX Scam,17998,12:17,1-2 Hours,Vaishali Nagar,"Kotak Mahindra ATM, Hanuman Nagar, Vaishali Nagar"
INC-14251,Jaipur,OLX Scam,6758,20:42,1-2 Hours,Vaishali Nagar,"Union Bank ATM, Hanuman Nagar, Vaishali Nagar"
INC-14252,Jaipur,Job Fraud,26508,18:11,1-2 Hours,Jagatpura,"Union Bank ATM, NRI Colony, Jagatpura"
INC-14253,Jaipur,KYC Fraud,47960,18:22,12-24 Hours,Malviya Nagar,"Kotak Mahindra ATM, Apex Circle, Malviya Nagar"
INC-14254,Jaipur,KYC Fraud,24001,12:00,1-2 Hours,C-Scheme,"Bank of Baroda ATM, Subhash Marg, C-Scheme"
INC-14255,Jodhpur,Loan App Fraud,43953,14:05,12-24 Hours,Bani Park,"PNB ATM, Kabir Marg, Bani Park"
INC-14256,Jaipur,UPI Scam,45240,15:11,12-24 Hours,Mansarovar,"Kotak Mahindra ATM, Rajat Path, Mansarovar"
INC-14257,Pali,KYC Fraud,23453,11:24,1-2 Hours,Bani Park,"SBI ATM, Collectorate Circle, Bani Park"
INC-14258,Alwar,KYC Fraud,21096,13:04,1-2 Hours,Jhotwara,"Union Bank ATM, Kanta Chauraha, Jhotwara"
INC-14259,Bhilwara,OLX Scam,27255,12:51,1-2 Hours,Vaishali Nagar,"ICICI ATM, Nursery Circle, Vaishali Nagar"
INC-14260,Jaipur,Investment Scam,103863,16:44,12-24 Hours,Sitapura Industrial,"Union Bank ATM, Tonk Road Junction, Sitapura Industrial"
INC-14261,Jaipur,UPI Scam,12839,17:09,1-2 Hours,Mansarovar,"HDFC ATM, Patrakar Colony, Mansarovar"
INC-14262,Pali,Investment Scam,130734,12:02,12-24 Hours,C-Scheme,"PNB ATM, Subhash Marg, C-Scheme"
INC-14263,Kota,Sextortion,131450,20:46,12-24 Hours,Sitapura Industrial,"ICICI ATM, Mahatma Gandhi Hospital Road, Sitapura Industrial"
INC-14264,Jodhpur,Job Fraud,79582,10:28,12-24 Hours,Bani Park,"PNB ATM, Sindhi Camp Bus Stand Road, Bani Park"
INC-14265,Kota,Loan App Fraud,39034,16:57,12-24 Hours,Vidyadhar Nagar,"HDFC ATM, Sector 2, Vidyadhar Nagar"
INC-14266,Jodhpur,UPI Scam,32649,15:34,12-24 Hours,Mansarovar,"Bank of Baroda ATM, Kaveri Path, Mansarovar"
INC-14267,Bikaner,Job Fraud,14019,16:01,1-2 Hours,Jagatpura,"HDFC ATM, SKIT College Road, Jagatpura"
INC-14268,Jaipur,OLX Scam,25405,13:21,1-2 Hours,Vaishali Nagar,"HDFC ATM, Amrapali Circle, Vaishali Nagar"
INC-14269,Jodhpur,Loan App Fraud,19464,19:40,1-2 Hours,Bani Park,"Kotak Mahindra ATM, Collectorate Circle, Bani Park"
INC-14270,Jaipur,UPI Scam,11788,10:01,1-2 Hours,Mansarovar,"PNB ATM, Kissan Dharam Kanta, Mansarovar"
INC-14271,Bhilwara,Loan App Fraud,11781,18:49,1-2 Hours,Vidyadhar Nagar,"Union Bank ATM, Alka Cinema Road, Vidyadhar Nagar"
INC-14272,Jaipur,Sextortion,28243,00:49,1-2 Hours,Sitapura Industrial,"Axis Bank ATM, Tonk Road Junction, Sitapura Industrial"
INC-14273,Jaipur,Sextortion,92310,00:57,12-24 Hours,Sitapura Industrial,"PNB ATM, Mahatma Gandhi Hospital Road, Sitapura Industrial"
INC-14274,Sikar,KYC Fraud,9641,11:14,1-2 Hours,Vaishali Nagar,"SBI ATM, Gandhi Path, Vaishali Nagar"
INC-14275,Jaipur,Investment Scam,186653,12:25,12-24 Hours,C-Scheme,"HDFC ATM, Subhash Marg, C-Scheme"
INC-14276,Jodhpur,Investment Scam,236113,14:19,12-24 Hours,C-Scheme,"Bank of Baroda ATM, Ahinsa Circle, C-Scheme"
INC-14277,Jaipur,Sextortion,74848,23:33,12-24 Hours,Sitapura Industrial,"Bank of Baroda ATM, RIICO Phase 1, Sitapura Industrial"
INC-14278,Jodhpur,Loan App Fraud,50550,15:54,12-24 Hours,Bani Park,"ICICI ATM, Sindhi Camp Bus Stand Road, Bani Park"
INC-14279,Jaipur,Sextortion,28143,22:16,1-2 Hours,Sitapura Industrial,"Union Bank ATM, Tonk Road Junction, Sitapura Industrial"
INC-14280,Jaipur,UPI Scam,7627,12:16,1-2 Hours,Mansarovar,"Bank of Baroda ATM, Kissan Dharam Kanta, Mansarovar"
INC-14281,Jaipur,KYC Fraud,28708,08:56,1-2 Hours,Malviya Nagar,"Axis Bank ATM, Apex Circle, Malviya Nagar"
INC-14282,Tonk,Sextortion,45217,00:33,12-24 Hours,Sitapura Industrial,"Union Bank ATM, Mahatma Gandhi Hospital Road, Sitapura Industrial"
INC-14283,Jodhpur,Job Fraud,76349,13:39,12-24 Hours,C-Scheme,"Bank of Baroda ATM, Subhash Marg, C-Scheme"
INC-14284,Jaipur,KYC Fraud,58813,13:15,12-24 Hours,Vaishali Nagar,"ICICI ATM, Gandhi Path, Vaishali Nagar"
INC-14285,Jodhpur,OLX Scam,23969,14:47,1-2 Hours,Vaishali Nagar,"Axis Bank ATM, Hanuman Nagar, Vaishali Nagar"
INC-14286,Alwar,Investment Scam,118198,12:57,12-24 Hours,Vidyadhar Nagar,"SBI ATM, Sector 2, Vidyadhar Nagar"
INC-14287,Tonk,Loan App Fraud,64675,12:05,12-24 Hours,Vidyadhar Nagar,"Union Bank ATM, Alka Cinema Road, Vidyadhar Nagar"
INC-14288,Sikar,UPI Scam,8554,12:29,1-2 Hours,Pratap Nagar,"PNB ATM, Sector 11, Pratap Nagar"
INC-14289,Jaipur,KYC Fraud,15414,10:01,1-2 Hours,Bani Park,"Axis Bank ATM, Collectorate Circle, Bani Park"
INC-14290,Kota,UPI Scam,11865,16:54,1-2 Hours,Mansarovar,"Kotak Mahindra ATM, Kissan Dharam Kanta, Mansarovar"
INC-14291,Ajmer,UPI Scam,18161,15:48,1-2 Hours,Bani Park,"Union Bank ATM, Sindhi Camp Bus Stand Road, Bani Park"
INC-14292,Jaipur,Loan App Fraud,12062,17:47,1-2 Hours,Mansarovar,"PNB ATM, VT Road Chauraha, Mansarovar"
INC-14293,Udaipur,Job Fraud,62528,15:41,12-24 Hours,Bani Park,"Union Bank ATM, Kabir Marg, Bani Park"
INC-14294,Jaipur,Investment Scam,187073,12:08,12-24 Hours,C-Scheme,"Axis Bank ATM, MI Road Junction, C-Scheme"
INC-14295,Jaipur,UPI Scam,41302,14:23,12-24 Hours,Mansarovar,"Union Bank ATM, Patrakar Colony, Mansarovar"
INC-14296,Jodhpur,KYC Fraud,13445,10:05,1-2 Hours,Bani Park,"Bank of Baroda ATM, Sindhi Camp Bus Stand Road, Bani Park"
INC-14297,Jaipur,Loan App Fraud,37186,14:14,12-24 Hours,Mansarovar,"Axis Bank ATM, Kaveri Path, Mansarovar"
INC-14298,Ajmer,KYC Fraud,44760,14:48,12-24 Hours,Bani Park,"ICICI ATM, Collectorate Circle, Bani Park"
INC-14299,Kota,Credit Card Cloning,106515,18:42,12-24 Hours,Vidyadhar Nagar,"Axis Bank ATM, National Highway 52 Bypass, Vidyadhar Nagar"
INC-14300,Udaipur,Job Fraud,68656,13:11,12-24 Hours,Jagatpura,"Axis Bank ATM, 7 Number Stand, Jagatpura"
INC-14301,Ajmer,OLX Scam,18310,10:05,1-2 Hours,Bani Park,"PNB ATM, Peetal Factory, Bani Park"
INC-14302,Bhilwara,Credit Card Cloning,156486,21:42,12-24 Hours,Pratap Nagar,"Union Bank ATM, Tonk Road, Pratap Nagar"
INC-14303,Bikaner,Sextortion,85609,23:55,12-24 Hours,Sitapura Industrial,"HDFC ATM, India Gate, Sitapura Industrial"
INC-14304,Ajmer,Job Fraud,51225,14:45,12-24 Hours,Jagatpura,"HDFC ATM, Mahal Road, Jagatpura"
INC-14305,Ajmer,Investment Scam,89582,17:17,12-24 Hours,C-Scheme,"HDFC ATM, MI Road Junction, C-Scheme"
INC-14306,Udaipur,Sextortion,63597,21:18,12-24 Hours,Sitapura Industrial,"Kotak Mahindra ATM, EPI Zone, Sitapura Industrial"
INC-14307,Kota,Job Fraud,91442,13:51,12-24 Hours,Bani Park,"Union Bank ATM, Sindhi Camp Bus Stand Road, Bani Park"
INC-14308,Bhilwara,UPI Scam,5590,16:16,1-2 Hours,Mansarovar,"HDFC ATM, Rajat Path, Mansarovar"
INC-14309,Jaipur,Investment Scam,170607,14:20,12-24 Hours,C-Scheme,"Bank of Baroda ATM, Subhash Marg, C-Scheme"
INC-14310,Ajmer,UPI Scam,39889,17:06,12-24 Hours,Vaishali Nagar,"Kotak Mahindra ATM, Nursery Circle, Vaishali Nagar"
INC-14311,Alwar,Investment Scam,278574,09:44,12-24 Hours,Jhotwara,"Bank of Baroda ATM, Lata Circle, Jhotwara"
INC-14312,Udaipur,UPI Scam,9349,11:44,1-2 Hours,Mansarovar,"PNB ATM, Rajat Path, Mansarovar"
INC-14313,Ajmer,KYC Fraud,21264,15:22,1-2 Hours,Bani Park,"Axis Bank ATM, Collectorate Circle, Bani Park"
INC-14314,Jaipur,UPI Scam,19649,16:48,1-2 Hours,Mansarovar,"PNB ATM, VT Road Chauraha, Mansarovar"
INC-14315,Tonk,KYC Fraud,62850,14:13,12-24 Hours,Bani Park,"Union Bank ATM, Peetal Factory, Bani Park"
INC-14316,Jaipur,Investment Scam,204960,12:03,12-24 Hours,C-Scheme,"Union Bank ATM, Ashok Marg, C-Scheme"
INC-14317,Jaipur,UPI Scam,13840,15:58,1-2 Hours,Mansarovar,"SBI ATM, Kissan Dharam Kanta, Mansarovar"
INC-14318,Udaipur,Job Fraud,100978,11:42,12-24 Hours,Bani Park,"Kotak Mahindra ATM, Collectorate Circle, Bani Park"
INC-14319,Tonk,Job Fraud,72794,11:48,12-24 Hours,C-Scheme,"Kotak Mahindra ATM, MI Road Junction, C-Scheme"
INC-14320,Udaipur,Credit Card Cloning,108767,20:49,12-24 Hours,Pratap Nagar,"ICICI ATM, Sector 11, Pratap Nagar"
INC-14321,Jaipur,KYC Fraud,28526,17:22,1-2 Hours,Malviya Nagar,"Axis Bank ATM, Calgiri Road, Malviya Nagar"
INC-14322,Kota,KYC Fraud,72335,19:34,12-24 Hours,Jhotwara,"Bank of Baroda ATM, Kanta Chauraha, Jhotwara"
INC-14323,Jodhpur,Investment Scam,123195,11:42,12-24 Hours,Bani Park,"HDFC ATM, Collectorate Circle, Bani Park"
INC-14324,Udaipur,Sextortion,33800,00:47,12-24 Hours,Sitapura Industrial,"PNB ATM, Tonk Road Junction, Sitapura Industrial"
INC-14325,Sikar,Loan App Fraud,17525,14:42,1-2 Hours,Jhotwara,"Axis Bank ATM, Triton Mall Road, Jhotwara"
INC-14326,Pali,UPI Scam,23964,11:16,1-2 Hours,Bani Park,"Kotak Mahindra ATM, Kabir Marg, Bani Park"
INC-14327,Jaipur,Investment Scam,52726,12:13,12-24 Hours,C-Scheme,"Kotak Mahindra ATM, Subhash Marg, C-Scheme"
INC-14328,Tonk,UPI Scam,17060,13:43,1-2 Hours,Mansarovar,"SBI ATM, Patrakar Colony, Mansarovar"
INC-14329,Jaipur,OLX Scam,12880,14:53,1-2 Hours,Vaishali Nagar,"SBI ATM, Queens Road, Vaishali Nagar"
INC-14330,Pali,UPI Scam,10807,15:46,1-2 Hours,Mansarovar,"Axis Bank ATM, Rajat Path, Mansarovar"
INC-14331,Udaipur,Credit Card Cloning,148638,16:20,12-24 Hours,Pratap Nagar,"ICICI ATM, Tonk Road, Pratap Nagar"
INC-14332,Ajmer,Job Fraud,67897,13:05,12-24 Hours,C-Scheme,"SBI ATM, Subhash Marg, C-Scheme"
INC-14333,Tonk,Credit Card Cloning,225350,19:00,12-24 Hours,Pratap Nagar,"ICICI ATM, Sector 16 Market, Pratap Nagar"
INC-14334,Jaipur,UPI Scam,12149,17:32,1-2 Hours,Mansarovar,"ICICI ATM, Kissan Dharam Kanta, Mansarovar"
INC-14335,Ajmer,Sextortion,36667,20:23,12-24 Hours,Sitapura Industrial,"PNB ATM, RIICO Phase 1, Sitapura Industrial"
INC-14336,Udaipur,UPI Scam,8716,15:46,1-2 Hours,Mansarovar,"Bank of Baroda ATM, Madhyam Marg, Mansarovar"
INC-14337,Ajmer,Investment Scam,188401,13:38,12-24 Hours,C-Scheme,"Bank of Baroda ATM, MI Road Junction, C-Scheme"
INC-14338,Jaipur,OLX Scam,11065,18:55,1-2 Hours,Vaishali Nagar,"Union Bank ATM, Amrapali Circle, Vaishali Nagar"
INC-14339,Tonk,KYC Fraud,4116,15:59,1-2 Hours,Jhotwara,"ICICI ATM, Lata Circle, Jhotwara"
INC-14340,Jaipur,OLX Scam,31900,14:46,12-24 Hours,Vaishali Nagar,"HDFC ATM, Queens Road, Vaishali Nagar"
INC-14341,Pali,KYC Fraud,57606,15:42,12-24 Hours,Jhotwara,"Kotak Mahindra ATM, Lata Circle, Jhotwara"
INC-14342,Jaipur,Investment Scam,106315,12:15,12-24 Hours,C-Scheme,"ICICI ATM, MI Road Junction, C-Scheme"
INC-14343,Jaipur,UPI Scam,49668,22:34,12-24 Hours,Vaishali Nagar,"SBI ATM, Hanuman Nagar, Vaishali Nagar"
INC-14344,Jaipur,Job Fraud,53925,15:34,12-24 Hours,Jagatpura,"SBI ATM, SKIT College Road, Jagatpura"
INC-14345,Jaipur,UPI Scam,22179,10:38,1-2 Hours,Mansarovar,"Kotak Mahindra ATM, Kissan Dharam Kanta, Mansarovar"
INC-14346,Udaipur,Loan App Fraud,21151,14:12,1-2 Hours,Vidyadhar Nagar,"Kotak Mahindra ATM, Alka Cinema Road, Vidyadhar Nagar"
INC-14347,Bikaner,Investment Scam,110989,15:28,12-24 Hours,C-Scheme,"PNB ATM, Subhash Marg, C-Scheme"
INC-14348,Jaipur,Job Fraud,171555,11:50,12-24 Hours,C-Scheme,"ICICI ATM, Statue Circle, C-Scheme"
INC-14349,Bhilwara,Credit Card Cloning,225324,13:31,12-24 Hours,Pratap Nagar,"ICICI ATM, Kumbha Marg, Pratap Nagar"
INC-14350,Jaipur,Job Fraud,93845,11:38,12-24 Hours,Jagatpura,"ICICI ATM, Mahal Road, Jagatpura"
INC-14351,Jaipur,KYC Fraud,35904,12:36,12-24 Hours,Mansarovar,"Union Bank ATM, Rajat Path, Mansarovar"
INC-14352,Jodhpur,Job Fraud,49050,17:01,12-24 Hours,Bani Park,"Kotak Mahindra ATM, Peetal Factory, Bani Park"
INC-14353,Ajmer,Investment Scam,243119,13:46,12-24 Hours,C-Scheme,"PNB ATM, Subhash Marg, C-Scheme"
INC-14354,Jaipur,KYC Fraud,15063,13:32,1-2 Hours,Malviya Nagar,"Union Bank ATM, Apex Circle, Malviya Nagar"
INC-14355,Kota,Credit Card Cloning,86708,16:16,12-24 Hours,Pratap Nagar,"PNB ATM, Sector 11, Pratap Nagar"
INC-14356,Tonk,Investment Scam,241762,10:21,12-24 Hours,C-Scheme,"Bank of Baroda ATM, Statue Circle, C-Scheme"
INC-14357,Udaipur,Sextortion,55188,22:17,12-24 Hours,Sitapura Industrial,"Axis Bank ATM, Mahatma Gandhi Hospital Road, Sitapura Industrial"
INC-14358,Udaipur,Sextortion,46427,02:48,12-24 Hours,Sitapura Industrial,"HDFC ATM, Mahatma Gandhi Hospital Road, Sitapura Industrial"
INC-14359,Ajmer,Sextortion,42198,23:46,12-24 Hours,Jhotwara,"Axis Bank ATM, Panchawala, Jhotwara"
INC-14360,Jaipur,Job Fraud,93909,09:22,12-24 Hours,C-Scheme,"Bank of Baroda ATM, Ashok Marg, C-Scheme"
INC-14361,Kota,KYC Fraud,22645,14:14,1-2 Hours,Malviya Nagar,"HDFC ATM, Sector 3 Market, Malviya Nagar"
INC-14362,Jaipur,Loan App Fraud,23120,12:12,1-2 Hours,Malviya Nagar,"HDFC ATM, Calgiri Road, Malviya Nagar"
INC-14363,Alwar,OLX Scam,27563,10:23,1-2 Hours,Bani Park,"Axis Bank ATM, Sindhi Camp Bus Stand Road, Bani Park"
INC-14364,Bhilwara,UPI Scam,30488,15:25,12-24 Hours,Mansarovar,"SBI ATM, Kaveri Path, Mansarovar"
INC-14365,Tonk,UPI Scam,10236,16:31,1-2 Hours,Mansarovar,"Union Bank ATM, Kaveri Path, Mansarovar"
INC-14366,Kota,KYC Fraud,27014,15:29,1-2 Hours,Bani Park,"Union Bank ATM, Sindhi Camp Bus Stand Road, Bani Park"
INC-14367,Bhilwara,KYC Fraud,8081,19:54,1-2 Hours,Jhotwara,"Axis Bank ATM, Triton Mall Road, Jhotwara"
INC-14368,Jodhpur,UPI Scam,20981,14:50,1-2 Hours,Mansarovar,"Bank of Baroda ATM, Madhyam Marg, Mansarovar"
INC-14369,Bhilwara,UPI Scam,27026,12:25,1-2 Hours,Mansarovar,"ICICI ATM, Kaveri Path, Mansarovar"
INC-14370,Jaipur,Job Fraud,170985,19:39,12-24 Hours,Sitapura Industrial,"SBI ATM, Tonk Road Junction, Sitapura Industrial"
INC-14371,Jaipur,UPI Scam,47614,13:24,12-24 Hours,Mansarovar,"Bank of Baroda ATM, Patrakar Colony, Mansarovar"
INC-14372,Jaipur,KYC Fraud,19254,10:28,1-2 Hours,Malviya Nagar,"HDFC ATM, JLN Marg, Malviya Nagar"
INC-14373,Jaipur,Job Fraud,129383,18:35,12-24 Hours,Jagatpura,"PNB ATM, SKIT College Road, Jagatpura"
INC-14374,Jaipur,Loan App Fraud,57831,17:31,12-24 Hours,Bani Park,"PNB ATM, Collectorate Circle, Bani Park"
INC-14375,Jaipur,KYC Fraud,14880,14:39,1-2 Hours,Mansarovar,"Kotak Mahindra ATM, Patrakar Colony, Mansarovar"
INC-14376,Alwar,UPI Scam,21851,18:22,1-2 Hours,Malviya Nagar,"Union Bank ATM, Gaurav Tower (GT) Road, Malviya Nagar"
INC-14377,Jaipur,UPI Scam,5657,15:06,1-2 Hours,Mansarovar,"ICICI ATM, Kaveri Path, Mansarovar"
INC-14378,Jaipur,Job Fraud,81877,15:28,12-24 Hours,Jagatpura,"Bank of Baroda ATM, NRI Colony, Jagatpura"
INC-14379,Ajmer,Investment Scam,192546,10:05,12-24 Hours,Bani Park,"ICICI ATM, Kabir Marg, Bani Park"
INC-14380,Jaipur,UPI Scam,11960,18:23,1-2 Hours,Mansarovar,"SBI ATM, Kaveri Path, Mansarovar"
INC-14381,Ajmer,UPI Scam,23384,16:59,1-2 Hours,Mansarovar,"Kotak Mahindra ATM, Kaveri Path, Mansarovar"
INC-14382,Jaipur,Sextortion,31940,23:30,12-24 Hours,Sitapura Industrial,"Kotak Mahindra ATM, Tonk Road Junction, Sitapura Industrial"
INC-14383,Jodhpur,Loan App Fraud,39743,14:06,12-24 Hours,Bani Park,"Bank of Baroda ATM, Kabir Marg, Bani Park"
INC-14384,Bikaner,KYC Fraud,43227,15:00,12-24 Hours,Bani Park,"ICICI ATM, Kabir Marg, Bani Park"
INC-14385,Jaipur,UPI Scam,29214,17:40,1-2 Hours,Mansarovar,"HDFC ATM, Madhyam Marg, Mansarovar"
INC-14386,Ajmer,KYC Fraud,20180,13:50,1-2 Hours,Bani Park,"PNB ATM, Kabir Marg, Bani Park"
INC-14387,Udaipur,UPI Scam,22043,11:03,1-2 Hours,Jhotwara,"HDFC ATM, Kanta Chauraha, Jhotwara"
INC-14388,Kota,Investment Scam,243348,12:42,12-24 Hours,C-Scheme,"SBI ATM, MI Road Junction, C-Scheme"
INC-14389,Jaipur,Investment Scam,205320,10:14,12-24 Hours,C-Scheme,"Kotak Mahindra ATM, Ahinsa Circle, C-Scheme"
INC-14390,Alwar,UPI Scam,13054,15:35,1-2 Hours,Mansarovar,"PNB ATM, Patrakar Colony, Mansarovar"
INC-14391,Jaipur,Loan App Fraud,39029,12:19,12-24 Hours,Vidyadhar Nagar,"SBI ATM, Alka Cinema Road, Vidyadhar Nagar"
INC-14392,Alwar,OLX Scam,8296,13:50,1-2 Hours,Vaishali Nagar,"SBI ATM, Gandhi Path, Vaishali Nagar"
INC-14393,Alwar,OLX Scam,7789,12:49,1-2 Hours,Vaishali Nagar,"Bank of Baroda ATM, Queens Road, Vaishali Nagar"
INC-14394,Udaipur,Investment Scam,138815,13:16,12-24 Hours,C-Scheme,"PNB ATM, Statue Circle, C-Scheme"
INC-14395,Jaipur,Credit Card Cloning,177226,19:46,12-24 Hours,Pratap Nagar,"SBI ATM, Haldi Ghati Marg, Pratap Nagar"
INC-14396,Jaipur,KYC Fraud,33464,20:40,12-24 Hours,Malviya Nagar,"Kotak Mahindra ATM, JLN Marg, Malviya Nagar"
INC-14397,Jaipur,KYC Fraud,19137,16:37,1-2 Hours,Malviya Nagar,"SBI ATM, Sector 3 Market, Malviya Nagar"
INC-14398,Udaipur,Sextortion,21325,02:26,1-2 Hours,Sitapura Industrial,"HDFC ATM, Tonk Road Junction, Sitapura Industrial"
INC-14399,Tonk,Loan App Fraud,13436,18:38,1-2 Hours,Vidyadhar Nagar,"PNB ATM, Alka Cinema Road, Vidyadhar Nagar"
INC-14400,Jaipur,UPI Scam,7540,10:09,1-2 Hours,Mansarovar,"Kotak Mahindra ATM, Kissan Dharam Kanta, Mansarovar"
INC-14401,Jodhpur,OLX Scam,6522,13:32,1-2 Hours,Vaishali Nagar,"Kotak Mahindra ATM, Hanuman Nagar, Vaishali Nagar"
INC-14402,Udaipur,UPI Scam,39880,17:31,12-24 Hours,Bani Park,"Union Bank ATM, Kabir Marg, Bani Park"
INC-14403,Jaipur,UPI Scam,6274,14:57,1-2 Hours,Mansarovar,"HDFC ATM, Kissan Dharam Kanta, Mansarovar"
INC-14404,Jaipur,OLX Scam,22103,17:24,1-2 Hours,Vaishali Nagar,"PNB ATM, Gandhi Path, Vaishali Nagar"
INC-14405,Pali,Investment Scam,106148,17:02,12-24 Hours,C-Scheme,"Kotak Mahindra ATM, Ashok Marg, C-Scheme"
INC-14406,Bhilwara,OLX Scam,5520,11:57,1-2 Hours,Vaishali Nagar,"ICICI ATM, Hanuman Nagar, Vaishali Nagar"
INC-14407,Bikaner,Investment Scam,109457,18:59,12-24 Hours,C-Scheme,"HDFC ATM, Statue Circle, C-Scheme"
INC-14408,Kota,Sextortion,17706,00:12,1-2 Hours,Sitapura Industrial,"SBI ATM, Mahatma Gandhi Hospital Road, Sitapura Industrial"
INC-14409,Bikaner,Investment Scam,132638,14:52,12-24 Hours,Bani Park,"PNB ATM, Sindhi Camp Bus Stand Road, Bani Park"
INC-14410,Udaipur,KYC Fraud,40446,14:54,12-24 Hours,Bani Park,"Kotak Mahindra ATM, Kabir Marg, Bani Park"
INC-14411,Kota,OLX Scam,23584,13:20,1-2 Hours,Vaishali Nagar,"PNB ATM, Gandhi Path, Vaishali Nagar"
INC-14412,Jodhpur,KYC Fraud,31526,11:34,12-24 Hours,Bani Park,"HDFC ATM, Sindhi Camp Bus Stand Road, Bani Park"
INC-14413,Jaipur,UPI Scam,29189,13:59,1-2 Hours,Mansarovar,"Bank of Baroda ATM, Patrakar Colony, Mansarovar"
INC-14414,Jaipur,Loan App Fraud,27101,12:57,1-2 Hours,Pratap Nagar,"SBI ATM, Tonk Road, Pratap Nagar"
INC-14415,Jaipur,Loan App Fraud,74618,16:12,12-24 Hours,C-Scheme,"ICICI ATM, Subhash Marg, C-Scheme"
INC-14416,Jaipur,UPI Scam,28028,15:50,1-2 Hours,Mansarovar,"HDFC ATM, Rajat Path, Mansarovar"
INC-14417,Jaipur,KYC Fraud,13186,12:58,1-2 Hours,Mansarovar,"Union Bank ATM, Kissan Dharam Kanta, Mansarovar"
INC-14418,Sikar,KYC Fraud,25229,15:48,1-2 Hours,Bani Park,"HDFC ATM, Kabir Marg, Bani Park"
INC-14419,Jodhpur,Loan App Fraud,45251,14:38,12-24 Hours,Bani Park,"PNB ATM, Kabir Marg, Bani Park"
INC-14420,Alwar,Investment Scam,95067,13:32,12-24 Hours,C-Scheme,"Kotak Mahindra ATM, Subhash Marg, C-Scheme"
INC-14421,Jaipur,Investment Scam,257367,09:41,12-24 Hours,C-Scheme,"Kotak Mahindra ATM, Subhash Marg, C-Scheme"
INC-14422,Udaipur,Investment Scam,49815,10:30,12-24 Hours,C-Scheme,"Axis Bank ATM, Ahinsa Circle, C-Scheme"
INC-14423,Udaipur,UPI Scam,12023,09:12,1-2 Hours,Mansarovar,"Axis Bank ATM, VT Road Chauraha, Mansarovar"
INC-14424,Jaipur,KYC Fraud,67989,20:25,12-24 Hours,Bani Park,"HDFC ATM, Peetal Factory, Bani Park"
INC-14425,Jaipur,Investment Scam,86412,12:33,12-24 Hours,C-Scheme,"Axis Bank ATM, MI Road Junction, C-Scheme"
INC-14426,Bikaner,Investment Scam,160630,16:49,12-24 Hours,Bani Park,"Bank of Baroda ATM, Kabir Marg, Bani Park"
INC-14427,Bhilwara,Loan App Fraud,39691,15:55,12-24 Hours,Vidyadhar Nagar,"PNB ATM, Central Spine, Vidyadhar Nagar"
INC-14428,Jaipur,Investment Scam,44529,12:45,12-24 Hours,C-Scheme,"ICICI ATM, Statue Circle, C-Scheme"
INC-14429,Jodhpur,UPI Scam,17177,20:19,1-2 Hours,Mansarovar,"ICICI ATM, VT Road Chauraha, Mansarovar"
INC-14430,Bhilwara,Sextortion,70755,21:55,12-24 Hours,Vidyadhar Nagar,"HDFC ATM, Sector 2, Vidyadhar Nagar"
INC-14431,Tonk,KYC Fraud,36377,20:04,12-24 Hours,Bani Park,"Kotak Mahindra ATM, Sindhi Camp Bus Stand Road, Bani Park"
INC-14432,Jaipur,OLX Scam,4885,18:25,1-2 Hours,Vaishali Nagar,"Union Bank ATM, Amrapali Circle, Vaishali Nagar"
INC-14433,Jaipur,Job Fraud,78065,10:55,12-24 Hours,Jagatpura,"Bank of Baroda ATM, NRI Colony, Jagatpura"
INC-14434,Tonk,Job Fraud,65293,12:35,12-24 Hours,Jagatpura,"HDFC ATM, Ramnagariya, Jagatpura"
INC-14435,Pali,Credit Card Cloning,58759,17:43,12-24 Hours,Pratap Nagar,"SBI ATM, Tonk Road, Pratap Nagar"
INC-14436,Tonk,UPI Scam,13219,11:58,1-2 Hours,Mansarovar,"ICICI ATM, Madhyam Marg, Mansarovar"
INC-14437,Jaipur,Investment Scam,185292,12:41,12-24 Hours,C-Scheme,"SBI ATM, Statue Circle, C-Scheme"
INC-14438,Pali,Sextortion,58010,22:14,12-24 Hours,Sitapura Industrial,"ICICI ATM, RIICO Phase 1, Sitapura Industrial"
INC-14439,Jaipur,OLX Scam,5781,12:08,1-2 Hours,Vaishali Nagar,"Axis Bank ATM, Gandhi Path, Vaishali Nagar"
INC-14440,Ajmer,Credit Card Cloning,60325,15:43,12-24 Hours,Pratap Nagar,"Axis Bank ATM, Tonk Road, Pratap Nagar"
INC-14441,Tonk,Loan App Fraud,34776,18:23,12-24 Hours,Vidyadhar Nagar,"Kotak Mahindra ATM, National Highway 52 Bypass, Vidyadhar Nagar"
INC-14442,Alwar,Sextortion,18744,23:48,1-2 Hours,Vidyadhar Nagar,"ICICI ATM, National Highway 52 Bypass, Vidyadhar Nagar"
INC-14443,Jodhpur,KYC Fraud,71693,18:41,12-24 Hours,Jhotwara,"Bank of Baroda ATM, Kanta Chauraha, Jhotwara"
INC-14444,Jaipur,Investment Scam,117021,11:02,12-24 Hours,C-Scheme,"Union Bank ATM, Subhash Marg, C-Scheme"
INC-14445,Alwar,UPI Scam,10309,13:49,1-2 Hours,Mansarovar,"HDFC ATM, VT Road Chauraha, Mansarovar"
INC-14446,Jodhpur,Job Fraud,75141,12:37,12-24 Hours,Bani Park,"Bank of Baroda ATM, Peetal Factory, Bani Park"
INC-14447,Jodhpur,UPI Scam,5806,12:20,1-2 Hours,Mansarovar,"Axis Bank ATM, VT Road Chauraha, Mansarovar"
INC-14448,Jaipur,Investment Scam,131219,18:24,12-24 Hours,C-Scheme,"Axis Bank ATM, Ahinsa Circle, C-Scheme"
INC-14449,Kota,UPI Scam,16794,18:03,1-2 Hours,Mansarovar,"HDFC ATM, Patrakar Colony, Mansarovar"
INC-14450,Pali,Loan App Fraud,17873,09:20,1-2 Hours,Bani Park,"HDFC ATM, Kabir Marg, Bani Park"
INC-14451,Udaipur,Investment Scam,55967,15:35,12-24 Hours,C-Scheme,"Bank of Baroda ATM, Ahinsa Circle, C-Scheme"
INC-14452,Jaipur,Loan App Fraud,5847,17:40,1-2 Hours,Jagatpura,"Union Bank ATM, NRI Colony, Jagatpura"
INC-14453,Jodhpur,Investment Scam,289338,12:23,12-24 Hours,C-Scheme,"Kotak Mahindra ATM, Statue Circle, C-Scheme"
INC-14454,Jaipur,UPI Scam,27471,09:06,1-2 Hours,Mansarovar,"Kotak Mahindra ATM, Kissan Dharam Kanta, Mansarovar"
INC-14455,Jaipur,KYC Fraud,43043,09:56,12-24 Hours,Malviya Nagar,"Axis Bank ATM, Apex Circle, Malviya Nagar"
INC-14456,Jodhpur,Sextortion,22152,22:12,1-2 Hours,Sitapura Industrial,"Union Bank ATM, EPI Zone, Sitapura Industrial"
INC-14457,Jaipur,Credit Card Cloning,202617,18:25,12-24 Hours,Pratap Nagar,"Bank of Baroda ATM, Kumbha Marg, Pratap Nagar"
INC-14458,Tonk,KYC Fraud,26710,19:52,1-2 Hours,Bani Park,"HDFC ATM, Peetal Factory, Bani Park"
INC-14459,Sikar,Investment Scam,72552,18:16,12-24 Hours,C-Scheme,"HDFC ATM, Ahinsa Circle, C-Scheme"
INC-14460,Jaipur,OLX Scam,6570,16:28,1-2 Hours,Vaishali Nagar,"PNB ATM, Nursery Circle, Vaishali Nagar"
INC-14461,Jaipur,Loan App Fraud,76773,14:36,12-24 Hours,Vidyadhar Nagar,"PNB ATM, Central Spine, Vidyadhar Nagar"
INC-14462,Pali,UPI Scam,17630,15:22,1-2 Hours,Mansarovar,"SBI ATM, Kaveri Path, Mansarovar"
INC-14463,Udaipur,Investment Scam,93332,09:25,12-24 Hours,C-Scheme,"HDFC ATM, Subhash Marg, C-Scheme"
INC-14464,Bhilwara,UPI Scam,4817,10:08,1-2 Hours,Mansarovar,"HDFC ATM, Rajat Path, Mansarovar"
INC-14465,Udaipur,Job Fraud,133225,14:10,12-24 Hours,Bani Park,"HDFC ATM, Peetal Factory, Bani Park"
INC-14466,Jaipur,OLX Scam,9926,15:01,1-2 Hours,Vaishali Nagar,"PNB ATM, Amrapali Circle, Vaishali Nagar"
INC-14467,Jaipur,UPI Scam,33814,15:46,12-24 Hours,Mansarovar,"ICICI ATM, Kissan Dharam Kanta, Mansarovar"
INC-14468,Jaipur,Loan App Fraud,31560,17:55,12-24 Hours,Mansarovar,"HDFC ATM, Kissan Dharam Kanta, Mansarovar"
INC-14469,Jaipur,OLX Scam,19676,12:16,1-2 Hours,Vaishali Nagar,"HDFC ATM, Amrapali Circle, Vaishali Nagar"
INC-14470,Bhilwara,Sextortion,103860,00:14,12-24 Hours,Vidyadhar Nagar,"ICICI ATM, Sector 2, Vidyadhar Nagar"
INC-14471,Tonk,UPI Scam,18193,21:58,1-2 Hours,Mansarovar,"HDFC ATM, Kissan Dharam Kanta, Mansarovar"
INC-14472,Udaipur,KYC Fraud,15858,17:39,1-2 Hours,Bani Park,"HDFC ATM, Kabir Marg, Bani Park"
INC-14473,Jaipur,OLX Scam,19707,13:27,1-2 Hours,Vaishali Nagar,"Union Bank ATM, Queens Road, Vaishali Nagar"
INC-14474,Jaipur,UPI Scam,44939,10:27,12-24 Hours,Mansarovar,"Bank of Baroda ATM, Madhyam Marg, Mansarovar"
INC-14475,Jaipur,KYC Fraud,49233,10:41,12-24 Hours,Malviya Nagar,"HDFC ATM, Calgiri Road, Malviya Nagar"
INC-14476,Sikar,Credit Card Cloning,166213,18:34,12-24 Hours,Bani Park,"SBI ATM, Peetal Factory, Bani Park"
INC-14477,Jodhpur,Investment Scam,187618,13:17,12-24 Hours,C-Scheme,"Axis Bank ATM, Ahinsa Circle, C-Scheme"
INC-14478,Jaipur,Credit Card Cloning,140395,18:17,12-24 Hours,Pratap Nagar,"Axis Bank ATM, Kumbha Marg, Pratap Nagar"
INC-14479,Sikar,KYC Fraud,37185,15:06,12-24 Hours,Jhotwara,"Union Bank ATM, Kalwar Road, Jhotwara"
INC-14480,Alwar,Sextortion,44493,02:03,12-24 Hours,Sitapura Industrial,"Union Bank ATM, EPI Zone, Sitapura Industrial"
INC-14481,Jaipur,UPI Scam,23561,14:25,1-2 Hours,Mansarovar,"Bank of Baroda ATM, Kaveri Path, Mansarovar"
INC-14482,Ajmer,Credit Card Cloning,74388,04:02,12-24 Hours,Pratap Nagar,"Bank of Baroda ATM, Sector 11, Pratap Nagar"
INC-14483,Ajmer,Sextortion,63553,23:25,12-24 Hours,Sitapura Industrial,"ICICI ATM, Tonk Road Junction, Sitapura Industrial"
INC-14484,Udaipur,KYC Fraud,15084,18:27,1-2 Hours,Bani Park,"PNB ATM, Collectorate Circle, Bani Park"
INC-14485,Pali,UPI Scam,24979,18:47,1-2 Hours,Mansarovar,"Kotak Mahindra ATM, VT Road Chauraha, Mansarovar"
INC-14486,Udaipur,Credit Card Cloning,213485,04:32,12-24 Hours,Bani Park,"SBI ATM, Peetal Factory, Bani Park"
INC-14487,Bikaner,UPI Scam,8341,20:56,1-2 Hours,Bani Park,"Bank of Baroda ATM, Sindhi Camp Bus Stand Road, Bani Park"
INC-14488,Ajmer,Investment Scam,222476,11:31,12-24 Hours,Bani Park,"Kotak Mahindra ATM, Peetal Factory, Bani Park"
INC-14489,Jaipur,UPI Scam,29298,17:27,1-2 Hours,Mansarovar,"Kotak Mahindra ATM, Madhyam Marg, Mansarovar"
INC-14490,Jaipur,Sextortion,25517,04:41,1-2 Hours,Sitapura Industrial,"ICICI ATM, Tonk Road Junction, Sitapura Industrial"
INC-14491,Sikar,UPI Scam,10716,15:58,1-2 Hours,Mansarovar,"PNB ATM, VT Road Chauraha, Mansarovar"
INC-14492,Kota,Credit Card Cloning,80780,18:16,12-24 Hours,Pratap Nagar,"Axis Bank ATM, Sector 16 Market, Pratap Nagar"
INC-14493,Jaipur,Credit Card Cloning,105300,18:08,12-24 Hours,C-Scheme,"Bank of Baroda ATM, MI Road Junction, C-Scheme"
INC-14494,Alwar,Investment Scam,116126,17:22,12-24 Hours,Bani Park,"SBI ATM, Kabir Marg, Bani Park"
INC-14495,Sikar,Investment Scam,148966,13:18,12-24 Hours,C-Scheme,"Axis Bank ATM, Subhash Marg, C-Scheme"
INC-14496,Sikar,UPI Scam,11004,15:43,1-2 Hours,Mansarovar,"HDFC ATM, Kissan Dharam Kanta, Mansarovar"
INC-14497,Kota,UPI Scam,24384,10:41,1-2 Hours,Mansarovar,"HDFC ATM, VT Road Chauraha, Mansarovar"
INC-14498,Jaipur,UPI Scam,20053,11:25,1-2 Hours,Mansarovar,"ICICI ATM, Patrakar Colony, Mansarovar"
INC-14499,Tonk,OLX Scam,14910,17:13,1-2 Hours,Vaishali Nagar,"HDFC ATM, Gandhi Path, Vaishali Nagar"
INC-14500,Jaipur,Investment Scam,91261,16:48,12-24 Hours,C-Scheme,"Axis Bank ATM, MI Road Junction, C-Scheme"
INC-14501,Jaipur,Credit Card Cloning,183600,04:30,12-24 Hours,Pratap Nagar,"HDFC ATM, Kumbha Marg, Pratap Nagar"
INC-14502,Jaipur,Sextortion,43918,03:14,12-24 Hours,Sitapura Industrial,"ICICI ATM, RIICO Phase 1, Sitapura Industrial"
INC-14503,Tonk,UPI Scam,36326,16:00,12-24 Hours,Mansarovar,"SBI ATM, Kaveri Path, Mansarovar"
INC-14504,Alwar,Investment Scam,96524,10:19,12-24 Hours,C-Scheme,"Union Bank ATM, MI Road Junction, C-Scheme"
INC-14505,Jaipur,Job Fraud,82715,15:56,12-24 Hours,Bani Park,"PNB ATM, Peetal Factory, Bani Park"
INC-14506,Kota,OLX Scam,5903,12:17,1-2 Hours,Vaishali Nagar,"PNB ATM, Hanuman Nagar, Vaishali Nagar"
INC-14507,Jodhpur,OLX Scam,11011,12:20,1-2 Hours,Vaishali Nagar,"SBI ATM, Amrapali Circle, Vaishali Nagar"
INC-14508,Pali,Loan App Fraud,24844,18:42,1-2 Hours,Bani Park,"PNB ATM, Collectorate Circle, Bani Park"
INC-14509,Jaipur,Sextortion,73966,01:51,12-24 Hours,Sitapura Industrial,"Bank of Baroda ATM, RIICO Phase 1, Sitapura Industrial"
INC-14510,Pali,Investment Scam,146902,13:32,12-24 Hours,C-Scheme,"ICICI ATM, Ashok Marg, C-Scheme"
INC-14511,Udaipur,KYC Fraud,26705,21:13,1-2 Hours,Jhotwara,"Bank of Baroda ATM, Panchawala, Jhotwara"
INC-14512,Kota,Sextortion,12648,23:48,1-2 Hours,Vidyadhar Nagar,"Kotak Mahindra ATM, Sector 2, Vidyadhar Nagar"
INC-14513,Pali,UPI Scam,23962,21:21,1-2 Hours,C-Scheme,"HDFC ATM, MI Road Junction, C-Scheme"
INC-14514,Jaipur,OLX Scam,16825,14:14,1-2 Hours,Vaishali Nagar,"PNB ATM, Amrapali Circle, Vaishali Nagar"
INC-14515,Udaipur,Job Fraud,170724,09:26,12-24 Hours,Jagatpura,"Axis Bank ATM, Mahal Road, Jagatpura"
INC-14516,Jaipur,Job Fraud,35592,10:08,12-24 Hours,Mansarovar,"Bank of Baroda ATM, Kaveri Path, Mansarovar"
INC-14517,Jaipur,UPI Scam,7558,11:19,1-2 Hours,Mansarovar,"PNB ATM, VT Road Chauraha, Mansarovar"
INC-14518,Jodhpur,OLX Scam,13695,11:21,1-2 Hours,Bani Park,"SBI ATM, Peetal Factory, Bani Park"
INC-14519,Bikaner,Job Fraud,89114,12:40,12-24 Hours,Jagatpura,"Union Bank ATM, 7 Number Stand, Jagatpura"
INC-14520,Jaipur,UPI Scam,19107,11:35,1-2 Hours,Mansarovar,"Bank of Baroda ATM, Kissan Dharam Kanta, Mansarovar"
INC-14521,Bikaner,Loan App Fraud,7377,13:36,1-2 Hours,Bani Park,"SBI ATM, Collectorate Circle, Bani Park"
INC-14522,Alwar,Investment Scam,259357,12:20,12-24 Hours,C-Scheme,"PNB ATM, Ashok Marg, C-Scheme"
INC-14523,Jodhpur,Loan App Fraud,32110,20:16,12-24 Hours,Bani Park,"HDFC ATM, Peetal Factory, Bani Park"
INC-14524,Jaipur,UPI Scam,50405,12:59,12-24 Hours,Mansarovar,"HDFC ATM, Patrakar Colony, Mansarovar"
INC-14525,Sikar,KYC Fraud,27702,21:46,1-2 Hours,Jhotwara,"SBI ATM, Kalwar Road, Jhotwara"
INC-14526,Jodhpur,Sextortion,40902,01:14,12-24 Hours,Sitapura Industrial,"SBI ATM, RIICO Phase 1, Sitapura Industrial"
INC-14527,Bhilwara,Investment Scam,66864,16:40,12-24 Hours,C-Scheme,"SBI ATM, Subhash Marg, C-Scheme"
INC-14528,Udaipur,Job Fraud,129990,15:16,12-24 Hours,Sitapura Industrial,"PNB ATM, Mahatma Gandhi Hospital Road, Sitapura Industrial"
INC-14529,Jaipur,UPI Scam,5410,12:16,1-2 Hours,Mansarovar,"PNB ATM, Patrakar Colony, Mansarovar"
INC-14530,Alwar,KYC Fraud,46780,12:23,12-24 Hours,Bani Park,"Bank of Baroda ATM, Sindhi Camp Bus Stand Road, Bani Park"
INC-14531,Jodhpur,OLX Scam,28211,15:20,1-2 Hours,Vaishali Nagar,"Kotak Mahindra ATM, Gandhi Path, Vaishali Nagar"
INC-14532,Jodhpur,UPI Scam,49858,14:32,12-24 Hours,Mansarovar,"HDFC ATM, Madhyam Marg, Mansarovar"
INC-14533,Jaipur,Credit Card Cloning,49346,16:36,12-24 Hours,Pratap Nagar,"HDFC ATM, Sector 11, Pratap Nagar"
INC-14534,Jaipur,UPI Scam,11926,13:16,1-2 Hours,Mansarovar,"HDFC ATM, Kissan Dharam Kanta, Mansarovar"
INC-14535,Jaipur,KYC Fraud,17968,20:52,1-2 Hours,Malviya Nagar,"Kotak Mahindra ATM, Calgiri Road, Malviya Nagar"
INC-14536,Kota,Investment Scam,162677,14:07,12-24 Hours,Vidyadhar Nagar,"ICICI ATM, Sector 2, Vidyadhar Nagar"
INC-14537,Ajmer,KYC Fraud,8721,13:17,1-2 Hours,Bani Park,"PNB ATM, Kabir Marg, Bani Park"
INC-14538,Jodhpur,KYC Fraud,21987,20:43,1-2 Hours,Bani Park,"ICICI ATM, Kabir Marg, Bani Park"
INC-14539,Jaipur,Loan App Fraud,38250,12:55,12-24 Hours,C-Scheme,"HDFC ATM, Statue Circle, C-Scheme"
INC-14540,Jodhpur,UPI Scam,46686,16:29,12-24 Hours,Mansarovar,"ICICI ATM, Kaveri Path, Mansarovar"
INC-14541,Kota,KYC Fraud,32505,16:56,12-24 Hours,Malviya Nagar,"PNB ATM, Gaurav Tower (GT) Road, Malviya Nagar"
INC-14542,Jaipur,Credit Card Cloning,93023,20:35,12-24 Hours,C-Scheme,"ICICI ATM, Ashok Marg, C-Scheme"
INC-14543,Kota,Investment Scam,140358,09:42,12-24 Hours,Vidyadhar Nagar,"Union Bank ATM, Alka Cinema Road, Vidyadhar Nagar"
INC-14544,Alwar,Investment Scam,128741,11:02,12-24 Hours,C-Scheme,"Union Bank ATM, MI Road Junction, C-Scheme"
INC-14545,Jaipur,OLX Scam,6389,10:08,1-2 Hours,Vaishali Nagar,"HDFC ATM, Nursery Circle, Vaishali Nagar"
INC-14546,Bhilwara,Job Fraud,52916,12:44,12-24 Hours,Bani Park,"Kotak Mahindra ATM, Collectorate Circle, Bani Park"
INC-14547,Alwar,Job Fraud,88480,16:36,12-24 Hours,C-Scheme,"ICICI ATM, Ashok Marg, C-Scheme"
INC-14548,Alwar,Job Fraud,32798,12:50,12-24 Hours,Jagatpura,"SBI ATM, 7 Number Stand, Jagatpura"
INC-14549,Jodhpur,Investment Scam,133129,13:50,12-24 Hours,C-Scheme,"Kotak Mahindra ATM, Statue Circle, C-Scheme"
INC-14550,Pali,Job Fraud,98670,18:30,12-24 Hours,Bani Park,"PNB ATM, Peetal Factory, Bani Park"
INC-14551,Tonk,Loan App Fraud,93144,13:08,12-24 Hours,Vidyadhar Nagar,"Union Bank ATM, Central Spine, Vidyadhar Nagar"
INC-14552,Tonk,Loan App Fraud,54354,16:02,12-24 Hours,Vidyadhar Nagar,"PNB ATM, National Highway 52 Bypass, Vidyadhar Nagar"
INC-14553,Alwar,Investment Scam,175402,16:24,12-24 Hours,C-Scheme,"ICICI ATM, Ashok Marg, C-Scheme"
INC-14554,Tonk,OLX Scam,8640,19:46,1-2 Hours,Malviya Nagar,"Bank of Baroda ATM, Apex Circle, Malviya Nagar"
INC-14555,Jaipur,Credit Card Cloning,108554,21:11,12-24 Hours,Pratap Nagar,"Bank of Baroda ATM, Sector 11, Pratap Nagar"
INC-14556,Jaipur,Loan App Fraud,25515,20:10,1-2 Hours,Jagatpura,"SBI ATM, Ramnagariya, Jagatpura"
INC-14557,Udaipur,Investment Scam,80504,14:20,12-24 Hours,C-Scheme,"Kotak Mahindra ATM, MI Road Junction, C-Scheme"
INC-14558,Sikar,Loan App Fraud,35333,19:52,12-24 Hours,Vidyadhar Nagar,"ICICI ATM, Alka Cinema Road, Vidyadhar Nagar"
INC-14559,Jodhpur,OLX Scam,30036,17:27,12-24 Hours,Bani Park,"ICICI ATM, Peetal Factory, Bani Park"
INC-14560,Sikar,OLX Scam,15328,15:44,1-2 Hours,Vaishali Nagar,"PNB ATM, Gandhi Path, Vaishali Nagar"
INC-14561,Jodhpur,UPI Scam,20302,17:31,1-2 Hours,Bani Park,"Axis Bank ATM, Peetal Factory, Bani Park"
INC-14562,Bhilwara,Sextortion,59136,21:04,12-24 Hours,Sitapura Industrial,"PNB ATM, Mahatma Gandhi Hospital Road, Sitapura Industrial"
INC-14563,Ajmer,KYC Fraud,62896,13:21,12-24 Hours,Jhotwara,"Union Bank ATM, Panchawala, Jhotwara"
INC-14564,Alwar,KYC Fraud,10792,15:39,1-2 Hours,Jhotwara,"SBI ATM, Triton Mall Road, Jhotwara"
INC-14565,Udaipur,OLX Scam,13697,09:01,1-2 Hours,Vaishali Nagar,"PNB ATM, Hanuman Nagar, Vaishali Nagar"
INC-14566,Jaipur,Loan App Fraud,34206,13:39,12-24 Hours,Malviya Nagar,"ICICI ATM, Apex Circle, Malviya Nagar"
INC-14567,Jaipur,Job Fraud,29824,12:41,1-2 Hours,Jagatpura,"HDFC ATM, Mahal Road, Jagatpura"
INC-14568,Sikar,Job Fraud,52272,17:09,12-24 Hours,C-Scheme,"HDFC ATM, MI Road Junction, C-Scheme"
INC-14569,Ajmer,Loan App Fraud,71970,13:41,12-24 Hours,Vidyadhar Nagar,"HDFC ATM, Central Spine, Vidyadhar Nagar"
INC-14570,Jaipur,Investment Scam,206461,13:24,12-24 Hours,C-Scheme,"Bank of Baroda ATM, MI Road Junction, C-Scheme"
INC-14571,Tonk,Credit Card Cloning,143101,15:43,12-24 Hours,Pratap Nagar,"Axis Bank ATM, Tonk Road, Pratap Nagar"
INC-14572,Jaipur,Sextortion,104407,00:32,12-24 Hours,Sitapura Industrial,"ICICI ATM, Mahatma Gandhi Hospital Road, Sitapura Industrial"
INC-14573,Jaipur,OLX Scam,20714,12:47,1-2 Hours,Vaishali Nagar,"Bank of Baroda ATM, Amrapali Circle, Vaishali Nagar"
INC-14574,Jaipur,Investment Scam,183569,16:36,12-24 Hours,C-Scheme,"HDFC ATM, Subhash Marg, C-Scheme"
INC-14575,Jaipur,UPI Scam,9402,09:28,1-2 Hours,Mansarovar,"ICICI ATM, Kissan Dharam Kanta, Mansarovar"
INC-14576,Alwar,UPI Scam,39505,15:29,12-24 Hours,Mansarovar,"Axis Bank ATM, Rajat Path, Mansarovar"
INC-14577,Jaipur,Loan App Fraud,51593,16:05,12-24 Hours,C-Scheme,"PNB ATM, MI Road Junction, C-Scheme"
INC-14578,Bikaner,Investment Scam,259542,12:24,12-24 Hours,C-Scheme,"Union Bank ATM, MI Road Junction, C-Scheme"
INC-14579,Pali,UPI Scam,13676,13:24,1-2 Hours,Mansarovar,"ICICI ATM, Kaveri Path, Mansarovar"
INC-14580,Bhilwara,Loan App Fraud,28187,12:14,1-2 Hours,Vidyadhar Nagar,"Bank of Baroda ATM, Alka Cinema Road, Vidyadhar Nagar"
INC-14581,Jaipur,Sextortion,27586,22:51,1-2 Hours,Sitapura Industrial,"SBI ATM, Tonk Road Junction, Sitapura Industrial"
INC-14582,Jaipur,UPI Scam,24906,17:59,1-2 Hours,Mansarovar,"Union Bank ATM, Madhyam Marg, Mansarovar"
INC-14583,Jaipur,KYC Fraud,30024,10:01,12-24 Hours,Malviya Nagar,"Bank of Baroda ATM, Apex Circle, Malviya Nagar"
INC-14584,Jaipur,OLX Scam,7614,10:19,1-2 Hours,Vaishali Nagar,"Bank of Baroda ATM, Hanuman Nagar, Vaishali Nagar"
INC-14585,Jodhpur,Sextortion,33894,03:42,12-24 Hours,Jhotwara,"SBI ATM, Kalwar Road, Jhotwara"
INC-14586,Sikar,OLX Scam,7238,19:14,1-2 Hours,Vaishali Nagar,"SBI ATM, Nursery Circle, Vaishali Nagar"
INC-14587,Jaipur,Loan App Fraud,50482,16:13,12-24 Hours,Vidyadhar Nagar,"Axis Bank ATM, Alka Cinema Road, Vidyadhar Nagar"
INC-14588,Jaipur,Job Fraud,123267,14:42,12-24 Hours,C-Scheme,"SBI ATM, Ahinsa Circle, C-Scheme"
INC-14589,Bhilwara,OLX Scam,6861,11:46,1-2 Hours,Vaishali Nagar,"ICICI ATM, Gandhi Path, Vaishali Nagar"
INC-14590,Sikar,OLX Scam,35228,13:27,12-24 Hours,Vaishali Nagar,"PNB ATM, Hanuman Nagar, Vaishali Nagar"
INC-14591,Pali,UPI Scam,43972,12:34,12-24 Hours,Mansarovar,"Axis Bank ATM, Patrakar Colony, Mansarovar"
INC-14592,Sikar,Investment Scam,207075,10:19,12-24 Hours,C-Scheme,"SBI ATM, Ahinsa Circle, C-Scheme"
INC-14593,Jaipur,UPI Scam,14379,12:58,1-2 Hours,Mansarovar,"Bank of Baroda ATM, Kaveri Path, Mansarovar"
INC-14594,Pali,Loan App Fraud,44269,11:50,12-24 Hours,Vidyadhar Nagar,"Axis Bank ATM, National Highway 52 Bypass, Vidyadhar Nagar"
INC-14595,Pali,Investment Scam,287084,14:53,12-24 Hours,C-Scheme,"PNB ATM, MI Road Junction, C-Scheme"
INC-14596,Pali,KYC Fraud,19804,13:55,1-2 Hours,Bani Park,"PNB ATM, Peetal Factory, Bani Park"
INC-14597,Jaipur,UPI Scam,24713,12:48,1-2 Hours,Mansarovar,"HDFC ATM, Rajat Path, Mansarovar"
INC-14598,Udaipur,Investment Scam,222170,15:19,12-24 Hours,C-Scheme,"HDFC ATM, Ahinsa Circle, C-Scheme"
INC-14599,Ajmer,Investment Scam,72152,10:22,12-24 Hours,Sitapura Industrial,"Union Bank ATM, EPI Zone, Sitapura Industrial"
INC-14600,Pali,UPI Scam,9764,14:16,1-2 Hours,Mansarovar,"Bank of Baroda ATM, Madhyam Marg, Mansarovar"
INC-14601,Jaipur,OLX Scam,28618,19:47,1-2 Hours,Vaishali Nagar,"PNB ATM, Gandhi Path, Vaishali Nagar"
INC-14602,Jodhpur,Investment Scam,42933,13:52,12-24 Hours,Bani Park,"HDFC ATM, Kabir Marg, Bani Park"
INC-14603,Jaipur,KYC Fraud,29114,13:28,1-2 Hours,Malviya Nagar,"PNB ATM, Sector 3 Market, Malviya Nagar"
INC-14604,Jaipur,UPI Scam,6385,16:28,1-2 Hours,Mansarovar,"ICICI ATM, Madhyam Marg, Mansarovar"
INC-14605,Tonk,Credit Card Cloning,43759,12:23,12-24 Hours,Pratap Nagar,"Axis Bank ATM, Sector 16 Market, Pratap Nagar"
INC-14606,Ajmer,UPI Scam,45605,15:06,12-24 Hours,Mansarovar,"Kotak Mahindra ATM, Rajat Path, Mansarovar"
INC-14607,Sikar,KYC Fraud,11735,13:00,1-2 Hours,Jhotwara,"Union Bank ATM, Triton Mall Road, Jhotwara"
INC-14608,Jaipur,Investment Scam,134593,15:57,12-24 Hours,C-Scheme,"SBI ATM, Ahinsa Circle, C-Scheme"
INC-14609,Jodhpur,Sextortion,35795,23:33,12-24 Hours,Jhotwara,"Kotak Mahindra ATM, Kalwar Road, Jhotwara"
INC-14610,Alwar,Loan App Fraud,34326,10:51,12-24 Hours,Vidyadhar Nagar,"HDFC ATM, Sector 2, Vidyadhar Nagar"
INC-14611,Bikaner,Job Fraud,45261,13:23,12-24 Hours,Bani Park,"ICICI ATM, Collectorate Circle, Bani Park"
INC-14612,Jaipur,Loan App Fraud,53941,15:50,12-24 Hours,C-Scheme,"Union Bank ATM, Ashok Marg, C-Scheme"
INC-14613,Sikar,Loan App Fraud,48199,11:44,12-24 Hours,Bani Park,"PNB ATM, Kabir Marg, Bani Park"
INC-14614,Udaipur,Loan App Fraud,28780,16:11,1-2 Hours,Vidyadhar Nagar,"SBI ATM, Central Spine, Vidyadhar Nagar"
INC-14615,Sikar,UPI Scam,32719,17:00,12-24 Hours,Mansarovar,"HDFC ATM, Rajat Path, Mansarovar"
INC-14616,Bhilwara,Job Fraud,36859,13:45,12-24 Hours,Jagatpura,"Kotak Mahindra ATM, NRI Colony, Jagatpura"
INC-14617,Jaipur,Credit Card Cloning,159970,15:06,12-24 Hours,Pratap Nagar,"Bank of Baroda ATM, Tonk Road, Pratap Nagar"
INC-14618,Jaipur,KYC Fraud,56856,16:34,12-24 Hours,Malviya Nagar,"Kotak Mahindra ATM, Apex Circle, Malviya Nagar"
INC-14619,Bhilwara,Loan App Fraud,54021,14:55,12-24 Hours,Vidyadhar Nagar,"Bank of Baroda ATM, Sector 2, Vidyadhar Nagar"
INC-14620,Jodhpur,Sextortion,114148,01:02,12-24 Hours,Sitapura Industrial,"PNB ATM, EPI Zone, Sitapura Industrial"
INC-14621,Bikaner,Loan App Fraud,73189,14:52,12-24 Hours,Bani Park,"Union Bank ATM, Sindhi Camp Bus Stand Road, Bani Park"
INC-14622,Tonk,Credit Card Cloning,124773,19:48,12-24 Hours,Pratap Nagar,"PNB ATM, Haldi Ghati Marg, Pratap Nagar"
INC-14623,Jaipur,UPI Scam,2803,13:48,1-2 Hours,Mansarovar,"Axis Bank ATM, Rajat Path, Mansarovar"
INC-14624,Bikaner,Job Fraud,162387,15:00,12-24 Hours,Bani Park,"Bank of Baroda ATM, Peetal Factory, Bani Park"
INC-14625,Sikar,Job Fraud,132183,14:23,12-24 Hours,Jagatpura,"Axis Bank ATM, Ramnagariya, Jagatpura"
INC-14626,Alwar,UPI Scam,13286,18:03,1-2 Hours,Bani Park,"Bank of Baroda ATM, Sindhi Camp Bus Stand Road, Bani Park"
INC-14627,Jaipur,UPI Scam,20557,14:23,1-2 Hours,Mansarovar,"Kotak Mahindra ATM, Patrakar Colony, Mansarovar"
INC-14628,Jaipur,UPI Scam,29076,17:57,1-2 Hours,Mansarovar,"SBI ATM, Madhyam Marg, Mansarovar"
INC-14629,Alwar,Loan App Fraud,25169,14:11,1-2 Hours,Vidyadhar Nagar,"SBI ATM, National Highway 52 Bypass, Vidyadhar Nagar"
INC-14630,Udaipur,UPI Scam,9448,11:14,1-2 Hours,Vaishali Nagar,"Bank of Baroda ATM, Queens Road, Vaishali Nagar"
INC-14631,Jaipur,KYC Fraud,12463,14:12,1-2 Hours,Mansarovar,"SBI ATM, Madhyam Marg, Mansarovar"
INC-14632,Jaipur,OLX Scam,4965,17:46,1-2 Hours,Vaishali Nagar,"Bank of Baroda ATM, Amrapali Circle, Vaishali Nagar"
INC-14633,Jodhpur,OLX Scam,26643,16:32,1-2 Hours,Vaishali Nagar,"PNB ATM, Amrapali Circle, Vaishali Nagar"
INC-14634,Jaipur,Investment Scam,205209,10:16,12-24 Hours,C-Scheme,"SBI ATM, Subhash Marg, C-Scheme"
INC-14635,Alwar,UPI Scam,13033,21:51,1-2 Hours,Mansarovar,"Axis Bank ATM, VT Road Chauraha, Mansarovar"
INC-14636,Kota,Sextortion,77769,21:14,12-24 Hours,Sitapura Industrial,"PNB ATM, Tonk Road Junction, Sitapura Industrial"
INC-14637,Udaipur,Investment Scam,95404,13:03,12-24 Hours,C-Scheme,"Axis Bank ATM, MI Road Junction, C-Scheme"
INC-14638,Jodhpur,UPI Scam,17735,13:13,1-2 Hours,Mansarovar,"PNB ATM, Madhyam Marg, Mansarovar"
INC-14639,Udaipur,Job Fraud,51908,10:57,12-24 Hours,Bani Park,"HDFC ATM, Sindhi Camp Bus Stand Road, Bani Park"
INC-14640,Jodhpur,Job Fraud,136224,12:42,12-24 Hours,Bani Park,"Axis Bank ATM, Collectorate Circle, Bani Park"
INC-14641,Jaipur,Investment Scam,113932,18:48,12-24 Hours,C-Scheme,"Kotak Mahindra ATM, MI Road Junction, C-Scheme"
INC-14642,Jaipur,UPI Scam,22717,12:59,1-2 Hours,Mansarovar,"Axis Bank ATM, Rajat Path, Mansarovar"
INC-14643,Tonk,Job Fraud,90738,13:08,12-24 Hours,Jagatpura,"Axis Bank ATM, Mahal Road, Jagatpura"
INC-14644,Jaipur,OLX Scam,24146,11:42,1-2 Hours,Vaishali Nagar,"Axis Bank ATM, Amrapali Circle, Vaishali Nagar"
INC-14645,Ajmer,UPI Scam,9006,09:16,1-2 Hours,Mansarovar,"Union Bank ATM, Madhyam Marg, Mansarovar"
INC-14646,Jaipur,Investment Scam,102852,16:19,12-24 Hours,C-Scheme,"Kotak Mahindra ATM, MI Road Junction, C-Scheme"
INC-14647,Udaipur,Investment Scam,167625,12:38,12-24 Hours,C-Scheme,"Union Bank ATM, MI Road Junction, C-Scheme"
INC-14648,Jodhpur,KYC Fraud,24217,09:53,1-2 Hours,Bani Park,"Axis Bank ATM, Collectorate Circle, Bani Park"
INC-14649,Ajmer,Sextortion,123982,22:05,12-24 Hours,Sitapura Industrial,"Union Bank ATM, RIICO Phase 1, Sitapura Industrial"
INC-14650,Alwar,Loan App Fraud,38234,13:06,12-24 Hours,Vidyadhar Nagar,"Union Bank ATM, National Highway 52 Bypass, Vidyadhar Nagar"
INC-14651,Ajmer,Loan App Fraud,15292,09:25,1-2 Hours,Bani Park,"Kotak Mahindra ATM, Sindhi Camp Bus Stand Road, Bani Park"
INC-14652,Udaipur,Loan App Fraud,48824,15:00,12-24 Hours,Vidyadhar Nagar,"Kotak Mahindra ATM, Central Spine, Vidyadhar Nagar"
INC-14653,Jodhpur,Loan App Fraud,29241,17:37,1-2 Hours,Bani Park,"ICICI ATM, Peetal Factory, Bani Park"
INC-14654,Jaipur,Investment Scam,87647,11:34,12-24 Hours,C-Scheme,"SBI ATM, Subhash Marg, C-Scheme"
INC-14655,Kota,Credit Card Cloning,132477,15:00,12-24 Hours,Vidyadhar Nagar,"Union Bank ATM, Alka Cinema Road, Vidyadhar Nagar"
INC-14656,Jaipur,UPI Scam,6367,11:16,1-2 Hours,Jagatpura,"Bank of Baroda ATM, SKIT College Road, Jagatpura"
INC-14657,Pali,Loan App Fraud,38842,10:16,12-24 Hours,Bani Park,"Axis Bank ATM, Sindhi Camp Bus Stand Road, Bani Park"
INC-14658,Jodhpur,Investment Scam,147602,17:03,12-24 Hours,C-Scheme,"ICICI ATM, Subhash Marg, C-Scheme"
INC-14659,Jaipur,OLX Scam,19081,14:03,1-2 Hours,Vaishali Nagar,"Kotak Mahindra ATM, Queens Road, Vaishali Nagar"
INC-14660,Jaipur,Credit Card Cloning,210202,18:28,12-24 Hours,Bani Park,"SBI ATM, Sindhi Camp Bus Stand Road, Bani Park"
INC-14661,Ajmer,Loan App Fraud,45423,13:26,12-24 Hours,Vidyadhar Nagar,"HDFC ATM, Sector 2, Vidyadhar Nagar"
INC-14662,Kota,Loan App Fraud,37263,10:34,12-24 Hours,Vidyadhar Nagar,"Bank of Baroda ATM, Alka Cinema Road, Vidyadhar Nagar"
INC-14663,Tonk,UPI Scam,26530,13:53,1-2 Hours,Mansarovar,"ICICI ATM, Madhyam Marg, Mansarovar"
INC-14664,Udaipur,KYC Fraud,70279,12:12,12-24 Hours,Bani Park,"PNB ATM, Sindhi Camp Bus Stand Road, Bani Park"
INC-14665,Bikaner,Sextortion,60985,23:27,12-24 Hours,Sitapura Industrial,"Union Bank ATM, Tonk Road Junction, Sitapura Industrial"
INC-14666,Jaipur,Sextortion,94805,03:57,12-24 Hours,Sitapura Industrial,"Kotak Mahindra ATM, EPI Zone, Sitapura Industrial"
INC-14667,Jaipur,UPI Scam,18808,12:42,1-2 Hours,Vaishali Nagar,"Union Bank ATM, Hanuman Nagar, Vaishali Nagar"
INC-14668,Jaipur,KYC Fraud,35768,12:21,12-24 Hours,Malviya Nagar,"ICICI ATM, Apex Circle, Malviya Nagar"
INC-14669,Ajmer,KYC Fraud,26206,15:08,1-2 Hours,Bani Park,"Union Bank ATM, Sindhi Camp Bus Stand Road, Bani Park"
INC-14670,Tonk,KYC Fraud,34863,09:14,12-24 Hours,Bani Park,"PNB ATM, Collectorate Circle, Bani Park"
INC-14671,Udaipur,KYC Fraud,59943,12:39,12-24 Hours,Bani Park,"Axis Bank ATM, Sindhi Camp Bus Stand Road, Bani Park"
INC-14672,Jaipur,OLX Scam,15206,16:27,1-2 Hours,Vaishali Nagar,"Bank of Baroda ATM, Queens Road, Vaishali Nagar"
INC-14673,Alwar,Investment Scam,92305,12:25,12-24 Hours,C-Scheme,"Axis Bank ATM, Ashok Marg, C-Scheme"
INC-14674,Jodhpur,OLX Scam,15699,14:53,1-2 Hours,Vaishali Nagar,"HDFC ATM, Queens Road, Vaishali Nagar"
INC-14675,Kota,UPI Scam,9021,12:46,1-2 Hours,Mansarovar,"SBI ATM, Madhyam Marg, Mansarovar"
INC-14676,Jaipur,Investment Scam,127938,12:18,12-24 Hours,C-Scheme,"Kotak Mahindra ATM, Ahinsa Circle, C-Scheme"
INC-14677,Alwar,UPI Scam,43187,10:53,12-24 Hours,Mansarovar,"Kotak Mahindra ATM, Patrakar Colony, Mansarovar"
INC-14678,Alwar,Loan App Fraud,24126,18:30,1-2 Hours,Vidyadhar Nagar,"SBI ATM, Central Spine, Vidyadhar Nagar"
INC-14679,Bhilwara,Investment Scam,214281,11:51,12-24 Hours,C-Scheme,"PNB ATM, Statue Circle, C-Scheme"
INC-14680,Bikaner,Loan App Fraud,24450,17:03,1-2 Hours,Bani Park,"Union Bank ATM, Sindhi Camp Bus Stand Road, Bani Park"
INC-14681,Udaipur,Loan App Fraud,16244,14:02,1-2 Hours,Bani Park,"Kotak Mahindra ATM, Collectorate Circle, Bani Park"
INC-14682,Kota,UPI Scam,22277,15:05,1-2 Hours,Mansarovar,"HDFC ATM, Kissan Dharam Kanta, Mansarovar"
INC-14683,Jaipur,Loan App Fraud,3088,12:29,1-2 Hours,Jhotwara,"ICICI ATM, Panchawala, Jhotwara"
INC-14684,Tonk,Loan App Fraud,21341,13:08,1-2 Hours,Vidyadhar Nagar,"Kotak Mahindra ATM, National Highway 52 Bypass, Vidyadhar Nagar"
INC-14685,Pali,Credit Card Cloning,222877,02:05,12-24 Hours,Pratap Nagar,"Union Bank ATM, Sector 11, Pratap Nagar"
INC-14686,Jaipur,KYC Fraud,13131,13:22,1-2 Hours,Malviya Nagar,"Union Bank ATM, Apex Circle, Malviya Nagar"
INC-14687,Ajmer,Loan App Fraud,35048,13:43,12-24 Hours,Vidyadhar Nagar,"PNB ATM, Central Spine, Vidyadhar Nagar"
INC-14688,Jaipur,KYC Fraud,65852,20:03,12-24 Hours,Bani Park,"ICICI ATM, Sindhi Camp Bus Stand Road, Bani Park"
INC-14689,Bikaner,UPI Scam,44758,12:08,12-24 Hours,Mansarovar,"Axis Bank ATM, Rajat Path, Mansarovar"
INC-14690,Alwar,Sextortion,78344,22:44,12-24 Hours,Sitapura Industrial,"ICICI ATM, Mahatma Gandhi Hospital Road, Sitapura Industrial"
INC-14691,Jaipur,Credit Card Cloning,118233,20:54,12-24 Hours,Pratap Nagar,"SBI ATM, Sector 11, Pratap Nagar"
INC-14692,Pali,Loan App Fraud,14844,15:50,1-2 Hours,Jagatpura,"Union Bank ATM, NRI Colony, Jagatpura"
INC-14693,Bhilwara,Investment Scam,142840,14:28,12-24 Hours,C-Scheme,"SBI ATM, Subhash Marg, C-Scheme"
INC-14694,Alwar,Investment Scam,219148,09:11,12-24 Hours,C-Scheme,"PNB ATM, Ashok Marg, C-Scheme"
INC-14695,Alwar,UPI Scam,23829,10:08,1-2 Hours,Mansarovar,"ICICI ATM, Kaveri Path, Mansarovar"
INC-14696,Jodhpur,Sextortion,123753,23:33,12-24 Hours,Sitapura Industrial,"ICICI ATM, EPI Zone, Sitapura Industrial"
INC-14697,Ajmer,UPI Scam,27057,14:16,1-2 Hours,Mansarovar,"PNB ATM, VT Road Chauraha, Mansarovar"
INC-14698,Sikar,KYC Fraud,22604,20:13,1-2 Hours,Jhotwara,"Axis Bank ATM, Kanta Chauraha, Jhotwara"
INC-14699,Pali,OLX Scam,20619,14:04,1-2 Hours,Vaishali Nagar,"Kotak Mahindra ATM, Gandhi Path, Vaishali Nagar"
INC-14700,Pali,OLX Scam,10166,15:39,1-2 Hours,Vaishali Nagar,"PNB ATM, Queens Road, Vaishali Nagar"
INC-14701,Jaipur,Sextortion,142556,01:50,12-24 Hours,Sitapura Industrial,"HDFC ATM, RIICO Phase 1, Sitapura Industrial"
INC-14702,Jaipur,KYC Fraud,36145,10:49,12-24 Hours,Malviya Nagar,"PNB ATM, Apex Circle, Malviya Nagar"
INC-14703,Udaipur,Job Fraud,86022,15:23,12-24 Hours,Bani Park,"Union Bank ATM, Collectorate Circle, Bani Park"
INC-14704,Bhilwara,Sextortion,68870,04:42,12-24 Hours,Sitapura Industrial,"ICICI ATM, Tonk Road Junction, Sitapura Industrial"
INC-14705,Jaipur,Sextortion,30501,22:27,12-24 Hours,Sitapura Industrial,"Axis Bank ATM, India Gate, Sitapura Industrial"
INC-14706,Jaipur,UPI Scam,48667,14:30,12-24 Hours,Mansarovar,"Union Bank ATM, Madhyam Marg, Mansarovar"
INC-14707,Udaipur,Loan App Fraud,53686,15:42,12-24 Hours,Vidyadhar Nagar,"Union Bank ATM, Alka Cinema Road, Vidyadhar Nagar"
INC-14708,Jaipur,Credit Card Cloning,144318,18:19,12-24 Hours,Pratap Nagar,"HDFC ATM, Tonk Road, Pratap Nagar"
INC-14709,Jodhpur,OLX Scam,26688,17:45,1-2 Hours,Bani Park,"Bank of Baroda ATM, Peetal Factory, Bani Park"
INC-14710,Pali,UPI Scam,9618,17:20,1-2 Hours,Pratap Nagar,"Bank of Baroda ATM, Haldi Ghati Marg, Pratap Nagar"
INC-14711,Alwar,Job Fraud,38654,17:23,12-24 Hours,Jagatpura,"Union Bank ATM, Mahal Road, Jagatpura"
INC-14712,Alwar,Investment Scam,93525,11:50,12-24 Hours,Bani Park,"Axis Bank ATM, Collectorate Circle, Bani Park"
INC-14713,Alwar,Credit Card Cloning,187230,16:24,12-24 Hours,Pratap Nagar,"HDFC ATM, Sector 16 Market, Pratap Nagar"
INC-14714,Jodhpur,UPI Scam,8042,09:27,1-2 Hours,Mansarovar,"Union Bank ATM, Kaveri Path, Mansarovar"
INC-14715,Jaipur,Job Fraud,83240,16:49,12-24 Hours,Jagatpura,"Union Bank ATM, Mahal Road, Jagatpura"
INC-14716,Jaipur,UPI Scam,8415,12:06,1-2 Hours,Mansarovar,"Kotak Mahindra ATM, VT Road Chauraha, Mansarovar"
INC-14717,Alwar,UPI Scam,42588,18:46,12-24 Hours,Mansarovar,"Axis Bank ATM, VT Road Chauraha, Mansarovar"
INC-14718,Ajmer,Credit Card Cloning,219487,19:11,12-24 Hours,Bani Park,"Kotak Mahindra ATM, Sindhi Camp Bus Stand Road, Bani Park"
INC-14719,Jodhpur,Sextortion,67731,22:42,12-24 Hours,Sitapura Industrial,"Bank of Baroda ATM, India Gate, Sitapura Industrial"
INC-14720,Jaipur,Investment Scam,147581,11:12,12-24 Hours,C-Scheme,"Union Bank ATM, MI Road Junction, C-Scheme"
INC-14721,Kota,KYC Fraud,36976,12:42,12-24 Hours,Bani Park,"HDFC ATM, Peetal Factory, Bani Park"
INC-14722,Jaipur,Loan App Fraud,40478,19:35,12-24 Hours,Malviya Nagar,"PNB ATM, Calgiri Road, Malviya Nagar"
INC-14723,Jaipur,Loan App Fraud,79158,16:28,12-24 Hours,Mansarovar,"HDFC ATM, Patrakar Colony, Mansarovar"
INC-14724,Bhilwara,OLX Scam,18035,14:57,1-2 Hours,Sitapura Industrial,"Bank of Baroda ATM, RIICO Phase 1, Sitapura Industrial"
INC-14725,Ajmer,KYC Fraud,36688,10:08,12-24 Hours,Malviya Nagar,"Kotak Mahindra ATM, JLN Marg, Malviya Nagar"
INC-14726,Tonk,Sextortion,64417,22:39,12-24 Hours,Sitapura Industrial,"Kotak Mahindra ATM, RIICO Phase 1, Sitapura Industrial"
INC-14727,Jodhpur,KYC Fraud,26439,13:45,1-2 Hours,Vaishali Nagar,"Bank of Baroda ATM, Amrapali Circle, Vaishali Nagar"
INC-14728,Jaipur,OLX Scam,1535,10:29,1-2 Hours,C-Scheme,"Bank of Baroda ATM, Ashok Marg, C-Scheme"
INC-14729,Jodhpur,OLX Scam,11100,18:47,1-2 Hours,Bani Park,"Kotak Mahindra ATM, Kabir Marg, Bani Park"
INC-14730,Udaipur,UPI Scam,8830,15:00,1-2 Hours,Mansarovar,"SBI ATM, Patrakar Colony, Mansarovar"
INC-14731,Jodhpur,KYC Fraud,6048,16:57,1-2 Hours,Bani Park,"SBI ATM, Kabir Marg, Bani Park"
INC-14732,Bhilwara,Investment Scam,92131,12:53,12-24 Hours,Pratap Nagar,"HDFC ATM, Sector 16 Market, Pratap Nagar"
INC-14733,Jaipur,Investment Scam,228076,11:34,12-24 Hours,Malviya Nagar,"PNB ATM, Calgiri Road, Malviya Nagar"
INC-14734,Ajmer,Loan App Fraud,50794,11:59,12-24 Hours,Vidyadhar Nagar,"Axis Bank ATM, Central Spine, Vidyadhar Nagar"
INC-14735,Ajmer,Credit Card Cloning,50197,17:25,12-24 Hours,Pratap Nagar,"Kotak Mahindra ATM, Haldi Ghati Marg, Pratap Nagar"
INC-14736,Alwar,OLX Scam,25773,13:29,1-2 Hours,Vaishali Nagar,"HDFC ATM, Amrapali Circle, Vaishali Nagar"
INC-14737,Alwar,Job Fraud,132708,13:36,12-24 Hours,Jagatpura,"HDFC ATM, 7 Number Stand, Jagatpura"
INC-14738,Tonk,KYC Fraud,7018,19:39,1-2 Hours,Jhotwara,"Union Bank ATM, Kanta Chauraha, Jhotwara"
INC-14739,Jodhpur,UPI Scam,9112,15:45,1-2 Hours,Bani Park,"Union Bank ATM, Kabir Marg, Bani Park"
INC-14740,Udaipur,Investment Scam,147598,17:39,12-24 Hours,C-Scheme,"Union Bank ATM, Ashok Marg, C-Scheme"
INC-14741,Jodhpur,Job Fraud,62237,14:11,12-24 Hours,Jagatpura,"PNB ATM, 7 Number Stand, Jagatpura"
INC-14742,Pali,OLX Scam,27008,20:31,1-2 Hours,Vaishali Nagar,"Bank of Baroda ATM, Queens Road, Vaishali Nagar"
INC-14743,Bikaner,Job Fraud,58134,10:28,12-24 Hours,Jagatpura,"Axis Bank ATM, Ramnagariya, Jagatpura"
INC-14744,Bhilwara,Investment Scam,69596,16:01,12-24 Hours,C-Scheme,"HDFC ATM, Ashok Marg, C-Scheme"
INC-14745,Ajmer,Loan App Fraud,17479,13:28,1-2 Hours,Vidyadhar Nagar,"HDFC ATM, Sector 2, Vidyadhar Nagar"
INC-14746,Jaipur,Investment Scam,59576,12:23,12-24 Hours,C-Scheme,"Axis Bank ATM, Ahinsa Circle, C-Scheme"
INC-14747,Pali,KYC Fraud,16335,21:06,1-2 Hours,Jhotwara,"HDFC ATM, Kanta Chauraha, Jhotwara"
INC-14748,Udaipur,UPI Scam,11959,17:27,1-2 Hours,Bani Park,"SBI ATM, Kabir Marg, Bani Park"
INC-14749,Kota,OLX Scam,8712,17:38,1-2 Hours,Vaishali Nagar,"Bank of Baroda ATM, Amrapali Circle, Vaishali Nagar"
INC-14750,Kota,Job Fraud,146361,13:43,12-24 Hours,Jagatpura,"HDFC ATM, 7 Number Stand, Jagatpura"
INC-14751,Jaipur,Investment Scam,146896,10:40,12-24 Hours,C-Scheme,"Kotak Mahindra ATM, Ahinsa Circle, C-Scheme"
INC-14752,Jodhpur,Loan App Fraud,11618,19:55,1-2 Hours,Bani Park,"Kotak Mahindra ATM, Peetal Factory, Bani Park"
INC-14753,Sikar,UPI Scam,20110,14:26,1-2 Hours,Mansarovar,"ICICI ATM, Madhyam Marg, Mansarovar"
INC-14754,Bhilwara,Sextortion,62216,20:17,12-24 Hours,Vidyadhar Nagar,"Bank of Baroda ATM, Sector 2, Vidyadhar Nagar"
INC-14755,Tonk,UPI Scam,26138,14:30,1-2 Hours,Mansarovar,"Bank of Baroda ATM, Rajat Path, Mansarovar"
INC-14756,Jaipur,Loan App Fraud,8531,11:28,1-2 Hours,Mansarovar,"Kotak Mahindra ATM, Madhyam Marg, Mansarovar"
INC-14757,Jaipur,Job Fraud,67253,15:16,12-24 Hours,Jagatpura,"Union Bank ATM, Ramnagariya, Jagatpura"
INC-14758,Alwar,UPI Scam,12892,20:23,1-2 Hours,Mansarovar,"Axis Bank ATM, VT Road Chauraha, Mansarovar"
INC-14759,Jaipur,Job Fraud,28765,11:59,1-2 Hours,Jagatpura,"Axis Bank ATM, SKIT College Road, Jagatpura"
INC-14760,Alwar,UPI Scam,8999,19:20,1-2 Hours,Mansarovar,"SBI ATM, Kaveri Path, Mansarovar"
INC-14761,Ajmer,Investment Scam,88058,13:16,12-24 Hours,C-Scheme,"Bank of Baroda ATM, Ashok Marg, C-Scheme"
INC-14762,Jaipur,OLX Scam,15255,11:20,1-2 Hours,Vaishali Nagar,"HDFC ATM, Amrapali Circle, Vaishali Nagar"
INC-14763,Alwar,KYC Fraud,23842,12:39,1-2 Hours,Vaishali Nagar,"HDFC ATM, Gandhi Path, Vaishali Nagar"
INC-14764,Ajmer,Loan App Fraud,87985,17:23,12-24 Hours,Vidyadhar Nagar,"Axis Bank ATM, Alka Cinema Road, Vidyadhar Nagar"
INC-14765,Jaipur,Investment Scam,159763,11:43,12-24 Hours,C-Scheme,"Bank of Baroda ATM, Statue Circle, C-Scheme"
INC-14766,Tonk,OLX Scam,9075,12:50,1-2 Hours,Vaishali Nagar,"Bank of Baroda ATM, Nursery Circle, Vaishali Nagar"
INC-14767,Ajmer,KYC Fraud,62634,11:01,12-24 Hours,Malviya Nagar,"Axis Bank ATM, Apex Circle, Malviya Nagar"
INC-14768,Jaipur,Credit Card Cloning,200127,16:10,12-24 Hours,Pratap Nagar,"PNB ATM, Tonk Road, Pratap Nagar"
INC-14769,Alwar,OLX Scam,13637,16:33,1-2 Hours,Vaishali Nagar,"Bank of Baroda ATM, Queens Road, Vaishali Nagar"
INC-14770,Jodhpur,UPI Scam,10339,16:40,1-2 Hours,Mansarovar,"ICICI ATM, Rajat Path, Mansarovar"
INC-14771,Jodhpur,Sextortion,53340,22:08,12-24 Hours,Sitapura Industrial,"Bank of Baroda ATM, Mahatma Gandhi Hospital Road, Sitapura Industrial"
INC-14772,Bikaner,UPI Scam,8959,11:23,1-2 Hours,Mansarovar,"Kotak Mahindra ATM, Kissan Dharam Kanta, Mansarovar"
INC-14773,Bhilwara,UPI Scam,16226,18:53,1-2 Hours,Mansarovar,"SBI ATM, VT Road Chauraha, Mansarovar"
INC-14774,Jaipur,UPI Scam,42956,12:54,12-24 Hours,Mansarovar,"Bank of Baroda ATM, Kissan Dharam Kanta, Mansarovar"
INC-14775,Sikar,Sextortion,74875,22:37,12-24 Hours,Sitapura Industrial,"Union Bank ATM, Mahatma Gandhi Hospital Road, Sitapura Industrial"
INC-14776,Ajmer,UPI Scam,4935,17:51,1-2 Hours,Bani Park,"ICICI ATM, Collectorate Circle, Bani Park"
INC-14777,Jaipur,UPI Scam,34297,12:44,12-24 Hours,Mansarovar,"Bank of Baroda ATM, Kissan Dharam Kanta, Mansarovar"
INC-14778,Kota,Investment Scam,189896,13:07,12-24 Hours,C-Scheme,"PNB ATM, Ashok Marg, C-Scheme"
INC-14779,Jaipur,KYC Fraud,22814,19:49,1-2 Hours,Vaishali Nagar,"Axis Bank ATM, Queens Road, Vaishali Nagar"
INC-14780,Jodhpur,OLX Scam,8863,21:13,1-2 Hours,Bani Park,"Kotak Mahindra ATM, Collectorate Circle, Bani Park"
INC-14781,Udaipur,Sextortion,62402,03:37,12-24 Hours,Sitapura Industrial,"Kotak Mahindra ATM, Mahatma Gandhi Hospital Road, Sitapura Industrial"
INC-14782,Bikaner,OLX Scam,16936,13:46,1-2 Hours,Vaishali Nagar,"Axis Bank ATM, Hanuman Nagar, Vaishali Nagar"
INC-14783,Jaipur,UPI Scam,16611,21:44,1-2 Hours,Mansarovar,"SBI ATM, Patrakar Colony, Mansarovar"
INC-14784,Jaipur,Sextortion,77883,01:40,12-24 Hours,Sitapura Industrial,"Kotak Mahindra ATM, India Gate, Sitapura Industrial"
INC-14785,Jaipur,KYC Fraud,20523,20:43,1-2 Hours,Malviya Nagar,"Bank of Baroda ATM, Gaurav Tower (GT) Road, Malviya Nagar"
INC-14786,Ajmer,Job Fraud,27370,11:48,1-2 Hours,Bani Park,"SBI ATM, Peetal Factory, Bani Park"
INC-14787,Jaipur,UPI Scam,41247,08:45,12-24 Hours,Mansarovar,"ICICI ATM, VT Road Chauraha, Mansarovar"
INC-14788,Jodhpur,OLX Scam,34038,14:50,12-24 Hours,Vaishali Nagar,"PNB ATM, Queens Road, Vaishali Nagar"
INC-14789,Kota,OLX Scam,25104,11:31,1-2 Hours,Vaishali Nagar,"Kotak Mahindra ATM, Nursery Circle, Vaishali Nagar"
INC-14790,Bhilwara,OLX Scam,15820,20:03,1-2 Hours,Vaishali Nagar,"HDFC ATM, Hanuman Nagar, Vaishali Nagar"
INC-14791,Bikaner,OLX Scam,28028,16:31,1-2 Hours,Vaishali Nagar,"Union Bank ATM, Hanuman Nagar, Vaishali Nagar"
INC-14792,Jaipur,Investment Scam,143270,15:51,12-24 Hours,C-Scheme,"SBI ATM, Ahinsa Circle, C-Scheme"
INC-14793,Ajmer,Investment Scam,108429,11:07,12-24 Hours,C-Scheme,"Axis Bank ATM, Ahinsa Circle, C-Scheme"
INC-14794,Jaipur,KYC Fraud,35053,13:06,12-24 Hours,Malviya Nagar,"ICICI ATM, Calgiri Road, Malviya Nagar"
INC-14795,Jaipur,Sextortion,25268,01:31,1-2 Hours,Sitapura Industrial,"Axis Bank ATM, India Gate, Sitapura Industrial"
INC-14796,Bhilwara,Sextortion,61651,02:26,12-24 Hours,Sitapura Industrial,"ICICI ATM, RIICO Phase 1, Sitapura Industrial"
INC-14797,Jaipur,Investment Scam,77077,12:35,12-24 Hours,C-Scheme,"Kotak Mahindra ATM, Ahinsa Circle, C-Scheme"
INC-14798,Bhilwara,UPI Scam,24035,12:42,1-2 Hours,Sitapura Industrial,"Union Bank ATM, Mahatma Gandhi Hospital Road, Sitapura Industrial"
INC-14799,Bikaner,Investment Scam,62476,12:13,12-24 Hours,Bani Park,"SBI ATM, Collectorate Circle, Bani Park"
INC-14800,Alwar,Loan App Fraud,17183,17:00,1-2 Hours,Vidyadhar Nagar,"HDFC ATM, National Highway 52 Bypass, Vidyadhar Nagar"
INC-14801,Jaipur,Loan App Fraud,22408,15:59,1-2 Hours,Mansarovar,"Kotak Mahindra ATM, Madhyam Marg, Mansarovar"
INC-14802,Udaipur,UPI Scam,20648,09:47,1-2 Hours,Mansarovar,"SBI ATM, Kissan Dharam Kanta, Mansarovar"
INC-14803,Bhilwara,OLX Scam,19569,18:07,1-2 Hours,Vaishali Nagar,"Bank of Baroda ATM, Amrapali Circle, Vaishali Nagar"
INC-14804,Tonk,Credit Card Cloning,99292,12:07,12-24 Hours,Pratap Nagar,"PNB ATM, Sector 16 Market, Pratap Nagar"
INC-14805,Udaipur,UPI Scam,42074,15:14,12-24 Hours,Mansarovar,"HDFC ATM, VT Road Chauraha, Mansarovar"
INC-14806,Alwar,UPI Scam,17129,11:00,1-2 Hours,Mansarovar,"ICICI ATM, Patrakar Colony, Mansarovar"
INC-14807,Udaipur,UPI Scam,38110,13:15,12-24 Hours,Mansarovar,"Bank of Baroda ATM, VT Road Chauraha, Mansarovar"
INC-14808,Ajmer,OLX Scam,11417,15:12,1-2 Hours,Vaishali Nagar,"Union Bank ATM, Queens Road, Vaishali Nagar"
INC-14809,Jaipur,UPI Scam,14521,14:25,1-2 Hours,Jagatpura,"PNB ATM, Mahal Road, Jagatpura"
INC-14810,Jaipur,KYC Fraud,21764,10:25,1-2 Hours,Malviya Nagar,"HDFC ATM, Apex Circle, Malviya Nagar"
INC-14811,Jodhpur,Loan App Fraud,57345,13:32,12-24 Hours,Bani Park,"Bank of Baroda ATM, Kabir Marg, Bani Park"
INC-14812,Sikar,Investment Scam,250101,12:32,12-24 Hours,C-Scheme,"SBI ATM, Ahinsa Circle, C-Scheme"
INC-14813,Jaipur,Credit Card Cloning,132690,14:33,12-24 Hours,C-Scheme,"HDFC ATM, MI Road Junction, C-Scheme"
INC-14814,Ajmer,Job Fraud,63861,09:29,12-24 Hours,Bani Park,"Bank of Baroda ATM, Collectorate Circle, Bani Park"
INC-14815,Tonk,UPI Scam,52835,15:40,12-24 Hours,Mansarovar,"Union Bank ATM, Kissan Dharam Kanta, Mansarovar"
INC-14816,Jodhpur,UPI Scam,17322,18:46,1-2 Hours,Bani Park,"PNB ATM, Sindhi Camp Bus Stand Road, Bani Park"
INC-14817,Alwar,KYC Fraud,24774,18:00,1-2 Hours,Bani Park,"Union Bank ATM, Sindhi Camp Bus Stand Road, Bani Park"
INC-14818,Jaipur,UPI Scam,38308,20:24,12-24 Hours,Malviya Nagar,"SBI ATM, Calgiri Road, Malviya Nagar"
INC-14819,Kota,KYC Fraud,18388,13:07,1-2 Hours,Malviya Nagar,"ICICI ATM, JLN Marg, Malviya Nagar"
INC-14820,Sikar,Job Fraud,67564,12:23,12-24 Hours,C-Scheme,"Bank of Baroda ATM, MI Road Junction, C-Scheme"
INC-14821,Jodhpur,Loan App Fraud,81962,10:19,12-24 Hours,Bani Park,"Kotak Mahindra ATM, Kabir Marg, Bani Park"
INC-14822,Udaipur,Loan App Fraud,30775,18:13,12-24 Hours,Bani Park,"ICICI ATM, Kabir Marg, Bani Park"
INC-14823,Jodhpur,UPI Scam,48162,15:03,12-24 Hours,Mansarovar,"PNB ATM, Patrakar Colony, Mansarovar"
INC-14824,Alwar,UPI Scam,30286,15:00,12-24 Hours,Mansarovar,"Axis Bank ATM, Kissan Dharam Kanta, Mansarovar"
INC-14825,Jodhpur,UPI Scam,6247,13:58,1-2 Hours,Mansarovar,"Bank of Baroda ATM, Patrakar Colony, Mansarovar"
INC-14826,Pali,Credit Card Cloning,44114,13:19,12-24 Hours,Bani Park,"SBI ATM, Kabir Marg, Bani Park"
INC-14827,Pali,Sextortion,36981,20:02,12-24 Hours,Sitapura Industrial,"Union Bank ATM, Mahatma Gandhi Hospital Road, Sitapura Industrial"
INC-14828,Jodhpur,Job Fraud,82099,13:39,12-24 Hours,Bani Park,"Axis Bank ATM, Peetal Factory, Bani Park"
INC-14829,Alwar,UPI Scam,33027,20:42,12-24 Hours,Mansarovar,"Kotak Mahindra ATM, Rajat Path, Mansarovar"
INC-14830,Tonk,KYC Fraud,11224,17:17,1-2 Hours,Bani Park,"PNB ATM, Peetal Factory, Bani Park"
INC-14831,Sikar,Investment Scam,298805,12:21,12-24 Hours,C-Scheme,"Kotak Mahindra ATM, Statue Circle, C-Scheme"
INC-14832,Pali,Job Fraud,150572,10:50,12-24 Hours,Bani Park,"PNB ATM, Sindhi Camp Bus Stand Road, Bani Park"
INC-14833,Tonk,Loan App Fraud,40876,12:07,12-24 Hours,Vidyadhar Nagar,"ICICI ATM, Alka Cinema Road, Vidyadhar Nagar"
INC-14834,Jaipur,Sextortion,69616,01:43,12-24 Hours,Sitapura Industrial,"ICICI ATM, EPI Zone, Sitapura Industrial"
INC-14835,Jaipur,UPI Scam,10228,19:53,1-2 Hours,Mansarovar,"Kotak Mahindra ATM, Patrakar Colony, Mansarovar"
INC-14836,Ajmer,Job Fraud,166730,16:11,12-24 Hours,Bani Park,"SBI ATM, Kabir Marg, Bani Park"
INC-14837,Ajmer,OLX Scam,17106,22:27,1-2 Hours,Vaishali Nagar,"Axis Bank ATM, Amrapali Circle, Vaishali Nagar"
INC-14838,Udaipur,Loan App Fraud,52924,15:06,12-24 Hours,Vidyadhar Nagar,"PNB ATM, Central Spine, Vidyadhar Nagar"
INC-14839,Kota,Credit Card Cloning,106839,14:21,12-24 Hours,Vidyadhar Nagar,"HDFC ATM, Central Spine, Vidyadhar Nagar"
INC-14840,Jaipur,Sextortion,24186,23:22,1-2 Hours,Sitapura Industrial,"PNB ATM, EPI Zone, Sitapura Industrial"
INC-14841,Pali,OLX Scam,25881,15:32,1-2 Hours,Bani Park,"PNB ATM, Sindhi Camp Bus Stand Road, Bani Park"
INC-14842,Udaipur,KYC Fraud,15156,15:26,1-2 Hours,Bani Park,"Bank of Baroda ATM, Kabir Marg, Bani Park"
INC-14843,Udaipur,Job Fraud,88211,13:10,12-24 Hours,C-Scheme,"Kotak Mahindra ATM, Statue Circle, C-Scheme"
INC-14844,Sikar,OLX Scam,33023,20:42,12-24 Hours,Vaishali Nagar,"HDFC ATM, Hanuman Nagar, Vaishali Nagar"
INC-14845,Tonk,KYC Fraud,23846,12:43,1-2 Hours,Bani Park,"PNB ATM, Collectorate Circle, Bani Park"
INC-14846,Jaipur,UPI Scam,41940,13:51,12-24 Hours,Mansarovar,"Union Bank ATM, Kissan Dharam Kanta, Mansarovar"
INC-14847,Sikar,UPI Scam,26590,13:06,1-2 Hours,Vaishali Nagar,"HDFC ATM, Hanuman Nagar, Vaishali Nagar"
INC-14848,Udaipur,UPI Scam,28835,11:46,1-2 Hours,Mansarovar,"Union Bank ATM, Patrakar Colony, Mansarovar"
INC-14849,Alwar,Sextortion,59964,21:18,12-24 Hours,Vidyadhar Nagar,"PNB ATM, Sector 2, Vidyadhar Nagar"
INC-14850,Jaipur,KYC Fraud,38415,16:07,12-24 Hours,Malviya Nagar,"ICICI ATM, JLN Marg, Malviya Nagar"
INC-14851,Jaipur,Investment Scam,109636,12:34,12-24 Hours,Malviya Nagar,"PNB ATM, JLN Marg, Malviya Nagar"
INC-14852,Udaipur,Investment Scam,100067,12:50,12-24 Hours,C-Scheme,"Bank of Baroda ATM, Ashok Marg, C-Scheme"
INC-14853,Pali,Loan App Fraud,32440,18:37,12-24 Hours,Bani Park,"Kotak Mahindra ATM, Kabir Marg, Bani Park"
INC-14854,Jaipur,KYC Fraud,27151,16:35,1-2 Hours,Mansarovar,"PNB ATM, VT Road Chauraha, Mansarovar"
INC-14855,Jaipur,UPI Scam,22879,13:23,1-2 Hours,Mansarovar,"HDFC ATM, Kissan Dharam Kanta, Mansarovar"
INC-14856,Pali,UPI Scam,22169,09:43,1-2 Hours,Mansarovar,"HDFC ATM, Kaveri Path, Mansarovar"
INC-14857,Alwar,Investment Scam,171229,12:27,12-24 Hours,Vidyadhar Nagar,"ICICI ATM, Sector 2, Vidyadhar Nagar"
INC-14858,Jaipur,OLX Scam,19807,09:53,1-2 Hours,Malviya Nagar,"Axis Bank ATM, JLN Marg, Malviya Nagar"
INC-14859,Jaipur,OLX Scam,7331,10:37,1-2 Hours,Vaishali Nagar,"ICICI ATM, Gandhi Path, Vaishali Nagar"
INC-14860,Kota,Sextortion,141280,22:36,12-24 Hours,Sitapura Industrial,"Axis Bank ATM, EPI Zone, Sitapura Industrial"
INC-14861,Jaipur,UPI Scam,13403,13:44,1-2 Hours,Mansarovar,"Axis Bank ATM, Kaveri Path, Mansarovar"
INC-14862,Tonk,Job Fraud,30565,16:40,12-24 Hours,Jagatpura,"ICICI ATM, NRI Colony, Jagatpura"
INC-14863,Udaipur,Credit Card Cloning,124684,16:44,12-24 Hours,Pratap Nagar,"ICICI ATM, Sector 11, Pratap Nagar"
INC-14864,Udaipur,OLX Scam,30541,10:15,12-24 Hours,Vaishali Nagar,"SBI ATM, Gandhi Path, Vaishali Nagar"
INC-14865,Udaipur,UPI Scam,31128,16:38,12-24 Hours,Jagatpura,"Union Bank ATM, SKIT College Road, Jagatpura"
INC-14866,Tonk,Sextortion,48992,01:44,12-24 Hours,Sitapura Industrial,"SBI ATM, EPI Zone, Sitapura Industrial"
INC-14867,Jaipur,Job Fraud,65183,13:39,12-24 Hours,C-Scheme,"Axis Bank ATM, Subhash Marg, C-Scheme"
INC-14868,Alwar,Job Fraud,80206,17:50,12-24 Hours,Bani Park,"SBI ATM, Sindhi Camp Bus Stand Road, Bani Park"
INC-14869,Jaipur,Sextortion,122016,21:52,12-24 Hours,Sitapura Industrial,"Bank of Baroda ATM, India Gate, Sitapura Industrial"
INC-14870,Kota,Job Fraud,108068,11:40,12-24 Hours,Vidyadhar Nagar,"Union Bank ATM, Sector 2, Vidyadhar Nagar"
INC-14871,Jaipur,Sextortion,23957,00:03,1-2 Hours,Sitapura Industrial,"ICICI ATM, India Gate, Sitapura Industrial"
INC-14872,Bikaner,KYC Fraud,31283,10:17,12-24 Hours,Bani Park,"SBI ATM, Collectorate Circle, Bani Park"
INC-14873,Sikar,UPI Scam,9163,18:02,1-2 Hours,Mansarovar,"HDFC ATM, VT Road Chauraha, Mansarovar"
INC-14874,Tonk,OLX Scam,12264,12:13,1-2 Hours,Vaishali Nagar,"Kotak Mahindra ATM, Gandhi Path, Vaishali Nagar"
INC-14875,Bikaner,Job Fraud,172161,12:29,12-24 Hours,C-Scheme,"ICICI ATM, Subhash Marg, C-Scheme"
INC-14876,Tonk,UPI Scam,17852,16:04,1-2 Hours,Mansarovar,"Bank of Baroda ATM, Rajat Path, Mansarovar"
INC-14877,Sikar,KYC Fraud,32188,15:44,12-24 Hours,Jhotwara,"PNB ATM, Kalwar Road, Jhotwara"
INC-14878,Jodhpur,Job Fraud,94671,18:30,12-24 Hours,Bani Park,"Axis Bank ATM, Sindhi Camp Bus Stand Road, Bani Park"
INC-14879,Kota,Investment Scam,128509,10:30,12-24 Hours,C-Scheme,"Axis Bank ATM, Ashok Marg, C-Scheme"
INC-14880,Udaipur,Credit Card Cloning,212182,14:04,12-24 Hours,Pratap Nagar,"Axis Bank ATM, Sector 16 Market, Pratap Nagar"
INC-14881,Ajmer,Credit Card Cloning,183401,14:48,12-24 Hours,Pratap Nagar,"ICICI ATM, Kumbha Marg, Pratap Nagar"
INC-14882,Alwar,Loan App Fraud,8915,12:40,1-2 Hours,C-Scheme,"Kotak Mahindra ATM, Subhash Marg, C-Scheme"
INC-14883,Jaipur,UPI Scam,20204,14:48,1-2 Hours,Mansarovar,"HDFC ATM, Kissan Dharam Kanta, Mansarovar"
INC-14884,Jaipur,UPI Scam,11733,16:14,1-2 Hours,Mansarovar,"PNB ATM, Madhyam Marg, Mansarovar"
INC-14885,Bikaner,Sextortion,93948,04:27,12-24 Hours,Sitapura Industrial,"HDFC ATM, India Gate, Sitapura Industrial"
INC-14886,Alwar,Investment Scam,244017,13:33,12-24 Hours,C-Scheme,"HDFC ATM, Ahinsa Circle, C-Scheme"
INC-14887,Jodhpur,Investment Scam,160651,14:43,12-24 Hours,Bani Park,"Axis Bank ATM, Sindhi Camp Bus Stand Road, Bani Park"
INC-14888,Jaipur,UPI Scam,13986,11:22,1-2 Hours,Mansarovar,"PNB ATM, VT Road Chauraha, Mansarovar"
INC-14889,Pali,UPI Scam,46543,13:24,12-24 Hours,Mansarovar,"PNB ATM, Kaveri Path, Mansarovar"
INC-14890,Jaipur,UPI Scam,6705,08:25,1-2 Hours,Mansarovar,"SBI ATM, Patrakar Colony, Mansarovar"
INC-14891,Jaipur,Loan App Fraud,91214,14:03,12-24 Hours,C-Scheme,"PNB ATM, Ahinsa Circle, C-Scheme"
INC-14892,Ajmer,UPI Scam,4802,13:21,1-2 Hours,Mansarovar,"HDFC ATM, Rajat Path, Mansarovar"
INC-14893,Jaipur,UPI Scam,16518,09:38,1-2 Hours,Mansarovar,"Bank of Baroda ATM, Kissan Dharam Kanta, Mansarovar"
INC-14894,Udaipur,Job Fraud,76389,12:28,12-24 Hours,C-Scheme,"Kotak Mahindra ATM, MI Road Junction, C-Scheme"
INC-14895,Jaipur,KYC Fraud,46792,12:49,12-24 Hours,Malviya Nagar,"Axis Bank ATM, Apex Circle, Malviya Nagar"
INC-14896,Tonk,KYC Fraud,22319,12:45,1-2 Hours,C-Scheme,"PNB ATM, MI Road Junction, C-Scheme"
INC-14897,Ajmer,KYC Fraud,23599,16:48,1-2 Hours,Bani Park,"HDFC ATM, Peetal Factory, Bani Park"
INC-14898,Jaipur,Job Fraud,51002,12:33,12-24 Hours,Mansarovar,"Axis Bank ATM, Patrakar Colony, Mansarovar"
INC-14899,Jodhpur,KYC Fraud,12388,16:39,1-2 Hours,Jhotwara,"Axis Bank ATM, Triton Mall Road, Jhotwara"
INC-14900,Jaipur,UPI Scam,27602,19:04,1-2 Hours,Jhotwara,"PNB ATM, Panchawala, Jhotwara"
INC-14901,Sikar,UPI Scam,10585,22:39,1-2 Hours,Mansarovar,"Union Bank ATM, Kaveri Path, Mansarovar"
INC-14902,Ajmer,Loan App Fraud,33899,13:15,12-24 Hours,Bani Park,"Union Bank ATM, Sindhi Camp Bus Stand Road, Bani Park"
INC-14903,Jaipur,Credit Card Cloning,236000,20:06,12-24 Hours,Bani Park,"HDFC ATM, Kabir Marg, Bani Park"
INC-14904,Tonk,UPI Scam,7637,13:23,1-2 Hours,Mansarovar,"Union Bank ATM, Kaveri Path, Mansarovar"
INC-14905,Bikaner,Credit Card Cloning,142538,19:13,12-24 Hours,Pratap Nagar,"Kotak Mahindra ATM, Sector 16 Market, Pratap Nagar"
INC-14906,Udaipur,Job Fraud,71608,12:53,12-24 Hours,Bani Park,"ICICI ATM, Collectorate Circle, Bani Park"
INC-14907,Alwar,KYC Fraud,38164,19:13,12-24 Hours,Bani Park,"PNB ATM, Kabir Marg, Bani Park"
INC-14908,Ajmer,Investment Scam,82217,16:43,12-24 Hours,C-Scheme,"HDFC ATM, Statue Circle, C-Scheme"
INC-14909,Jodhpur,Sextortion,86264,23:55,12-24 Hours,Sitapura Industrial,"Kotak Mahindra ATM, Mahatma Gandhi Hospital Road, Sitapura Industrial"
INC-14910,Jaipur,Investment Scam,144174,11:34,12-24 Hours,C-Scheme,"PNB ATM, Ahinsa Circle, C-Scheme"
INC-14911,Sikar,KYC Fraud,7456,16:16,1-2 Hours,Jhotwara,"PNB ATM, Kanta Chauraha, Jhotwara"
INC-14912,Udaipur,UPI Scam,6002,11:35,1-2 Hours,Mansarovar,"ICICI ATM, Kissan Dharam Kanta, Mansarovar"
INC-14913,Jodhpur,UPI Scam,14991,14:29,1-2 Hours,Mansarovar,"PNB ATM, Madhyam Marg, Mansarovar"
INC-14914,Jaipur,UPI Scam,25717,15:28,1-2 Hours,Mansarovar,"SBI ATM, VT Road Chauraha, Mansarovar"
INC-14915,Ajmer,Loan App Fraud,77761,10:35,12-24 Hours,Bani Park,"HDFC ATM, Collectorate Circle, Bani Park"
INC-14916,Alwar,KYC Fraud,28236,13:12,1-2 Hours,Bani Park,"SBI ATM, Collectorate Circle, Bani Park"
INC-14917,Ajmer,Credit Card Cloning,66330,18:44,12-24 Hours,Bani Park,"Union Bank ATM, Peetal Factory, Bani Park"
INC-14918,Kota,Investment Scam,202120,15:33,12-24 Hours,C-Scheme,"Union Bank ATM, Ahinsa Circle, C-Scheme"
INC-14919,Jodhpur,KYC Fraud,42236,16:50,12-24 Hours,Bani Park,"Kotak Mahindra ATM, Sindhi Camp Bus Stand Road, Bani Park"
INC-14920,Jaipur,Job Fraud,42768,13:08,12-24 Hours,Jagatpura,"ICICI ATM, Ramnagariya, Jagatpura"
INC-14921,Jaipur,Investment Scam,143769,12:36,12-24 Hours,C-Scheme,"Bank of Baroda ATM, Ashok Marg, C-Scheme"
INC-14922,Udaipur,UPI Scam,14278,13:36,1-2 Hours,Mansarovar,"Axis Bank ATM, Patrakar Colony, Mansarovar"
INC-14923,Alwar,OLX Scam,6073,15:44,1-2 Hours,Vaishali Nagar,"SBI ATM, Amrapali Circle, Vaishali Nagar"
INC-14924,Jaipur,Job Fraud,46982,11:10,12-24 Hours,Jagatpura,"SBI ATM, 7 Number Stand, Jagatpura"
INC-14925,Bikaner,KYC Fraud,52604,12:26,12-24 Hours,Jhotwara,"Kotak Mahindra ATM, Lata Circle, Jhotwara"
INC-14926,Ajmer,UPI Scam,7003,11:51,1-2 Hours,Mansarovar,"Bank of Baroda ATM, VT Road Chauraha, Mansarovar"
INC-14927,Jaipur,Loan App Fraud,70054,11:29,12-24 Hours,C-Scheme,"PNB ATM, Statue Circle, C-Scheme"
INC-14928,Jodhpur,KYC Fraud,51383,15:14,12-24 Hours,Jhotwara,"Axis Bank ATM, Panchawala, Jhotwara"
INC-14929,Jaipur,KYC Fraud,61961,15:50,12-24 Hours,Jagatpura,"PNB ATM, SKIT College Road, Jagatpura"
INC-14930,Jaipur,KYC Fraud,22572,13:53,1-2 Hours,Malviya Nagar,"ICICI ATM, Sector 3 Market, Malviya Nagar"
INC-14931,Bikaner,Credit Card Cloning,89606,15:40,12-24 Hours,Jhotwara,"PNB ATM, Kalwar Road, Jhotwara"
INC-14932,Alwar,Loan App Fraud,34619,13:16,12-24 Hours,Vidyadhar Nagar,"ICICI ATM, Sector 2, Vidyadhar Nagar"
INC-14933,Alwar,KYC Fraud,40186,19:14,12-24 Hours,Jhotwara,"ICICI ATM, Kalwar Road, Jhotwara"
INC-14934,Kota,Job Fraud,109489,12:04,12-24 Hours,Jagatpura,"PNB ATM, Mahal Road, Jagatpura"
INC-14935,Bhilwara,Loan App Fraud,54702,15:43,12-24 Hours,Vidyadhar Nagar,"HDFC ATM, National Highway 52 Bypass, Vidyadhar Nagar"
INC-14936,Jaipur,KYC Fraud,15351,18:08,1-2 Hours,Malviya Nagar,"Bank of Baroda ATM, JLN Marg, Malviya Nagar"
INC-14937,Bikaner,Job Fraud,134740,15:50,12-24 Hours,Bani Park,"HDFC ATM, Sindhi Camp Bus Stand Road, Bani Park"
INC-14938,Tonk,Sextortion,126713,23:29,12-24 Hours,Sitapura Industrial,"PNB ATM, RIICO Phase 1, Sitapura Industrial"
INC-14939,Sikar,Job Fraud,75474,15:03,12-24 Hours,Vaishali Nagar,"ICICI ATM, Queens Road, Vaishali Nagar"
INC-14940,Kota,Credit Card Cloning,81694,19:06,12-24 Hours,Pratap Nagar,"SBI ATM, Sector 16 Market, Pratap Nagar"
INC-14941,Jaipur,Loan App Fraud,51880,16:15,12-24 Hours,C-Scheme,"ICICI ATM, Ashok Marg, C-Scheme"
INC-14942,Bikaner,OLX Scam,9875,12:57,1-2 Hours,Vaishali Nagar,"PNB ATM, Queens Road, Vaishali Nagar"
INC-14943,Bikaner,UPI Scam,3999,12:48,1-2 Hours,Mansarovar,"ICICI ATM, Rajat Path, Mansarovar"
INC-14944,Jaipur,Job Fraud,154652,10:43,12-24 Hours,C-Scheme,"SBI ATM, Ashok Marg, C-Scheme"
INC-14945,Jaipur,UPI Scam,5299,16:47,1-2 Hours,Mansarovar,"Axis Bank ATM, VT Road Chauraha, Mansarovar"
INC-14946,Alwar,Loan App Fraud,15469,18:59,1-2 Hours,Vidyadhar Nagar,"Bank of Baroda ATM, National Highway 52 Bypass, Vidyadhar Nagar"
INC-14947,Sikar,KYC Fraud,12763,14:34,1-2 Hours,Jhotwara,"Bank of Baroda ATM, Triton Mall Road, Jhotwara"
INC-14948,Sikar,Investment Scam,202211,14:01,12-24 Hours,C-Scheme,"Axis Bank ATM, Ahinsa Circle, C-Scheme"
INC-14949,Ajmer,KYC Fraud,67618,14:58,12-24 Hours,C-Scheme,"Union Bank ATM, MI Road Junction, C-Scheme"
INC-14950,Jaipur,Loan App Fraud,77689,10:38,12-24 Hours,Vidyadhar Nagar,"ICICI ATM, Sector 2, Vidyadhar Nagar"
INC-14951,Jodhpur,UPI Scam,28903,10:54,1-2 Hours,Vaishali Nagar,"Bank of Baroda ATM, Hanuman Nagar, Vaishali Nagar"
INC-14952,Kota,Sextortion,48183,01:55,12-24 Hours,Bani Park,"PNB ATM, Kabir Marg, Bani Park"
INC-14953,Jodhpur,Credit Card Cloning,150509,17:34,12-24 Hours,Bani Park,"Union Bank ATM, Collectorate Circle, Bani Park"
INC-14954,Bikaner,Sextortion,44199,23:02,12-24 Hours,Sitapura Industrial,"SBI ATM, India Gate, Sitapura Industrial"
INC-14955,Udaipur,Loan App Fraud,47018,12:18,12-24 Hours,Bani Park,"SBI ATM, Peetal Factory, Bani Park"
INC-14956,Jaipur,UPI Scam,17239,12:39,1-2 Hours,Mansarovar,"Union Bank ATM, VT Road Chauraha, Mansarovar"
INC-14957,Jaipur,UPI Scam,26411,12:40,1-2 Hours,Mansarovar,"Union Bank ATM, VT Road Chauraha, Mansarovar"
INC-14958,Jaipur,Sextortion,110192,00:48,12-24 Hours,Sitapura Industrial,"ICICI ATM, RIICO Phase 1, Sitapura Industrial"
INC-14959,Jaipur,KYC Fraud,58125,15:59,12-24 Hours,Bani Park,"Kotak Mahindra ATM, Kabir Marg, Bani Park"
INC-14960,Jaipur,KYC Fraud,69396,17:04,12-24 Hours,Jhotwara,"PNB ATM, Triton Mall Road, Jhotwara"
INC-14961,Tonk,Sextortion,63818,22:34,12-24 Hours,Sitapura Industrial,"ICICI ATM, RIICO Phase 1, Sitapura Industrial"
INC-14962,Jaipur,Loan App Fraud,71296,16:05,12-24 Hours,Vaishali Nagar,"HDFC ATM, Nursery Circle, Vaishali Nagar"
INC-14963,Alwar,Sextortion,30440,22:18,12-24 Hours,Vidyadhar Nagar,"SBI ATM, Alka Cinema Road, Vidyadhar Nagar"
INC-14964,Jaipur,Investment Scam,221035,14:51,12-24 Hours,C-Scheme,"Kotak Mahindra ATM, Ahinsa Circle, C-Scheme"
INC-14965,Jaipur,Job Fraud,97528,10:53,12-24 Hours,C-Scheme,"PNB ATM, Subhash Marg, C-Scheme"
INC-14966,Kota,Loan App Fraud,33819,10:41,12-24 Hours,Vidyadhar Nagar,"Kotak Mahindra ATM, Alka Cinema Road, Vidyadhar Nagar"
INC-14967,Jaipur,Loan App Fraud,37320,18:03,12-24 Hours,Mansarovar,"HDFC ATM, Madhyam Marg, Mansarovar"
INC-14968,Udaipur,Investment Scam,46681,14:41,12-24 Hours,C-Scheme,"SBI ATM, Ahinsa Circle, C-Scheme"
INC-14969,Jaipur,UPI Scam,15357,13:21,1-2 Hours,Mansarovar,"Kotak Mahindra ATM, Rajat Path, Mansarovar"
INC-14970,Ajmer,KYC Fraud,44051,13:40,12-24 Hours,Vaishali Nagar,"Axis Bank ATM, Nursery Circle, Vaishali Nagar"
INC-14971,Udaipur,Investment Scam,164040,15:52,12-24 Hours,Bani Park,"HDFC ATM, Collectorate Circle, Bani Park"
INC-14972,Ajmer,Job Fraud,90953,16:34,12-24 Hours,Bani Park,"Union Bank ATM, Kabir Marg, Bani Park"
INC-14973,Sikar,KYC Fraud,13340,17:16,1-2 Hours,Jhotwara,"Axis Bank ATM, Panchawala, Jhotwara"
INC-14974,Bhilwara,UPI Scam,25639,14:01,1-2 Hours,Mansarovar,"SBI ATM, Madhyam Marg, Mansarovar"
INC-14975,Jaipur,Loan App Fraud,33468,13:50,12-24 Hours,Vaishali Nagar,"Kotak Mahindra ATM, Queens Road, Vaishali Nagar"
INC-14976,Sikar,Loan App Fraud,18921,12:03,1-2 Hours,Vaishali Nagar,"ICICI ATM, Gandhi Path, Vaishali Nagar"
INC-14977,Jaipur,Investment Scam,142363,10:43,12-24 Hours,C-Scheme,"Kotak Mahindra ATM, Statue Circle, C-Scheme"
INC-14978,Jaipur,UPI Scam,33358,09:56,12-24 Hours,Mansarovar,"SBI ATM, Kaveri Path, Mansarovar"
INC-14979,Sikar,Credit Card Cloning,208818,01:44,12-24 Hours,Pratap Nagar,"PNB ATM, Sector 11, Pratap Nagar"
INC-14980,Bhilwara,UPI Scam,52513,16:06,12-24 Hours,Mansarovar,"ICICI ATM, Madhyam Marg, Mansarovar"
INC-14981,Jaipur,UPI Scam,17444,10:57,1-2 Hours,Mansarovar,"Union Bank ATM, Kissan Dharam Kanta, Mansarovar"
INC-14982,Jodhpur,OLX Scam,11039,10:07,1-2 Hours,Vaishali Nagar,"Axis Bank ATM, Nursery Circle, Vaishali Nagar"
INC-14983,Jaipur,Sextortion,9880,23:47,1-2 Hours,Sitapura Industrial,"PNB ATM, Tonk Road Junction, Sitapura Industrial"
INC-14984,Bikaner,UPI Scam,19948,12:12,1-2 Hours,Bani Park,"Kotak Mahindra ATM, Kabir Marg, Bani Park"
INC-14985,Alwar,OLX Scam,7141,11:51,1-2 Hours,Vaishali Nagar,"Union Bank ATM, Nursery Circle, Vaishali Nagar"
INC-14986,Kota,Credit Card Cloning,127515,03:47,12-24 Hours,Sitapura Industrial,"Axis Bank ATM, Tonk Road Junction, Sitapura Industrial"
INC-14987,Bikaner,UPI Scam,28623,09:50,1-2 Hours,Vaishali Nagar,"SBI ATM, Nursery Circle, Vaishali Nagar"
INC-14988,Alwar,UPI Scam,27098,17:14,1-2 Hours,Mansarovar,"Axis Bank ATM, VT Road Chauraha, Mansarovar"
INC-14989,Jaipur,OLX Scam,29130,11:40,1-2 Hours,Vaishali Nagar,"HDFC ATM, Queens Road, Vaishali Nagar"
INC-14990,Tonk,Job Fraud,104086,14:25,12-24 Hours,C-Scheme,"PNB ATM, Ahinsa Circle, C-Scheme"
INC-14991,Jaipur,Investment Scam,173676,13:11,12-24 Hours,C-Scheme,"SBI ATM, Subhash Marg, C-Scheme"
INC-14992,Ajmer,Investment Scam,69381,15:59,12-24 Hours,C-Scheme,"Axis Bank ATM, Ahinsa Circle, C-Scheme"
INC-14993,Ajmer,UPI Scam,46677,15:13,12-24 Hours,Mansarovar,"PNB ATM, Kaveri Path, Mansarovar"
INC-14994,Jodhpur,KYC Fraud,29936,16:31,1-2 Hours,Bani Park,"Axis Bank ATM, Kabir Marg, Bani Park"
INC-14995,Jaipur,Loan App Fraud,21519,16:15,1-2 Hours,Vaishali Nagar,"Union Bank ATM, Queens Road, Vaishali Nagar"
INC-14996,Jaipur,KYC Fraud,28491,11:33,1-2 Hours,Malviya Nagar,"Axis Bank ATM, Apex Circle, Malviya Nagar"
INC-14997,Udaipur,Job Fraud,160452,11:35,12-24 Hours,Bani Park,"ICICI ATM, Collectorate Circle, Bani Park"
INC-14998,Jaipur,OLX Scam,23298,13:55,1-2 Hours,Vaishali Nagar,"Axis Bank ATM, Amrapali Circle, Vaishali Nagar"
INC-14999,Pali,KYC Fraud,10661,15:25,1-2 Hours,Bani Park,"Union Bank ATM, Peetal Factory, Bani Park"
INC-15000,Jaipur,UPI Scam,35178,15:27,12-24 Hours,Vaishali Nagar,"PNB ATM, Nursery Circle, Vaishali Nagar"
